RSSI,Avg_RSSI,RSSI_Variation,WiFi_Channel,Packet_Count,Packet_Rate,Avg_Packet_Size,Max_Packet_Size,Data_Rate,Inter_Arrival_Time,Connection_Attempts,Auth_Failures,Invalid_Commands,Repeated_Requests,Command_Frequency,Label
-61.238513297366296,-55.10189806088852,4.985043170569671,11,306,47.68,270.64,397.51,12904.01,0.01324,24,15,10,38,54.39,1
-44.97755891267575,-41.13239391064528,1.971074940854256,6,86,12.6,71.62,120.68,902.02,0.0493,1,0,0,2,3.06,0
-68.3718014879713,-57.189361387428285,7.2981940238212175,6,623,69.58,440.42,899.95,30645.25,0.02109,26,14,9,40,31.38,1
-52.313130539315075,-50.49806024085722,3.2183479613308372,11,47,9.02,91.43,247.58,825.14,0.1391,0,0,0,2,2.54,0
-63.197140042441404,-66.35793775380252,7.997922258121884,11,454,73.9,240.49,426.87,17773.02,0.01793,35,10,6,37,98.14,1
-45.17739616509858,-52.61628368004939,1.3553997622131828,1,40,6.92,137.91,232.63,953.82,0.1576,2,0,0,2,2.37,0
-52.94607524922691,-50.77981285182574,1.5883376238312468,6,101,14.69,166.64,187.13,2447.77,0.0542,1,0,0,1,4.92,0
-76.13950334403827,-34.0679662112937,7.484266130100126,11,447,81.81,233.75,371.98,19124.08,0.01708,17,9,11,45,50.73,1
-48.545976082714134,-55.077968495180464,1.3702046017039482,6,16,2.02,95.9,135.46,193.81,0.5034,1,0,0,4,3.56,0
-55.93051975782379,-58.73903744339549,11.248174678073728,1,726,86.95,322.94,651.98,28079.1,0.00719,16,8,10,37,72.85,1
-69.49098863475486,-60.50926392929268,7.585724615071465,1,602,75.05,232.25,501.14,17430.77,0.00967,21,11,4,51,47.03,1
-58.324741126033906,-56.130712705625285,1.3029456445767635,1,31,3.63,92.55,233.33,335.81,0.2711,0,0,0,2,3.36,0
-53.91794235427902,-62.09083453976608,1.906843492661918,1,48,6.99,88.42,130.71,617.85,0.1671,1,0,0,2,3.28,0
-71.10655101537971,-38.23816887699981,5.5103597952594185,1,566,79.08,369.83,674.33,29248.3,0.01066,18,15,6,39,54.67,1
-60.9016591090067,-64.81638418198573,8.40538347365163,11,376,71.65,555.24,735.37,39783.76,0.01664,26,19,11,28,51.51,1
-47.50377997449654,-53.87257192027775,1.4332207624426,1,71,9.17,96.62,200.68,885.9,0.0853,2,0,0,3,2.27,0
-42.08860007795912,-48.27281464328259,2.5487871050346307,11,26,3.22,115.49,178.28,372.06,0.3475,1,0,0,4,4.95,0
-44.331343119529336,-46.065612271746765,2.663722255058018,11,44,7.15,113.14,197.8,808.61,0.123,1,0,0,0,2.5,0
-61.87192266440266,-67.13742890461158,7.4539895800444,6,362,66.09,505.73,967.8,33426.0,0.01616,15,13,7,38,28.21,1
-61.07315914606757,-38.78945685715287,1.5043802265105954,6,554,59.02,328.38,810.63,19380.95,0.02301,23,13,3,35,89.87,1
-50.59404791906849,-48.61173998072103,3.2765655517115757,6,49,8.35,150.92,211.78,1260.15,0.112,0,0,0,2,2.8,0
-59.19952968658889,-48.52438112860713,1.6422199980081524,11,77,7.69,140.47,267.17,1080.11,0.1505,2,0,0,1,3.09,0
-55.33024383518832,-55.210176725850246,3.185048963650514,11,49,9.67,58.92,183.06,569.53,0.1179,2,0,0,1,4.03,0
-47.75173331744388,-40.560410987369636,6.407400387313652,6,1039,124.68,373.93,707.15,46620.05,0.001,20,8,11,37,46.51,1
-49.532762519679004,-44.804977187936764,1.936274849102204,1,44,6.87,65.94,117.84,452.79,0.1168,2,0,0,4,4.45,0
-48.81767236187656,-78.66400726171777,8.383176295970536,6,672,89.27,120.0,598.55,10712.31,0.00345,27,11,8,49,65.25,1
-48.709383789866244,-58.80823900691383,9.69738615175309,6,383,51.92,272.51,500.61,14149.97,0.03297,26,5,8,40,50.2,1
-49.21936162914706,-62.26280829743965,1.2373254879816775,11,93,10.19,82.86,125.47,843.98,0.1153,2,0,0,2,2.81,0
-48.904445565743806,-49.89872501284884,1.2487193664773133,6,66,8.89,100.18,118.65,890.41,0.1106,0,0,0,1,5.0,0
-57.93967482746849,-45.206104344715925,1.5578190030406946,11,35,5.0,129.43,197.28,646.63,0.2033,1,0,0,2,2.17,0
-54.15269435301911,-57.672296076158894,3.2070407250968995,11,77,9.02,137.58,189.27,1241.08,0.0983,1,0,0,2,6.22,0
-43.582354321904646,-45.72221519506202,6.730400995225483,1,455,53.35,437.85,529.58,23359.77,0.02392,28,11,10,49,49.98,1
-63.667305530931664,-36.0,2.1931316874397018,1,133,13.39,62.53,141.99,837.52,0.0829,2,0,0,0,5.07,0
-66.1385607483478,-45.94642696031151,4.432134439977531,6,609,62.6,499.08,956.45,31241.1,0.02279,28,15,2,39,60.44,1
-50.0585907419585,-70.66292839071602,3.986150645860495,1,48,8.46,109.76,182.75,928.34,0.1159,2,1,0,2,3.46,0
-64.96696040492269,-49.70277318777117,2.468415250786869,1,69,7.76,110.4,219.79,856.8,0.103,1,0,1,1,1.21,0
-76.23490685558566,-62.35271875562289,7.646248419175645,1,1057,119.55,315.15,760.44,37677.24,0.00226,17,7,8,34,63.0,1
-50.84139176588266,-43.18165741294873,2.602689770954466,6,69,11.51,146.65,191.67,1688.51,0.0771,1,0,0,2,1.67,0
-55.08967618656165,-54.684781829238894,3.4802337687226634,1,17,2.73,93.1,192.12,254.14,0.3739,0,0,0,2,2.77,0
-40.25701385087213,-56.653656875569624,2.5489383927081115,1,36,4.53,127.2,204.79,575.92,0.2197,2,0,0,1,3.06,0
-52.810624569802364,-52.726170494679856,2.0442749891594896,1,35,4.68,72.53,96.18,339.35,0.1931,2,0,1,3,3.13,0
-50.80644269786245,-53.36480576564402,2.999022600717744,11,50,9.76,75.6,80.0,737.71,0.1182,0,0,0,3,3.45,0
-59.32964204536518,-57.00157529841938,2.4899831048837004,11,50,9.38,45.32,95.56,425.01,0.1055,1,0,0,2,4.39,0
-47.57336665203941,-53.65185527417233,2.2864125421167594,6,77,10.3,127.38,173.89,1312.25,0.0863,1,0,0,1,3.25,0
-66.5631535673565,-65.11737663045544,7.208116944535647,6,243,45.38,301.94,527.98,13701.43,0.01959,21,12,15,39,78.67,1
-72.59765177706711,-45.763008982935574,10.250202685233102,1,608,82.8,306.56,582.24,25382.18,0.01567,29,12,9,46,80.42,1
-71.39954417671967,-72.82335639421906,3.734973721647242,6,511,51.93,454.17,1213.33,23583.52,0.01851,27,22,7,39,82.23,1
-45.08926852911613,-51.45223736694727,1.6323763697729514,6,51,9.4,59.53,176.57,559.73,0.0999,0,0,0,3,2.23,0
-64.8849411626091,-65.77338879201612,9.016268718852494,11,505,82.42,396.51,536.34,32679.12,0.00583,29,12,9,39,84.65,1
-51.774303008838835,-67.20805908417988,6.6448213688933855,6,277,52.69,198.11,436.24,10439.39,0.0241,19,13,8,47,93.53,1
-36.06422917319837,-51.60536994887403,1.4538177802694117,6,34,6.21,85.0,141.65,528.01,0.1467,2,0,0,1,1.66,0
-67.78740497973375,-50.93689586312468,6.4183374659196115,11,503,73.43,299.25,627.41,21973.01,0.00961,22,12,11,49,48.2,1
-44.268534823561026,-50.38984607188886,2.3068393230613715,6,64,9.93,40.24,101.67,399.64,0.1024,1,0,0,1,2.93,0
-62.32274565633806,-66.1199070686939,3.966767536207355,11,1002,104.33,290.14,595.13,30270.11,0.01972,33,11,5,37,55.83,1
-49.07050647814731,-49.438957119871446,1.3200283183873245,11,24,2.98,126.09,169.23,375.23,0.3117,1,0,0,1,1.87,0
-70.41940931638568,-44.82929091543607,6.596468780909665,1,805,97.95,356.0,584.62,34871.62,0.01489,14,13,7,38,79.24,1
-38.31715239212127,-44.10858022753431,3.171484895009284,1,37,7.24,83.31,167.58,602.98,0.1322,1,0,0,1,2.37,0
-49.057465119101636,-55.715903947739186,2.529750744658862,6,76,8.77,128.94,180.0,1130.23,0.0784,0,0,0,2,0.9,0
-37.00382876445133,-56.62386903934283,4.397945149273511,6,348,42.58,120.0,578.97,5109.2,0.02572,25,12,4,42,80.45,1
-45.733471184416736,-65.3521791225879,1.609391702992415,6,44,5.81,117.47,163.85,682.74,0.1686,0,0,0,3,3.47,0
-48.81291093108397,-46.69487356772328,0.5881848402484953,11,66,6.95,90.52,121.54,628.87,0.1406,1,0,0,3,3.43,0
-56.0560805990719,-51.93654876682555,2.4389520142890926,6,26,3.73,137.34,230.78,512.1,0.245,1,0,0,5,3.05,0
-49.92776846070168,-51.27255673193774,3.2428273399555536,1,128,13.26,48.36,81.92,641.27,0.0952,0,0,0,0,5.12,0
-71.24604770226989,-57.93517462978407,2.9288032178339103,11,57,8.47,73.5,137.61,622.26,0.1128,1,0,0,1,1.13,0
-58.53967344903572,-56.065240077441395,2.0990015211976156,6,89,9.89,88.27,219.08,873.33,0.0947,0,0,0,1,4.1,0
-57.901928606082244,-38.79338116747244,3.755407710486642,1,85,13.88,138.63,239.71,1924.39,0.0856,0,0,0,0,2.76,0
-60.89874411938682,-44.777307081847326,3.0663563790706707,11,121,12.61,139.03,251.08,1753.32,0.0602,1,0,0,0,1.52,0
-58.32437776056688,-46.46651235296838,2.2954784608268017,11,71,7.93,158.82,207.98,1259.77,0.1195,2,0,0,1,7.14,0
-46.097007835272535,-51.61678241123896,6.457391203763718,11,638,106.55,336.83,611.87,35888.93,0.01745,28,16,8,33,92.37,1
-51.71764516111717,-45.438792470702396,3.252801822941771,6,27,5.34,86.3,112.2,460.58,0.1856,3,0,0,3,4.09,0
-50.14238479902005,-62.63239415501371,7.586083618274352,1,498,73.99,147.86,655.48,10939.68,0.01124,22,10,8,45,77.41,1
-63.302553686284554,-55.800834096260566,6.336256018436755,11,415,44.3,405.5,748.05,17962.34,0.01245,27,13,10,39,86.02,1
-76.85813329247044,-52.94405980580157,8.979135072803162,6,518,57.25,305.23,616.61,17474.97,0.01026,30,11,11,50,50.1,1
-52.76220232589793,-51.41916799176226,7.279955345919806,6,1095,142.19,231.66,831.16,32939.12,0.01296,25,19,5,35,59.85,1
-46.53173156343381,-52.32445105622745,1.940064205638448,1,44,6.93,147.94,225.89,1025.38,0.1222,2,0,0,4,2.21,0
-57.52829256087346,-46.37820074851395,1.4127646784116465,1,40,5.65,54.31,87.04,307.0,0.1789,4,0,0,0,2.87,0
-43.17649983977835,-46.422644582150845,6.772794812293721,1,779,89.66,405.3,908.62,36340.97,0.00806,31,12,7,28,69.36,1
-55.32478212983024,-48.64269069332204,7.1405818070233185,6,623,96.4,554.03,741.81,53407.63,0.00524,25,16,7,48,71.22,1
-69.09831395247511,-64.39808389950716,8.915636105171021,11,645,82.02,443.3,957.42,36358.95,0.00737,37,10,7,46,66.18,1
-38.558500280772414,-62.68630495439743,6.930563923200801,1,1308,155.57,451.1,828.69,70178.64,0.00875,19,12,10,54,84.94,1
-45.455247523407756,-62.8404164073264,3.103169756012035,1,616,87.23,368.75,642.18,32164.46,0.01923,23,18,3,44,60.65,1
-38.26315997623085,-63.878905327933325,8.519039026162272,1,585,75.93,438.63,1014.87,33307.15,0.01841,25,12,10,39,69.61,1
-62.34000075578699,-51.38546313568653,2.5651690663642315,11,24,2.64,144.95,232.51,382.65,0.3726,1,0,0,4,5.78,0
-57.7189483464499,-64.15790427700139,3.7852744942199408,11,540,101.6,379.71,806.54,38578.27,0.0043,22,14,5,37,51.08,1
-51.78490063002106,-49.15801934390146,4.373385333106975,6,469,69.65,445.98,755.21,31064.08,0.02157,18,11,8,46,42.29,1
-54.78444539758146,-52.25382835403559,3.4533035516427812,6,38,5.56,65.24,147.44,362.79,0.1741,1,0,1,2,2.41,0
-72.521668645161,-51.13476725689135,5.690865995678353,11,616,79.01,308.62,728.2,24382.4,0.01519,25,7,10,40,70.19,1
-39.141733811196914,-58.656526182635446,2.5645679743873906,11,20,2.37,82.54,153.15,195.3,0.4117,1,0,0,1,3.0,0
-52.55274651957744,-51.84134308873021,5.093809566098295,1,348,36.45,175.08,651.94,6382.11,0.02093,25,14,4,40,94.41,1
-73.90844639873396,-54.96210748095821,9.684597823614089,1,634,88.81,435.5,667.06,38676.68,0.02135,24,10,11,37,51.13,1
-54.19207757235797,-56.03389519792249,2.2474259620087977,1,52,7.43,133.08,147.37,988.5,0.1422,0,0,0,1,4.02,0
-44.166390406042815,-48.60154793561515,3.6831054085480694,11,48,8.29,61.49,96.21,509.9,0.0937,0,0,0,2,3.6,0
-74.8352994026564,-44.288472223052224,6.382859601119547,11,400,73.06,422.89,725.97,30896.24,0.01331,27,11,7,30,63.0,1
-53.28879052482015,-51.103095395562946,2.9717006650626305,6,86,9.78,133.1,239.44,1301.78,0.0987,4,0,0,1,2.16,0
-56.937239585035236,-65.96905939458891,5.10067730300391,11,738,95.78,397.99,788.25,38120.16,0.01468,21,10,6,36,94.67,1
-51.194080427445336,-62.374426880453505,3.860339739046453,11,90,11.27,91.52,133.45,1031.2,0.0624,2,0,0,2,4.92,0
-53.56039738365032,-57.32644489044486,2.4044370264001333,11,689,85.97,324.57,542.7,27904.4,0.01751,22,11,6,36,56.44,1
-40.39242688633549,-53.77718058233102,3.9698379395522196,11,475,91.97,291.37,499.97,26798.03,0.01574,27,13,5,34,101.04,1
-46.56234610794397,-50.347164334193295,4.21110156036287,1,36,4.17,103.18,245.2,429.86,0.2229,1,0,0,2,3.69,0
-75.0472712783677,-56.30916017787347,7.049338066266411,11,662,106.55,255.55,799.39,27229.12,0.0156,25,14,11,38,33.93,1
-61.796654842457585,-69.30744175990122,5.827198399067012,11,214,30.0,315.95,607.58,9478.47,0.02822,24,8,14,42,58.63,1
-54.61459798026593,-51.872808138925805,2.4402538210395566,6,79,8.66,102.9,226.07,890.71,0.1386,1,0,0,2,3.44,0
-50.12558061755242,-50.62618038601366,0.7780487304533994,6,61,6.56,110.52,173.61,725.31,0.1433,1,0,0,4,4.45,0
-58.222793439270966,-62.89009245835493,12.250858609472012,6,1097,137.29,222.85,638.94,30594.53,0.00753,38,14,5,45,78.43,1
-47.067465174455464,-51.806107172874555,3.5625335163099168,1,45,4.63,70.94,123.12,328.58,0.2046,2,0,0,3,1.61,0
-60.28631367942137,-40.45823667746369,4.046433896156051,1,43,7.82,99.43,128.51,778.03,0.1164,1,0,0,1,1.12,0
-52.99748074303154,-50.572178747046365,6.226153766448034,6,901,91.45,292.67,625.33,26766.04,0.01212,22,17,6,29,45.78,1
-52.24275475013013,-63.6838309941389,2.6646876198197185,6,78,9.91,111.72,157.09,1107.46,0.079,1,0,0,4,2.6,0
-57.48899605429286,-53.75622498652892,1.9811546867188223,1,64,7.76,88.11,114.52,683.83,0.1515,3,0,0,0,3.12,0
-67.18328114567022,-64.77424455016723,5.717135795529671,11,817,117.46,137.97,459.63,16205.97,0.01009,26,11,11,39,86.03,1
-64.01601080600079,-67.7884716121681,5.731013216154552,11,632,72.64,300.47,363.19,21826.11,0.01371,24,8,4,58,55.41,1
-53.26861724182691,-61.90915597143615,1.9407635666050063,11,135,15.26,107.17,171.35,1635.61,0.112,1,0,0,1,5.64,0
-65.33031164038213,-56.67264380545203,5.003978824336729,11,244,47.73,497.71,844.14,23756.02,0.01424,28,17,7,42,33.08,1
-52.334466780630535,-56.56344561296017,5.392381757767428,1,381,65.75,369.91,644.19,24319.72,0.019,22,5,8,26,81.43,1
-52.29258059512859,-45.5351287436819,0.5272957758061647,6,62,10.81,121.76,228.05,1315.82,0.125,1,0,0,4,2.89,0
-70.86991915494595,-57.20257787531752,4.304813048541845,6,645,101.26,545.3,1131.8,55215.51,0.00151,27,9,8,46,91.09,1
-43.256841121885536,-60.92834046359112,2.7251167270384027,6,80,8.91,93.01,175.47,829.12,0.0836,1,0,0,5,3.7,0
-44.38781765896075,-50.951084037875155,4.260902386127608,11,74,10.48,115.11,176.56,1206.76,0.0952,2,0,0,1,2.1,0
-49.23780405040622,-52.32608839080443,1.0390233926448595,11,55,6.88,102.67,100.0,705.87,0.1623,0,0,0,0,3.91,0
-61.3971238943698,-59.08099041675079,9.00607870786297,11,729,91.08,404.41,744.94,36833.22,0.00937,22,17,7,34,80.75,1
-50.48860047814814,-63.64068072637639,5.603469411773325,11,669,101.9,291.23,584.23,29675.33,0.00418,23,10,7,29,34.68,1
-47.708690531604496,-50.364684262171195,1.284746535697266,1,38,7.39,66.13,105.59,488.75,0.113,0,0,0,1,4.51,0
-55.47707291955594,-59.53396123777343,2.9889100117578047,11,87,11.41,74.53,126.8,850.21,0.0601,0,0,0,2,3.75,0
-57.86672042818638,-58.45777768434374,8.60586413284546,1,346,66.22,384.04,589.45,25430.75,0.01915,23,11,7,42,88.31,1
-57.66369487036436,-53.67157463683723,3.346736244191065,6,36,4.03,135.72,244.06,547.26,0.2475,0,0,0,1,2.05,0
-72.59640701640751,-70.79673767810056,8.121596861154705,1,964,147.01,226.49,738.95,33295.49,0.00871,19,9,2,41,82.07,1
-62.11111157167029,-59.49141675276344,6.1229858780267765,1,847,87.34,287.49,572.97,25108.32,0.00596,24,12,7,36,53.08,1
-49.92531885918272,-46.04514031850168,2.6212241836893564,6,75,7.92,107.4,201.1,850.18,0.1217,3,0,0,0,2.52,0
-43.81177673310138,-52.629860108108,1.8674439636527025,11,19,2.65,133.68,221.92,354.14,0.3842,3,1,0,2,4.88,0
-61.95233448332981,-51.406507127421335,2.2700008039722177,6,81,9.24,92.69,272.11,856.63,0.0981,4,0,0,0,4.13,0
-51.14883823584556,-60.15641556465526,9.939380913974812,11,330,53.54,508.29,970.74,27213.74,0.02761,26,11,5,40,73.32,1
-45.870411277026896,-59.67634052752898,2.295012606400874,1,55,7.93,113.51,199.8,899.8,0.1222,0,0,0,0,2.74,0
-59.69871290406582,-57.10203304243407,3.1123434966676875,1,437,65.58,333.92,911.71,21898.9,0.01201,30,14,10,29,58.77,1
-62.4284697499498,-75.39480580951823,1.5,11,759,81.31,275.14,483.76,22371.5,0.01198,21,16,4,42,64.11,1
-57.2887850311837,-38.27529999608112,2.705231091702978,6,70,8.23,164.66,208.69,1354.69,0.1057,1,0,0,2,2.73,0
-56.559620030472864,-50.45929731091686,3.40064708285544,6,57,6.4,109.0,185.83,697.42,0.1398,3,0,0,1,3.18,0
-61.11245816189457,-47.70282556172395,3.3484064489628382,11,81,9.93,96.03,203.69,953.55,0.0984,3,0,0,4,3.45,0
-55.08981746887911,-53.02870806895237,6.869600207090032,1,597,62.82,244.39,649.97,15353.33,0.02135,26,11,1,45,48.46,1
-50.729980214347464,-56.63917070105726,4.079003111589889,11,50,6.07,144.01,236.48,873.68,0.1603,2,0,0,2,4.35,0
-75.26004410373028,-54.52892379213302,8.90902872679973,1,701,73.58,228.77,250.0,16833.0,0.02566,24,8,6,45,67.13,1
-64.34775589351261,-59.1330172346779,6.60046944738947,11,737,99.05,165.76,498.45,16418.3,0.01623,30,14,12,36,74.62,1
-43.89421663204115,-52.62990823783528,4.362492172052373,1,56,9.95,134.77,262.84,1341.08,0.1064,1,0,0,3,3.48,0
-70.12012575018674,-50.51866891090119,5.9876276455524025,1,554,105.73,327.49,513.27,34626.63,0.01438,19,16,8,41,71.14,1
-49.74994153360449,-49.893423428424214,6.608131051186476,11,638,83.99,277.3,581.81,23290.71,0.00728,26,9,9,33,73.86,1
-40.07919348169466,-70.75101606228395,10.544313369400054,11,571,78.37,527.1,867.97,41307.12,0.01184,21,10,11,32,72.18,1
-63.06917547057695,-45.22017763535466,3.300418357915214,11,61,7.61,111.69,226.2,849.6,0.1323,1,0,0,3,0.5,0
-69.73356875754163,-56.38711739066554,10.567748590095556,11,1059,119.53,153.66,683.01,18367.54,0.00599,32,7,3,46,109.62,1
-56.66433248838318,-52.17400416647708,9.40776468624417,6,789,84.48,437.54,788.4,36963.3,0.01508,20,8,13,44,59.06,1
-50.4507521257985,-46.217560250514566,8.259820498212783,6,1143,134.6,237.14,535.45,31918.94,0.01433,25,12,9,30,72.84,1
-44.42984671260027,-50.79996815069047,2.8734403532155692,11,30,5.84,96.46,161.92,562.87,0.1794,0,0,0,2,1.22,0
-58.97718698331976,-47.72992281810889,7.521182033585747,11,321,36.2,178.69,285.56,6469.11,0.03024,18,9,10,38,55.52,1
-54.97402654242935,-56.70045292257497,5.786100317883334,6,589,87.21,385.5,656.87,33620.05,0.00987,26,14,7,43,46.71,1
-46.78966487875227,-46.679859547563424,4.469225816822163,11,29,3.75,132.86,183.98,498.17,0.2967,1,0,0,2,4.32,0
-69.52943130980742,-35.47334625066428,8.586225498439546,6,534,87.29,378.92,629.01,33077.08,0.01133,27,11,9,34,28.79,1
-54.416098070700286,-53.408060895533566,4.056016326949977,1,104,11.21,124.25,206.28,1392.32,0.1148,1,0,0,0,3.93,0
-69.78988810796609,-61.227138903127454,3.416932114247205,11,769,132.17,331.8,824.12,43855.21,0.01257,25,11,9,45,92.32,1
-47.169360093772234,-55.89473872982955,3.509685738518822,6,74,9.29,90.81,161.28,843.33,0.1105,0,0,0,2,4.2,0
-32.0,-64.14252200901174,6.0067892799106035,6,863,87.79,342.88,678.82,30103.29,0.00889,22,10,7,31,65.12,1
-40.538548990806994,-65.23009100704566,6.126167068180728,11,700,83.58,412.43,816.47,34470.92,0.0132,27,9,8,40,78.44,1
-68.70153938920535,-59.13176709470649,7.217802742269959,6,973,108.75,297.47,305.2,32348.88,0.01092,32,9,8,41,31.87,1
-41.48942225248716,-50.887577065017965,6.738640866515425,1,635,64.21,423.07,799.23,27165.62,0.01451,28,5,5,45,49.23,1
-46.73640341614168,-58.25971113010699,4.66961543422742,11,737,91.53,295.86,491.43,27079.0,0.006,19,10,6,38,75.34,1
-57.906669849673065,-47.48072761103281,1.6469100027648422,11,44,4.71,92.69,190.53,436.54,0.1964,0,0,0,0,1.29,0
-53.76905618801141,-52.10709182975435,2.5644689261026725,1,40,7.08,127.49,217.33,902.49,0.1253,1,0,0,3,1.56,0
-41.68329533611636,-67.59740709231605,8.915458072993658,6,460,88.47,444.61,677.99,39334.11,0.01211,32,19,7,41,52.12,1
-67.30484508012006,-55.6451742457325,2.459083838226608,1,55,6.86,77.42,159.51,531.16,0.1506,1,0,0,1,3.07,0
-48.953222299802555,-50.92664972976892,3.2192752369203217,1,56,6.61,114.86,203.11,759.57,0.1399,1,0,0,3,1.03,0
-53.797317353268404,-54.150922685934624,8.81205565604225,1,895,114.88,249.77,449.32,28692.13,0.00428,19,18,9,45,66.26,1
-66.11077152651075,-47.20905331516133,5.534237318640395,11,869,103.28,387.33,659.62,40001.94,0.00861,22,13,9,34,30.77,1
-42.85100312617189,-44.48773861780802,3.6526828774815705,1,51,6.65,129.78,218.33,863.63,0.1846,1,0,0,0,1.45,0
-54.935476685357024,-49.54124890752281,9.64431155468386,1,984,98.43,247.0,415.5,24312.17,0.01936,30,14,5,50,66.27,1
-57.17319030776585,-57.05208219395428,4.968419082130136,6,482,92.07,289.72,278.92,26675.79,0.01074,23,16,5,31,64.13,1
-42.545519756294595,-50.63817034519265,3.6778317200949813,1,558,67.75,384.27,825.95,26035.43,0.01413,24,11,9,30,58.51,1
-46.6843035381848,-46.57973740911517,2.1121893146257267,6,64,9.91,86.46,166.62,856.45,0.1136,1,0,0,2,0.25,0
-58.21278532364599,-48.126421503645346,6.409902020583715,6,477,52.16,375.63,704.81,19591.99,0.01658,21,12,5,35,73.81,1
-49.895696352648244,-70.79142891246508,1.3717892942942498,6,39,6.53,131.2,243.92,857.07,0.182,2,0,0,1,2.13,0
-70.41903743065849,-78.09768378945466,9.943758773892096,6,333,54.74,377.98,639.17,20692.23,0.01901,29,8,10,35,69.17,1
-51.9846220844796,-56.81248837107728,2.0207917122565044,11,881,99.95,282.68,763.52,28253.49,0.0112,23,12,8,34,62.25,1
-61.35004356513198,-60.82746420944143,3.911167174149276,11,91,9.91,132.11,195.02,1309.48,0.1167,1,0,0,0,4.11,0
-59.995713935675106,-64.04663601652994,4.60790409976258,6,553,55.68,274.27,729.65,15270.45,0.01436,27,16,10,38,45.53,1
-61.66814752043542,-54.92865265203161,3.255821504188372,11,11,1.78,102.92,160.89,183.3,0.5553,1,1,0,5,4.39,0
-64.53866398178408,-42.450643450781726,9.221974052131259,11,499,71.38,366.05,947.28,26129.35,0.00511,28,18,3,36,23.91,1
-50.33473759468411,-49.28972486695796,5.815837679994621,1,719,98.8,445.95,602.36,44059.39,0.00841,22,10,6,31,93.84,1
-61.230001351337506,-63.43820329337043,5.36591127218197,6,503,87.53,404.81,494.23,35431.02,0.01384,22,9,15,42,79.31,1
-50.30149010073296,-40.96298798306462,2.2136865932131857,6,65,10.51,115.77,173.62,1216.23,0.1097,2,0,0,1,4.13,0
-47.61023279895584,-57.63737645111655,0.2,6,62,7.64,88.22,174.79,674.36,0.1033,4,0,0,1,3.83,0
-51.39622314642496,-50.4080939195321,1.1736513319506554,11,64,6.85,68.54,192.0,469.54,0.1274,0,0,0,3,4.07,0
-58.24634281927235,-49.6764336151148,3.3600743449016317,1,624,73.12,439.16,806.29,32109.93,0.01983,21,15,13,31,41.49,1
-62.458786350031446,-50.96781317931719,3.5482643763908097,1,51,10.24,100.65,228.92,1030.31,0.089,3,0,0,1,4.23,0
-56.50601018480099,-45.517853258808145,5.866613117488023,6,522,89.79,137.08,290.51,12308.36,0.01364,24,11,6,36,59.04,1
-57.303282071795735,-56.192580512888895,3.97322434563947,1,103,11.56,85.82,130.48,992.35,0.0865,1,1,0,3,1.34,0
-57.07201679731536,-49.85714845342677,2.0403849139260744,11,35,6.42,104.75,166.86,672.11,0.1439,1,0,0,0,4.1,0
-61.07905912326447,-47.04054116093712,5.364908072672247,1,578,107.03,276.69,896.36,29613.29,0.00882,36,8,8,25,69.54,1
-44.03430261419966,-45.23941115043379,1.9556782077272508,1,51,8.02,157.25,185.83,1261.01,0.0868,0,0,0,3,3.73,0
-47.55702550536997,-50.698229058312855,2.6969793045926003,1,80,8.11,98.86,250.07,801.55,0.1048,1,0,0,2,3.21,0
-56.2721008307767,-67.96714432227672,2.491083628186436,6,630,124.13,260.55,566.83,32340.97,0.0042,22,7,7,37,67.62,1
-49.878286805347685,-39.079192436974736,1.5578811781492279,11,67,8.61,98.88,129.59,851.02,0.1105,1,0,0,0,3.72,0
-46.44167848152223,-36.69422002468079,6.429154762514864,6,898,118.65,429.39,695.06,50948.15,0.01189,26,8,9,37,62.31,1
-68.33923929547214,-56.00950344672742,3.132315340467547,6,67,9.1,80.91,169.99,735.96,0.1121,1,0,0,2,1.84,0
-56.53221599935664,-50.99076515733246,1.3397128540401468,6,48,9.3,161.3,254.18,1500.77,0.1078,1,0,0,0,3.6,0
-35.0,-51.899495745569546,3.0768853105986502,11,64,9.23,57.96,129.29,535.16,0.1323,0,0,0,3,2.15,0
-71.01250923966187,-45.65008458613712,5.197344922111786,11,524,68.32,183.06,543.93,12505.66,0.01408,27,15,5,36,55.04,1
-52.43060975723246,-55.365394545062955,3.7131232504654665,1,29,4.02,41.73,120.91,167.78,0.232,1,0,0,1,6.09,0
-68.05228583235358,-56.70521579806879,5.028581455100178,11,459,91.44,370.38,551.28,33868.31,0.00136,24,9,5,35,38.94,1
-60.29746419477044,-59.11627501614418,5.860512957215156,1,478,54.02,320.12,696.62,17294.27,0.02184,21,10,6,39,77.52,1
-54.58790521646142,-58.22196342795231,2.0374211527129154,6,20,2.8,86.5,230.11,242.23,0.3622,4,0,0,1,3.53,0
-52.429156430317406,-49.223662894589545,9.668780287987937,6,595,65.13,305.33,540.18,19885.32,0.0231,20,10,5,43,55.95,1
-52.91161382059214,-50.69398740924174,5.201460634615515,1,698,83.42,172.99,654.81,14431.49,0.00955,27,12,2,37,77.07,1
-60.332404417178594,-46.65454111042325,1.4889962062850917,6,30,6.04,109.03,218.61,658.68,0.154,2,1,0,1,5.08,0
-52.48570086996345,-41.65236238101157,7.4843292954786875,11,1186,124.78,366.66,588.83,45752.04,0.00699,33,18,8,45,52.06,1
-54.202153297060946,-46.85083120875779,10.102961139786931,11,410,43.76,427.31,628.16,18701.07,0.01889,21,9,4,38,57.15,1
-52.088749867719045,-63.31810787283007,4.923964135678059,1,1070,109.96,425.99,983.0,46842.31,0.01689,20,14,4,50,29.73,1
-45.92557135631673,-40.43578146861863,2.079742102299765,1,35,6.66,136.67,274.67,910.05,0.1638,2,0,0,4,4.45,0
-66.32597907960536,-52.619952099110826,9.22117190264641,1,526,75.0,415.67,763.0,31177.28,0.02394,24,10,5,37,69.44,1
-46.125590513934156,-48.28260876324674,0.9344727725315616,11,72,11.08,94.78,188.14,1049.9,0.0939,1,0,0,2,2.69,0
-55.264915542052044,-54.118577988506836,1.687598841443463,6,54,9.37,145.69,223.84,1365.15,0.1272,2,0,0,2,2.08,0
-60.60655178151718,-41.23460932402848,3.9399431391006616,11,44,6.46,139.44,192.14,901.27,0.1183,3,0,0,3,4.34,0
-59.740846275064825,-44.81909974542325,0.9025723788334379,11,41,7.15,145.71,180.36,1041.14,0.1416,1,1,0,4,1.64,0
-57.32858811003857,-70.40944127553834,2.6359381812363103,1,820,84.86,185.05,673.6,15704.31,0.0138,22,13,6,37,77.95,1
-32.0,-54.97305046437409,2.319764991568796,11,847,110.63,241.36,593.51,26701.03,0.00829,19,20,11,36,28.94,1
-51.29899961277947,-59.97579233753079,1.3719967915564744,1,34,6.32,118.97,170.22,751.61,0.1634,0,0,0,4,3.31,0
-77.44451511396096,-61.18672623292559,7.099135067082303,6,549,71.13,336.66,722.32,23944.91,0.01768,26,14,7,39,43.0,1
-42.53823038997925,-46.550431544396055,4.035907049242632,11,106,10.68,118.31,173.93,1263.85,0.0876,2,0,0,3,1.46,0
-44.39192417445558,-57.122772556066245,4.545086307847247,11,1139,116.05,158.01,361.08,18336.35,0.00868,31,18,6,52,66.37,1
-46.77507246256928,-48.55387430032459,2.0292760777484933,1,17,3.3,109.97,162.33,362.47,0.3072,2,0,0,1,2.53,0
-58.60211947058573,-64.7500607494181,2.7654240456396075,11,38,5.46,73.92,82.97,403.82,0.2244,0,0,0,2,2.42,0
-38.1946283363933,-55.63269692723179,3.9477129832740703,1,86,16.74,103.89,200.04,1739.23,0.0661,1,0,0,3,2.45,0
-68.79130184129478,-58.42595145209498,4.8369343227654795,1,834,83.61,398.17,903.84,33289.28,0.01063,30,10,13,36,82.93,1
-58.75316910107939,-60.45972094008667,3.991566516448766,1,44,6.91,130.47,91.29,901.13,0.1646,1,0,0,0,1.12,0
-50.92144005495792,-62.23982383800567,4.312033891078785,11,87,9.44,80.45,147.79,759.63,0.1321,0,0,0,2,4.9,0
-52.26012549453718,-48.020707358461024,3.024890364316994,11,26,3.83,110.73,131.53,423.88,0.2472,1,0,0,1,4.25,0
-73.60566171855245,-56.6377738689321,7.6813157821851386,1,781,79.56,304.51,887.35,24226.25,0.00728,18,11,5,53,36.17,1
-68.09981597112034,-38.75794935270671,2.6822407079074697,6,1257,174.67,480.48,895.76,83922.34,0.00286,24,13,6,45,61.31,1
-54.592594267627746,-41.29031126271917,2.7194399586199314,11,48,7.26,142.98,213.23,1038.6,0.1132,2,0,0,2,3.15,0
-46.357298482399045,-56.89926175718033,1.15569287647437,11,66,9.62,94.64,141.75,910.74,0.0962,0,0,0,2,2.61,0
-58.738413325601655,-52.390969708844146,2.0747148028018905,1,39,5.71,108.63,166.81,620.63,0.1882,1,0,0,2,3.97,0
-48.56575168280878,-56.06194208567298,2.1286133588125735,1,82,9.65,125.92,186.1,1214.54,0.0868,1,1,0,5,2.53,0
-59.890917105371514,-60.54658014855122,3.301925324902734,6,489,93.78,325.03,679.95,30481.7,0.01012,29,8,8,37,45.87,1
-52.24055402746109,-40.075943973894624,5.440342667990318,1,765,77.93,237.58,720.14,18513.44,0.01208,26,13,8,40,63.51,1
-51.927651057723516,-52.34541857443242,4.1485747229738665,11,54,9.27,119.72,218.23,1110.39,0.1067,0,0,0,3,4.19,0
-58.14202365101857,-64.1095043472268,2.534546647484784,11,412,72.45,256.41,471.58,18576.73,0.02114,27,4,9,45,46.76,1
-50.71660450201105,-44.020760509489406,2.444972033609704,11,80,8.73,122.15,154.83,1066.65,0.1359,1,0,0,1,2.83,0
-71.0643125537012,-46.27737572536584,6.907071988041212,6,788,112.67,120.0,501.17,13520.12,0.00731,32,14,13,22,58.2,1
-58.560194988093464,-61.75119465847261,6.726926080457635,6,245,39.52,404.03,657.97,15965.63,0.0292,21,15,12,45,72.78,1
-35.0,-55.6812553557349,2.855376210670096,1,41,5.03,125.09,188.51,629.38,0.1919,1,0,0,1,3.02,0
-54.614100764446604,-56.54145923659039,2.4091038599178614,6,103,11.96,44.59,130.35,533.37,0.0765,0,0,0,0,4.16,0
-59.49634897091163,-53.968856992879964,4.044058048000524,11,66,7.75,102.81,156.32,796.32,0.125,1,0,0,2,3.23,0
-46.86964009793726,-49.660240334813516,2.4316522116380366,11,38,5.66,115.95,171.51,656.47,0.1991,0,0,0,3,3.56,0
-42.153691264445484,-56.002903082610224,2.2691941345119835,11,96,10.84,133.71,168.0,1449.81,0.0845,1,0,0,0,1.92,0
-32.0,-53.42904223112123,5.123415657680376,11,796,85.58,400.0,727.79,34232.22,0.01422,27,15,3,51,72.8,1
-44.81667232325195,-55.31215760895653,3.3680678984458443,6,68,8.33,123.81,220.51,1031.46,0.1069,2,0,0,2,2.48,0
-53.317342999357564,-49.53778778397077,2.571264715578564,11,26,5.1,90.69,129.85,462.89,0.1834,1,0,0,4,2.85,0
-64.32902583249782,-44.07453998398076,2.7442782822759084,11,70,8.52,61.55,139.76,524.26,0.1275,0,0,0,1,5.1,0
-48.13631572586081,-49.23312165184099,2.8303877556559818,11,49,6.03,61.75,132.69,372.49,0.1685,0,0,0,1,4.01,0
-62.860349527101135,-64.36827425407117,8.352606145428819,6,496,65.25,409.65,761.83,26729.11,0.02398,29,11,7,33,67.62,1
-59.57350199468081,-53.42812924324321,1.5,6,918,132.65,311.84,1097.81,41366.06,0.0059,27,11,5,29,78.13,1
-64.50669834784463,-38.89417919467262,6.606525666149708,6,778,98.07,275.76,659.42,27044.52,0.00442,25,6,2,41,63.87,1
-78.11129625908049,-44.80618653192865,7.861941078851025,1,222,43.78,212.32,790.64,9295.52,0.01967,30,12,4,43,58.79,1
-52.19040232566497,-50.574952605016755,3.834292709712214,11,836,119.9,333.06,504.25,39935.64,0.02,27,15,9,33,46.17,1
-61.936900395528035,-58.79743596763105,5.705398831438686,11,635,70.58,333.6,553.91,23546.69,0.01318,23,21,10,31,75.96,1
-58.511520601521056,-62.5298810013469,8.695482767764496,6,611,96.21,242.1,606.27,23292.16,0.00818,23,5,5,33,46.64,1
-61.801426145369255,-54.99113705178933,9.130853025562203,1,606,118.93,308.41,723.51,36678.69,0.00623,35,8,6,40,82.59,1
-50.76016118996479,-47.20652243445387,2.534157943540789,6,47,8.48,120.94,183.18,1025.53,0.1269,0,0,0,1,5.77,0
-54.769504878882,-57.07463676835537,1.5876818754463786,11,60,6.24,147.99,253.77,923.49,0.118,0,0,0,3,3.38,0
-64.4246013120511,-57.68237696256371,1.4919750421971096,11,56,8.72,55.76,113.23,486.47,0.1196,1,0,0,1,4.79,0
-57.67354419036827,-57.388234916891705,4.635730867297289,6,601,80.79,328.95,363.09,26577.68,0.007,21,13,10,40,38.26,1
-42.00225231297565,-46.56278937351286,5.931246907012158,1,943,158.54,393.5,714.95,62385.29,0.00356,15,12,13,34,55.49,1
-60.47666154795896,-58.25767964876875,6.463346952600674,6,556,72.3,291.95,693.39,21106.86,0.01505,23,15,5,37,34.62,1
-32.0,-60.54699014784943,3.937619287860053,1,789,91.13,412.85,841.18,37622.52,0.01411,32,9,5,48,61.11,1
-51.87124049100076,-56.27442924011296,2.252386966875574,1,121,15.79,124.66,177.6,1968.76,0.0517,0,0,0,3,4.48,0
-47.6955436757959,-49.273206110913016,9.074214326828937,11,251,35.33,455.98,902.91,16109.67,0.02754,29,17,3,41,76.32,1
-47.00577676288859,-49.03766371323851,1.9256558915227813,1,50,9.23,135.19,158.65,1248.25,0.105,0,0,0,3,5.31,0
-49.26955187709008,-84.4269239526999,7.531201573402123,1,397,70.82,400.68,799.41,28376.05,0.00912,22,9,7,50,82.6,1
-49.5364846042694,-52.316328256024825,4.07139499695077,1,87,9.36,98.09,194.28,917.85,0.1118,2,0,0,0,2.32,0
-39.04711374337482,-49.72919836424209,3.531523774993701,11,95,9.56,116.14,191.57,1110.19,0.1074,0,0,0,1,1.61,0
-68.93029997887001,-53.297033339931794,2.9184493689849225,11,30,3.93,80.21,145.17,315.45,0.2787,1,0,0,0,1.76,0
-46.15129828479136,-52.29366088940925,5.72902650361917,11,741,76.03,285.24,415.94,21688.01,0.01841,30,13,6,41,27.78,1
-49.50301152674833,-62.11886023714086,2.8514648615819804,6,61,7.29,116.34,165.78,848.44,0.1552,2,0,0,0,6.34,0
-57.86476281144355,-47.63328309813886,1.9390709991209618,11,56,9.47,80.85,153.09,765.85,0.1091,2,0,0,2,2.34,0
-48.1164243479228,-48.59817604249766,2.572573080591019,1,101,14.39,106.92,191.31,1538.09,0.0595,1,0,0,0,3.28,0
-45.59580955230076,-59.72084953490088,10.436736060598871,1,669,94.7,331.18,697.38,31363.42,0.014,26,13,15,32,60.34,1
-57.629049731024715,-49.0830681395417,2.8002934374411796,6,30,3.91,86.78,140.34,338.93,0.2228,1,0,0,1,4.54,0
-54.12241131697348,-60.48105158948911,2.7491705012881797,11,49,6.78,100.8,154.39,683.29,0.1505,3,0,0,1,1.4,0
-51.39800654496349,-52.48239036343524,2.172257583333236,6,84,8.39,134.35,171.03,1127.64,0.0936,2,0,0,1,6.02,0
-56.54722596716382,-47.66042164105738,2.576094478922516,11,65,8.39,93.56,203.09,785.16,0.1135,1,0,0,2,4.3,0
-45.642188561212585,-54.32198243710274,4.897245348213989,6,728,100.59,265.99,320.95,26756.08,0.01187,29,24,5,40,106.58,1
-52.69884206346815,-46.54847919032112,2.846680748743709,11,108,14.42,126.66,295.56,1827.07,0.0583,1,0,0,0,2.81,0
-69.70894794874532,-65.28684461304402,5.0065829850470855,1,933,113.52,404.68,782.91,45937.69,0.00557,17,15,8,39,93.35,1
-58.84908616029004,-59.89032765422547,2.704939323653575,11,22,3.56,143.87,262.19,511.94,0.2437,1,0,0,3,2.93,0
-61.75684606424238,-59.62571702443336,1.8130715001382822,11,51,7.11,163.32,169.01,1160.85,0.1789,2,0,0,0,1.8,0
-60.17071886767752,-84.63770389279739,7.928159045866763,1,744,87.27,382.64,675.04,33392.54,0.00924,25,10,4,48,54.39,1
-61.96911541506009,-54.76595461479252,3.3662487245342767,1,935,104.65,354.13,674.02,37061.47,0.00412,18,14,5,40,64.25,1
-58.46215586819735,-44.87865193240552,2.8819630334848085,1,84,9.39,90.1,213.04,845.78,0.165,0,0,0,1,0.33,0
-49.576282319555176,-54.80999341438188,10.799992087181938,1,657,85.92,226.02,567.55,19419.85,0.0116,21,9,7,43,48.41,1
-54.92798301696491,-59.72188450186571,4.184118265703717,1,493,95.44,310.6,796.78,29642.9,0.00985,24,14,5,44,54.33,1
-59.21997839469755,-56.32315023850076,7.442542435444931,1,279,50.34,405.47,715.45,20410.26,0.01999,18,8,7,34,58.1,1
-51.701642338449055,-56.59352747972994,1.854034868106225,1,39,7.39,178.32,241.83,1318.03,0.1269,2,0,0,0,2.44,0
-50.702199921904956,-71.99609656901272,12.355321159892666,11,619,94.66,318.11,613.48,30113.74,0.0108,23,21,10,36,75.92,1
-56.64387080948013,-47.938770429716556,8.991652367302931,11,578,101.95,270.48,454.48,27574.28,0.01492,27,11,10,36,31.98,1
-56.991329571839195,-51.845378837830054,2.5240774064839115,1,89,10.46,128.09,184.74,1340.0,0.1071,2,0,0,2,4.64,0
-51.24991449012474,-48.782191406750364,4.038465314028524,6,19,2.51,148.81,227.49,373.1,0.4018,0,0,0,0,4.44,0
-41.818373713286746,-60.581519699454205,3.111354420258208,11,97,10.89,53.07,145.86,577.78,0.0996,1,0,0,1,2.47,0
-46.60510852533666,-49.37396019884136,2.790050091663755,6,61,9.49,109.61,115.56,1040.38,0.1321,0,0,0,1,3.53,0
-44.908499711935484,-66.1319871118908,10.069856440755041,1,786,110.98,198.68,576.46,22049.23,0.01763,22,10,5,39,71.98,1
-66.0288288111505,-56.689137917971834,7.9090787260593505,1,493,69.55,500.61,827.59,34818.71,0.02403,22,18,3,37,69.22,1
-56.39304068847721,-60.535771892498495,1.4107418798616984,6,42,8.1,111.33,168.8,901.34,0.1134,0,0,0,1,4.14,0
-46.2735093470786,-47.415350657897356,2.6113850613310796,11,6,1.0,152.65,282.0,152.65,0.9956,0,0,0,2,4.96,0
-44.56223607372193,-63.57077979393745,3.5725664395884236,1,730,76.65,295.62,545.54,22658.26,0.01951,22,17,4,40,50.11,1
-51.05635367998998,-53.08716207425447,7.591057945080373,1,772,92.16,324.88,567.93,29939.41,0.00402,25,12,8,50,96.37,1
-45.6292895354216,-47.45152007835945,2.779820265019124,1,74,13.46,83.61,164.83,1125.56,0.0819,0,0,0,2,5.16,0
-65.19901033110429,-58.5250127185687,2.251576792028967,11,32,5.9,76.48,112.38,451.48,0.1528,0,0,0,2,4.09,0
-59.527938296331726,-40.01026609995199,1.7548691827693108,11,48,6.37,107.18,241.56,682.98,0.1526,1,0,0,0,3.75,0
-41.99327617802092,-42.23661315001857,3.319406120864795,1,123,13.54,108.09,98.57,1463.98,0.0936,1,0,0,2,3.83,0
-55.89277125595672,-39.647997122410914,6.5966388515441805,6,435,65.16,282.85,797.38,18428.83,0.01282,29,15,7,38,30.99,1
-52.97868826189192,-50.38446493385124,7.643853619412772,11,785,98.04,345.94,934.26,33914.96,0.00524,21,11,8,47,102.77,1
-53.861103597985,-49.18759258555837,6.143135387030861,11,727,92.35,347.61,867.54,32101.81,0.01429,27,14,5,48,47.1,1
-49.168183648396905,-62.849425330024104,3.5540415961636707,1,57,7.46,87.1,180.61,649.94,0.1117,3,0,0,2,5.76,0
-37.08991436497671,-54.37439505164019,6.418192109199172,6,564,89.55,357.61,518.43,32022.07,0.00653,23,16,3,45,68.52,1
-69.44093319732403,-44.036090019393484,7.5051182919219865,6,733,90.76,153.34,439.07,13916.32,0.01072,26,9,5,43,26.42,1
-60.254016938072326,-57.698143597560815,7.058001506878361,6,389,60.92,442.9,589.23,26980.71,0.00829,20,8,11,37,22.93,1
-49.6436340536086,-49.70262942902985,2.3924998455692745,6,44,8.45,125.26,163.12,1057.93,0.1078,1,0,0,2,1.29,0
-51.442290825127046,-55.99571437455575,4.272789923091044,6,43,7.5,98.8,145.2,740.91,0.1551,0,0,0,1,5.71,0
-63.95845112866232,-56.27057170025368,8.389653637279505,6,551,79.15,392.67,931.27,31079.41,0.01958,19,15,8,36,84.8,1
-49.10175450913016,-55.688914261415974,9.064569272006757,11,508,79.21,335.12,506.57,26544.95,0.01252,29,9,5,44,64.77,1
-72.37196295503415,-59.60648440552915,8.62662172069592,11,830,118.42,460.45,790.84,54528.11,0.00109,28,11,9,32,59.96,1
-52.43782735879248,-57.206963784945515,7.052930210427784,1,628,65.21,408.78,822.62,26657.76,0.01936,27,10,6,39,52.06,1
-60.061154733855695,-52.286527710931246,1.9693331102609068,11,57,6.41,113.34,179.96,726.7,0.1736,1,0,0,2,0.2,0
-67.61183139503677,-66.60666363086825,5.823738902956128,1,893,140.13,406.06,624.85,56900.28,0.001,35,9,7,36,55.78,1
-53.016325916751924,-49.78160871531291,5.352076593157877,11,913,104.8,138.96,741.1,14563.75,0.01346,23,6,8,49,37.3,1
-63.62489326037707,-63.14025719041434,8.906340589749727,6,714,125.06,443.69,793.73,55489.69,0.00588,23,15,11,47,50.31,1
-52.45531970903166,-57.90791550995426,2.146169962432587,1,89,9.02,124.33,204.63,1121.74,0.1155,2,0,0,5,1.15,0
-53.4969892069574,-47.95586078610282,1.7291553735421932,1,57,7.27,85.5,80.0,621.41,0.1528,1,0,0,1,3.34,0
-32.0,-54.40224047594943,4.742241930481185,6,886,153.26,442.68,806.39,67846.53,0.00191,34,11,12,55,69.87,1
-44.11139799751391,-52.64326701371342,2.6944058769405683,6,63,11.4,109.77,179.41,1251.53,0.088,2,0,0,1,2.94,0
-57.44686689302414,-48.20296520589035,3.0697979487057667,6,53,9.8,107.36,150.84,1051.64,0.0942,0,0,0,1,3.51,0
-77.62704053186245,-42.155809536808675,7.2021912452595895,11,593,107.47,280.42,949.77,30136.63,0.01237,17,10,5,42,31.69,1
-63.00227987509262,-39.01297898038308,2.750347682034964,1,475,71.7,476.02,745.86,34128.81,0.01354,26,11,7,41,81.27,1
-49.627038426676215,-44.766756613118275,2.0936207852629307,11,57,10.75,128.99,165.36,1386.46,0.0945,2,0,0,4,2.35,0
-40.61728202525974,-70.49321210079842,8.329260298491972,6,401,53.9,310.17,675.44,16717.79,0.02952,29,9,5,54,66.13,1
-50.2865660134094,-57.19226596243905,1.9174498566518339,11,60,9.96,110.6,150.59,1101.06,0.0987,0,0,0,6,5.52,0
-73.59015726909342,-68.20606803087693,4.210300237754322,1,453,83.66,451.52,750.55,37772.89,0.0186,11,8,4,46,57.69,1
-46.52510232633682,-58.834936453205685,1.6955021804575887,11,74,9.24,65.08,153.28,601.44,0.1228,1,0,0,1,3.72,0
-46.569733896850636,-59.56674238808281,2.3625530071068765,6,73,10.1,83.08,133.59,839.24,0.1066,2,0,0,1,2.66,0
-40.811319616906296,-38.50760067977099,7.233213669037289,1,463,70.78,313.76,763.03,22208.06,0.01692,25,8,7,42,67.14,1
-49.131741462636974,-54.338833068524515,2.263733554968998,11,35,4.9,55.69,80.0,273.08,0.1842,0,0,0,0,0.2,0
-48.4118350459814,-51.97776789521515,3.1355104445203326,6,71,7.51,119.54,159.0,897.94,0.1256,1,0,0,2,4.54,0
-67.00059059644867,-50.40772752012725,3.5973987947048998,1,521,87.01,250.77,739.04,21819.58,0.01243,34,13,9,38,81.08,1
-54.636163061164396,-48.94451209352149,1.88939260370037,6,40,4.16,112.84,206.02,469.04,0.2402,0,1,0,1,4.07,0
-50.596140994133016,-62.2653176041577,8.37827584889221,1,648,84.07,455.62,1070.06,38305.47,0.00615,21,10,5,49,60.02,1
-66.15712939230436,-48.99721285008929,2.572924891717133,1,9,1.0,125.29,178.21,125.29,1.0,3,0,0,2,2.75,0
-49.3698879167135,-51.01511583954145,0.6942498742317373,1,117,12.42,98.6,172.64,1224.21,0.081,2,0,0,0,0.26,0
-68.21212493677677,-54.62381438079941,8.268167805781555,1,288,49.06,314.54,812.48,15432.72,0.02125,29,13,5,35,81.47,1
-61.05453401536863,-58.84110836289207,3.805010488846425,11,79,10.52,103.47,193.08,1088.59,0.0683,0,0,0,2,3.03,0
-68.06161869612987,-46.45690456104657,6.728242613837116,6,978,114.75,308.61,482.66,35411.7,0.01569,14,10,9,34,68.52,1
-62.34696929572422,-62.84727409217441,5.351655679942977,11,1421,142.84,281.86,523.6,40261.8,0.00301,24,9,8,33,69.28,1
-44.05307687842768,-48.51626428331809,1.5800198889263035,1,68,10.97,124.52,238.22,1365.82,0.1129,0,0,0,4,2.91,0
-80.95348694439996,-65.14050596280845,8.740282129347177,1,956,109.26,236.87,607.15,25878.99,0.00578,24,19,5,42,63.86,1
-61.67916719209039,-50.871555794205776,4.274182223503769,11,72,13.72,154.38,260.44,2117.4,0.0693,0,0,0,0,2.69,0
-73.92270318265359,-62.44651944465171,10.108726058356883,11,799,118.35,408.31,541.01,48325.69,0.00822,18,14,9,55,56.21,1
-60.03532012633006,-45.56194428423006,2.3951426122169663,6,59,9.69,152.93,249.64,1481.38,0.1053,3,0,0,1,2.37,0
-60.90673901996621,-44.60870069053139,5.388727951527845,6,1049,137.94,312.01,879.98,43037.82,0.00648,27,13,8,44,67.53,1
-58.595686337915616,-55.208724068554716,8.671529659949243,6,842,98.96,392.71,595.03,38863.72,0.00309,23,14,2,35,57.71,1
-59.212324829995424,-54.772762414493975,5.311092712627089,11,443,70.03,271.31,448.68,18999.13,0.0183,23,15,8,36,53.66,1
-56.43277941591516,-56.014270745042936,3.079933841729284,11,82,10.45,173.63,186.22,1814.54,0.1002,0,0,0,4,3.48,0
-50.27095304761078,-53.870487453427316,0.7730345144235342,11,37,4.64,118.32,164.83,549.16,0.1804,0,0,0,1,3.58,0
-55.45008263477081,-41.375213669634626,1.8771791634771753,6,75,7.55,62.59,115.12,472.36,0.1382,3,0,0,2,2.98,0
-60.02484179241928,-62.60519261015575,6.578200681178335,11,1028,105.11,365.16,739.31,38380.87,0.00184,32,12,8,38,80.65,1
-49.49078296543262,-47.60373434338386,0.6426131662850854,1,124,14.93,78.64,128.96,1174.09,0.0533,2,0,0,2,4.1,0
-55.03086409493002,-63.363783822402894,4.498818413110243,6,582,82.29,366.95,1013.71,30197.08,0.01158,27,13,9,47,26.66,1
-58.489139255898024,-67.36485826983136,1.5,1,904,113.51,327.14,586.23,37132.75,0.00488,31,14,7,41,66.01,1
-54.38627605611512,-41.61142749380594,2.2972306443361816,6,63,7.61,84.1,158.29,639.76,0.1458,1,0,0,2,3.29,0
-42.33104689108752,-53.77168283632031,3.761535074811051,6,67,10.7,100.73,153.3,1077.86,0.089,0,0,0,3,4.13,0
-60.16002841859116,-56.94008460069125,5.720607834634492,11,741,96.17,336.14,759.02,32325.42,0.00155,22,10,2,45,17.37,1
-48.280011167053615,-43.324450600279256,7.378577720124475,6,536,81.46,283.96,569.58,23132.32,0.01557,24,16,11,34,76.91,1
-45.98667759275585,-52.61551567725148,1.4161037103943497,1,26,4.17,110.75,140.6,462.17,0.2735,3,0,0,1,6.2,0
-64.05873916189874,-51.879468554243196,7.063172013811378,11,360,65.12,186.38,529.67,12137.4,0.01205,22,15,9,35,77.6,1
-45.66557036914281,-60.01274110215924,3.418232526533449,6,95,9.7,72.07,80.91,698.95,0.0895,2,0,0,2,3.36,0
-54.2028437170813,-62.217056760896256,8.696866142722472,11,741,127.53,272.05,827.23,34694.5,0.01001,21,8,7,31,47.25,1
-55.09184255921096,-49.84173100657536,1.9631308671292007,11,68,7.17,88.14,151.32,632.38,0.1439,2,0,0,1,4.03,0
-56.43400550032824,-43.269718219226014,8.208870281966348,11,828,103.01,567.24,792.54,58433.85,0.0159,25,8,8,49,81.7,1
-50.2031385066984,-52.49999576197968,2.0255854046341555,11,57,7.48,131.94,198.74,986.61,0.1361,2,0,0,2,2.99,0
-32.0,-60.743659991683934,5.8087258597418945,1,498,63.09,415.04,552.15,26184.03,0.0216,24,18,8,33,88.21,1
-39.46371000136959,-44.9458875806139,1.2963997851045472,6,45,5.41,104.5,161.78,565.67,0.1881,4,0,0,3,3.97,0
-60.50959457930373,-49.72393390491632,1.3947951591824814,11,58,8.75,120.89,192.47,1057.35,0.0918,1,0,0,0,1.45,0
-55.10731145493129,-52.39481992643311,1.0530544785743987,1,112,13.2,138.82,184.08,1832.03,0.0769,3,0,0,2,1.67,0
-79.09171182401353,-61.78188116496059,3.555267992832487,11,543,83.53,442.75,863.12,36981.65,0.01623,22,7,9,52,20.81,1
-57.10774200199864,-50.12316015583672,5.182130778488249,1,877,96.71,168.96,639.63,16339.29,0.0097,24,8,8,43,81.82,1
-59.334881532088744,-51.81548470879058,2.5392279277617567,1,34,4.17,99.36,158.1,414.24,0.2302,1,0,0,0,3.44,0
-61.72666346552688,-45.74586809782189,3.1417106490138536,11,62,11.82,88.59,109.17,1047.38,0.0979,2,0,0,3,1.23,0
-66.69931390007585,-50.610719048330076,3.1191179850137534,11,65,9.1,56.8,117.45,516.78,0.1012,2,0,0,0,4.36,0
-61.8678122319943,-56.97582327741672,4.307443186994561,6,746,115.32,248.02,860.24,28601.4,0.01289,25,14,8,41,53.68,1
-60.02384968753035,-45.56844290142478,7.246475843431019,11,909,92.91,333.15,739.88,30954.74,0.01172,24,8,5,36,42.53,1
-61.29552759795409,-50.53454954061657,2.721186485341167,1,60,6.91,89.0,80.0,614.99,0.1384,0,0,0,1,2.49,0
-61.17821942827561,-49.2582556784188,3.022479237682194,6,536,62.44,277.06,631.72,17300.56,0.01486,30,13,9,47,26.16,1
-57.080385066660426,-44.85697907443172,7.780684887970551,6,277,54.84,125.01,526.5,6855.87,0.02141,24,9,8,48,65.82,1
-58.62001942821552,-49.18349301750053,8.282383932944196,11,1113,114.14,460.32,775.76,52541.03,0.00701,30,10,8,48,49.48,1
-49.45715844526728,-40.51728375958946,3.987490577922495,11,45,8.79,50.67,80.0,445.17,0.1149,1,0,0,1,1.54,0
-45.51200860496421,-51.81292930801223,1.8423138912075312,6,46,7.74,120.99,141.99,936.33,0.1486,1,0,1,0,3.65,0
-52.35411181003401,-56.24643267687962,3.699554469825827,6,52,6.93,188.11,287.21,1304.14,0.1295,0,0,0,2,2.16,0
-42.76587569723194,-60.940909624415205,7.906820510713038,11,752,109.93,335.41,530.6,36872.34,0.00825,27,10,10,43,18.14,1
-60.9509697744381,-51.545250700213884,1.2876825717080425,11,18,2.32,99.36,189.69,230.93,0.4229,3,0,0,1,1.6,0
-55.73829522429718,-46.765407744110476,4.689700465522139,11,366,64.28,409.26,1175.93,26306.49,0.02472,22,11,8,45,94.06,1
-48.04134643704204,-51.61965708684163,7.219576944461952,11,436,72.26,433.86,854.42,31352.36,0.00646,25,8,12,36,54.52,1
-55.25227250693873,-58.589192380365226,8.728909580480378,1,363,51.51,322.56,769.71,16615.53,0.01509,28,10,13,40,63.28,1
-58.0583484694224,-44.39079354105161,5.554114383777773,11,836,131.53,120.0,524.67,15783.69,0.01183,28,9,4,31,64.87,1
-48.20794889632402,-57.18908748429361,6.80903951138596,6,536,81.99,466.9,814.74,38279.83,0.01587,28,5,5,39,76.65,1
-49.665156918546565,-58.63590969603532,4.49846587474593,11,43,4.93,127.32,150.22,627.64,0.1961,2,0,0,1,2.92,0
-50.692915508530525,-52.82062637548225,7.3851526701636665,11,715,73.84,120.0,340.32,8861.27,0.01998,27,9,6,34,67.82,1
-49.17636630231293,-47.72158430889048,2.109794705833469,1,64,8.65,117.84,117.05,1019.54,0.1131,2,0,0,2,1.34,0
-65.79346919158196,-58.01790932570782,4.132210898994424,1,587,73.39,422.49,534.41,31006.1,0.01469,24,10,3,39,70.83,1
-54.63888461912852,-59.04146777129132,5.886560783365184,1,863,97.25,324.5,458.85,31556.6,0.02111,16,15,9,34,30.64,1
-51.03243602167988,-52.238573388569044,3.0502630709401326,6,80,9.32,109.79,172.86,1022.88,0.133,0,0,0,2,3.36,0
-57.77662539544872,-60.662321528031256,4.847553445620755,6,499,81.18,477.26,784.78,38743.88,0.01251,25,15,8,38,48.56,1
-45.911671689845306,-65.44422556598767,4.308299094493722,6,62,11.62,66.74,85.81,775.36,0.102,0,0,0,2,3.72,0
-48.86599478933452,-49.451893280765475,2.6076863194949693,1,83,9.3,76.67,159.37,713.41,0.1089,1,0,0,1,2.29,0
-50.93887108626334,-46.44173951300052,4.196691737232455,6,73,9.41,126.63,230.15,1191.04,0.1059,1,0,0,1,4.67,0
-54.66302932687408,-42.67861198903462,2.3383742359751625,6,64,8.28,119.1,176.04,986.48,0.1376,1,0,0,2,2.48,0
-43.49162308451614,-40.054078720668166,2.2857554566290896,11,76,8.71,102.43,172.01,892.48,0.0834,0,0,0,3,5.48,0
-67.30390872372016,-79.62840903191625,10.424268105953015,11,554,95.88,278.9,569.47,26742.19,0.01185,24,10,9,35,71.08,1
-67.36628622565546,-56.65244274406212,4.2581109162143385,6,28,3.55,86.59,185.43,307.68,0.3033,1,0,0,0,2.25,0
-36.36134843441588,-50.2757157421387,3.4040649493002597,1,46,7.54,128.19,228.67,966.09,0.138,1,0,0,1,2.78,0
-78.37746806647401,-59.36981363415957,5.809212510514538,6,572,73.58,467.03,885.89,34363.86,0.00218,23,12,10,38,81.26,1
-37.358316374231585,-52.8996136028054,0.6852382513248032,1,105,11.7,52.53,102.32,614.57,0.0567,1,0,0,1,2.94,0
-44.24625862361368,-49.67502491311323,3.7274512968086553,1,59,8.73,80.27,136.26,700.83,0.1,0,0,0,0,4.34,0
-64.50708615691437,-50.56504789253657,4.046611410763575,1,73,9.33,126.53,207.38,1180.2,0.1139,1,0,0,4,2.69,0
-35.04286469241553,-44.276978544951476,1.9070959856707266,1,78,9.19,157.27,194.95,1445.49,0.1019,0,0,0,2,5.61,0
-50.88632630467696,-53.86719546538956,1.7410151360069004,6,29,4.27,110.4,151.85,471.12,0.1812,2,0,0,0,2.48,0
-38.52491038784903,-57.72142488816416,3.9194634728149538,6,87,9.28,85.95,135.08,797.94,0.1174,1,0,0,2,3.74,0
-53.86477952634756,-64.76258526169516,2.066544670222135,1,57,7.24,68.63,113.27,496.84,0.138,1,0,0,0,0.2,0
-44.43037644243997,-49.48301636614171,1.9396992231018504,11,38,7.49,101.3,265.66,758.64,0.1464,1,0,0,1,2.97,0
-33.14799627484201,-80.33033805334657,4.908593457692221,1,868,125.65,314.47,753.94,39512.23,0.01313,22,12,6,31,44.94,1
-55.504327021920574,-42.443629263882585,0.9948720573293468,1,90,9.57,115.99,168.38,1110.31,0.0875,2,0,0,0,3.19,0
-62.641448153028094,-71.49080020201268,4.361333967581398,11,797,84.53,496.31,1090.5,41952.36,0.00301,24,11,8,48,61.74,1
-47.96597565797252,-53.61415498735992,3.515662283385663,1,60,7.23,108.1,178.54,781.57,0.1304,2,0,0,1,3.02,0
-43.86275896722603,-64.94534304581173,2.1615442537580853,11,63,6.35,74.91,133.58,475.79,0.1623,1,0,0,4,1.69,0
-51.76075598992798,-46.79690911532792,2.1998849070149866,1,80,10.66,108.48,174.04,1156.44,0.0869,2,0,0,1,5.04,0
-39.09118510624012,-45.33765416585522,2.9602246732062887,11,83,9.12,105.09,176.06,958.31,0.0995,3,0,0,0,4.03,0
-60.453322955027716,-53.96124191864971,8.145545867482065,6,1007,103.33,302.66,650.5,31274.81,0.00821,20,8,10,37,66.22,1
-46.28185411548692,-67.09797689004705,6.30952038011183,6,862,91.43,268.17,763.38,24519.97,0.01641,26,9,3,33,58.69,1
-59.39385785803468,-61.04488719867265,1.0985488522758204,11,73,8.02,64.33,99.04,515.83,0.1269,1,0,1,2,2.98,0
-59.87450548571508,-59.19641095494421,2.4795044378271696,6,45,4.95,142.54,203.71,706.02,0.2013,2,0,0,0,2.85,0
-67.07123864602355,-70.6378419484643,6.922426382917467,6,651,100.1,313.66,451.74,31397.62,0.01242,27,13,11,30,81.8,1
-53.71572974602131,-61.604943610387394,6.150782557667897,6,597,69.96,448.97,926.88,31410.7,0.01355,29,15,6,36,79.1,1
-67.06656075997999,-42.31935423864785,2.719877363023366,11,43,4.55,179.93,209.55,818.64,0.2247,1,0,0,1,3.4,0
-53.079111152858154,-52.82959139286885,2.5229574014939185,6,220,36.94,545.82,940.95,20160.74,0.02518,27,19,8,45,58.78,1
-51.78995423028342,-57.39664143741452,4.211422798932491,11,35,5.77,103.73,186.29,598.44,0.1536,1,0,0,2,4.48,0
-61.104691437675896,-52.29451563586093,6.38888850672217,11,492,51.51,401.01,668.06,20657.86,0.02128,24,8,6,27,67.8,1
-62.161512516470964,-47.422530241542844,4.876872734967668,1,358,48.54,351.96,730.59,17082.37,0.02416,22,16,6,33,31.39,1
-50.089309715956276,-43.4111373164355,0.29774323102144384,6,65,9.29,128.52,146.39,1194.25,0.1016,2,0,0,1,5.04,0
-32.90092137309115,-58.47357004722562,4.594822003380926,11,663,83.32,373.84,991.47,31148.92,0.01371,23,12,1,38,67.91,1
-67.68387360533352,-56.77187316563302,7.626343357356539,6,582,90.71,296.59,806.25,26902.24,0.00888,28,7,6,46,85.03,1
-55.96332492402001,-46.0760614358383,3.2261290561155533,6,84,9.63,170.62,196.91,1642.68,0.1109,2,0,0,1,3.84,0
-63.51067796273959,-59.00537289444685,7.767059896987905,1,528,103.15,318.09,976.3,32810.69,0.02123,25,13,3,47,26.27,1
-46.642602247046,-41.75582791797068,2.3507669148200114,11,56,7.37,116.73,178.24,860.5,0.1623,4,0,0,1,2.57,0
-49.00654646784179,-50.91424025547321,2.2897422482265717,1,89,8.99,116.66,171.23,1048.2,0.0997,0,0,0,1,1.29,0
-48.045579031089616,-55.72836696128271,2.1188446922975706,1,110,11.32,146.85,190.64,1662.21,0.0797,0,0,0,0,1.37,0
-59.36948144178164,-52.05189175607344,2.1485967319945183,1,62,7.51,144.21,198.16,1082.3,0.1186,1,0,0,4,0.35,0
-54.50113542186771,-53.170026265926516,4.214380320356602,1,20,3.9,105.76,197.04,411.98,0.2612,1,0,0,4,0.69,0
-51.944041793158306,-54.0248584187597,2.464021303808504,1,81,8.28,77.19,126.48,638.84,0.1148,1,0,0,0,4.6,0
-44.55053357799394,-67.36442431395173,3.8261290700366843,11,53,6.04,107.32,140.83,647.75,0.1532,2,0,0,2,3.0,0
-52.926419713502405,-55.88228583645236,0.6278242591294261,6,84,8.53,93.88,120.84,801.0,0.1448,1,1,0,2,0.78,0
-51.28725570827691,-55.98009664998676,3.7888323923109892,6,58,8.94,114.93,168.43,1027.67,0.1138,1,0,0,0,1.88,0
-55.44572962135771,-57.80076112699621,1.1552552536835872,6,44,8.7,106.85,192.43,929.23,0.0988,0,0,0,1,2.06,0
-58.337556488772826,-42.99038876421284,3.211463651567547,6,46,8.04,138.28,145.74,1111.45,0.112,0,0,0,2,4.53,0
-62.46962175612757,-51.12257765820696,3.9639264045143334,1,49,7.93,130.28,249.65,1033.54,0.1352,2,0,0,2,2.5,0
-46.48328701345979,-51.5093811342561,5.868131728495663,1,368,60.35,377.82,898.91,22802.31,0.01012,23,15,11,37,89.87,1
-53.6248798334675,-53.40970422264741,2.4989867674633843,11,31,5.07,101.17,175.85,513.14,0.1957,2,0,0,1,1.2,0
-53.61741775929643,-51.97025981794558,2.966225122651479,11,67,12.76,89.07,155.22,1137.01,0.1199,1,0,0,1,2.45,0
-55.9001936893717,-57.10124425083435,3.122441046759465,6,56,10.78,40.0,135.34,431.29,0.1127,0,0,0,3,2.84,0
-65.85178841793159,-41.721763485317425,7.494109779400946,6,710,87.37,191.93,615.44,16767.98,0.01374,14,13,6,49,61.74,1
-61.25600477130129,-48.57879457652745,3.1236763264791145,1,7,1.24,111.1,208.91,138.29,0.7873,1,0,0,0,3.67,0
-56.68807543023084,-42.02431771700127,6.427935267109226,6,725,89.42,210.52,700.62,18823.9,0.00405,32,7,7,42,66.96,1
-45.42031508934005,-84.99710474782222,5.201390951688059,11,933,97.05,120.0,613.6,11645.8,0.0122,31,12,4,55,73.0,1
-40.48988802836416,-46.87369203592977,2.51234545742614,1,62,6.87,178.03,285.65,1223.33,0.1145,0,0,0,2,3.86,0
-71.88673261006059,-55.63170844733705,11.704141119300813,11,433,80.91,363.39,458.23,29402.0,0.01319,30,13,4,46,59.4,1
-57.02466431701479,-63.11715969108923,5.997464801345754,1,520,90.09,188.05,630.47,16940.21,0.00463,25,18,9,32,52.35,1
-58.77699449577524,-53.055938114884256,3.341310073323839,11,449,80.66,273.46,786.27,22056.44,0.02036,25,12,5,40,52.8,1
-44.324974385973356,-59.89558105970348,8.293406015188037,6,693,120.67,226.97,682.65,27389.32,0.01118,26,7,1,37,82.19,1
-43.533355082899796,-52.04746594074836,0.9361964997943288,11,21,2.57,113.45,171.94,291.35,0.3913,0,0,0,1,2.56,0
-53.05817866483385,-49.77407065036268,3.6502237584974537,6,72,10.92,122.23,145.17,1334.98,0.1106,2,0,0,3,1.46,0
-40.02438752919511,-53.231969654558476,5.039142639201344,1,496,90.82,262.34,359.46,23827.21,0.01336,24,12,6,38,96.14,1
-50.325955007565774,-53.41749779574213,3.7870922599469115,11,48,8.47,89.18,147.06,755.42,0.1311,0,0,0,0,2.83,0
-62.47371952786409,-48.206262936061044,2.565685863394786,1,230,30.72,579.78,1090.38,17808.93,0.02857,31,12,6,44,77.37,1
-62.614912376986894,-53.38316039200565,8.304563999444808,1,907,113.57,269.46,688.96,30602.96,0.00741,27,10,5,40,43.86,1
-49.204569202320336,-53.091450748751825,5.225000452408234,11,729,117.86,488.47,794.17,57573.02,0.01202,34,11,6,31,62.23,1
-56.11308177602367,-57.82902372376886,7.7200461750567175,6,460,51.44,444.02,903.75,22840.84,0.01957,25,10,8,45,59.69,1
-62.18788681609384,-65.48529843182834,10.681359606531526,6,800,83.21,366.61,685.39,30505.37,0.01793,27,16,6,43,75.92,1
-45.30187015272719,-59.850553192363776,3.4753580683391974,1,449,62.59,368.76,915.55,23079.14,0.00949,20,12,9,47,93.9,1
-55.68554687561281,-50.120580835751696,3.2360561337383746,11,35,3.59,118.49,180.28,425.1,0.2611,1,0,0,3,0.58,0
-58.111262111421944,-50.149587129179,8.230637692164795,1,446,87.98,224.31,642.59,19735.19,0.01361,17,13,10,40,52.59,1
-36.99587222656114,-49.606122191564594,2.7056566405948987,11,121,12.68,63.42,127.85,804.5,0.1038,2,0,0,3,2.97,0
-50.01345561461121,-68.24482125700113,9.321493535815726,6,774,100.84,378.57,748.05,38175.99,0.00577,31,9,5,41,68.12,1
-50.1370200744511,-42.087523132503364,9.496349707578137,11,536,102.35,331.34,912.48,33913.35,0.01567,31,15,5,42,77.36,1
-62.399921609190734,-59.70691514300548,5.4514081993343435,6,338,60.19,358.91,546.29,21603.47,0.0222,14,14,6,52,115.28,1
-60.70615054123992,-55.43166866767813,6.743518479337536,1,379,43.55,392.3,809.5,17084.2,0.03119,19,13,10,28,64.97,1
-64.01030799064822,-50.24973394543536,2.2108356015893875,6,41,5.92,185.96,292.95,1100.77,0.1552,2,0,0,2,4.75,0
-62.78248063093888,-47.051543520712194,3.7710718708601423,11,51,8.77,116.16,195.5,1019.29,0.1401,2,0,0,1,6.56,0
-63.39571368662516,-70.56234587012858,6.205869662641267,11,708,133.26,296.21,510.08,39471.11,0.00892,24,8,5,46,67.01,1
-63.235391853027465,-47.89822762312167,1.5955467737039548,11,34,4.88,58.43,93.23,285.02,0.2025,1,0,0,2,3.93,0
-58.71806093221507,-49.84533525159558,6.203637923005494,1,899,123.03,598.61,996.94,73646.46,0.0073,18,14,7,42,36.21,1
-42.9624099979054,-68.36874622166297,11.283799500794032,1,713,87.29,265.55,779.55,23179.99,0.00642,28,19,7,43,67.99,1
-47.48421118637215,-53.12796962849933,0.2,1,34,4.9,121.71,235.54,596.04,0.1845,1,0,0,0,4.33,0
-52.280664384731054,-51.0343471803037,3.26677429226312,6,9,1.0,134.57,253.47,134.57,1.0,0,0,0,1,1.94,0
-54.5265780449327,-58.62440782774475,4.169092492798475,11,497,93.08,357.36,1081.76,33261.61,0.00592,21,11,4,38,89.82,1
-51.40240032878188,-57.43884369684029,2.1841658316801755,11,68,8.73,68.07,182.84,594.08,0.1285,0,0,1,2,1.16,0
-54.503775970146236,-38.67590713913876,3.718556230171587,6,313,47.56,322.84,734.62,15354.04,0.02213,22,9,12,36,19.85,1
-50.82270489231608,-65.63553050459855,6.495260118772876,6,587,63.3,120.0,644.96,7595.46,0.02361,24,9,4,31,108.52,1
-36.608065025623674,-57.36569813129231,3.0565591280933226,11,59,10.96,84.04,162.88,920.94,0.0912,0,0,0,1,2.94,0
-70.2356726579685,-69.78365832756253,5.098838443016707,1,501,66.35,393.68,648.55,26121.13,0.02404,28,13,2,33,43.61,1
-49.54083226808458,-58.51921015740575,2.6155495231644648,6,102,11.5,79.45,179.12,913.36,0.0827,1,0,0,1,0.95,0
-65.67935833295131,-72.5453416311697,6.565773412301023,6,672,99.29,271.45,414.14,26952.95,0.01383,30,10,2,36,57.91,1
-51.72480853782993,-51.09089816951213,1.2984805340812786,11,25,4.32,123.5,246.28,533.92,0.2613,3,0,0,1,1.98,0
-40.26383641228013,-49.8513783240447,3.091053475642475,1,76,10.22,104.81,159.66,1071.01,0.119,4,0,0,0,2.74,0
-88.0,-47.47183791197651,3.4105795904283442,11,1016,108.58,322.51,863.72,35018.46,0.00553,27,15,12,45,72.98,1
-55.68797237191024,-49.04841879186215,2.5499759747065958,11,80,8.76,151.06,179.7,1323.11,0.1131,0,0,0,0,3.58,0
-50.99547752979632,-49.39369135126188,9.175123010377881,11,919,94.39,247.78,499.22,23386.99,0.01718,25,8,8,36,75.76,1
-56.40261748452942,-48.25484131469587,1.7796519626406515,11,67,7.99,54.73,104.21,437.51,0.103,1,0,0,1,2.51,0
-61.26511810980972,-53.02071514678095,2.876095367553991,6,57,8.39,40.0,145.45,335.78,0.1175,1,0,0,2,3.71,0
-57.26420105723091,-52.92130193302023,3.4236541553689124,11,74,11.78,42.95,121.46,506.06,0.0778,3,0,0,2,3.7,0
-49.416074755365116,-52.6112771937307,9.96116008727999,6,1304,134.34,323.0,542.92,43392.54,0.00756,22,14,7,46,94.3,1
-53.24234240965511,-54.043036570191035,3.036817456597867,6,52,7.71,71.14,140.41,548.36,0.1322,3,0,0,5,3.71,0
-46.46947115369438,-56.10750213296713,1.1513243436260423,6,57,7.49,173.21,235.08,1297.46,0.1377,1,0,0,3,5.9,0
-58.13323290782076,-49.51995645028708,5.420871495146188,6,238,44.49,321.58,673.25,14308.71,0.02154,17,12,4,39,66.76,1
-35.0,-43.395890291562864,0.2,1,79,10.55,89.25,186.9,941.9,0.1277,1,0,0,1,3.01,0
-52.46334842882133,-41.453401199915064,3.4511651707789266,1,48,9.43,126.23,213.83,1190.71,0.0834,2,0,0,1,1.71,0
-64.92771855937119,-55.543624782576444,4.955686767372869,1,348,59.07,258.83,606.09,15289.56,0.01837,36,8,7,45,36.16,1
-64.46171953276153,-69.96870747593383,6.731473642807831,1,584,102.83,353.18,501.28,36318.97,0.00744,20,9,9,34,71.77,1
-62.78211275979983,-58.72196045677686,3.5970045616412736,11,287,48.97,294.31,308.16,14412.63,0.02517,28,14,8,39,55.55,1
-62.5240021775295,-64.17469200393543,10.784478985873987,11,624,102.68,139.14,291.11,14287.14,0.00135,21,13,8,32,92.49,1
-69.95253373183867,-58.228539737931015,5.261035122827919,1,813,90.31,470.65,915.69,42503.53,0.00918,22,14,5,28,79.03,1
-73.59225644696741,-49.19381136154399,5.1813372601228425,1,753,97.66,397.88,497.27,38857.31,0.0132,25,7,11,47,57.67,1
-48.0454154251723,-41.861064277353904,3.7391599984204347,1,70,11.39,93.69,154.63,1067.12,0.0633,1,0,0,0,3.64,0
-58.05988726617236,-54.65515879323299,2.3067869792418074,11,66,6.82,86.43,148.25,589.1,0.1135,1,0,0,1,2.82,0
-55.397310751179496,-54.90032481750718,5.318697738109495,11,316,59.0,382.16,906.52,22546.46,0.01611,29,5,6,47,70.47,1
-58.42396282150182,-40.88281015036856,2.433211321171189,1,53,7.53,118.46,217.35,892.0,0.1256,2,0,0,1,1.51,0
-50.86536421662079,-46.533991097739715,2.8088441749875477,6,1004,111.65,227.9,989.35,25445.35,0.01137,27,11,10,35,60.06,1
-54.20455648530002,-52.50993880562049,3.3397099365599665,1,31,3.92,89.55,188.27,350.97,0.2644,2,0,0,1,3.26,0
-42.17166007490439,-77.56774982667027,4.4033332529688405,11,740,92.65,350.52,358.89,32473.8,0.00996,30,11,11,39,73.87,1
-59.098484350196955,-49.39738526671329,1.735832242115777,1,49,9.73,84.12,174.61,818.17,0.0961,0,0,0,3,3.86,0
-56.678622783096735,-45.11573390920114,1.5628507934868663,1,84,9.68,165.24,238.19,1599.27,0.1149,0,0,0,0,4.7,0
-69.73958335713198,-42.89066569367625,5.088364628656468,1,837,104.53,348.54,648.31,36434.69,0.01049,22,13,8,38,61.5,1
-56.648456555216676,-49.89948114493426,2.439240219074862,11,782,108.13,333.57,876.22,36070.68,0.00926,33,12,4,36,67.14,1
-53.98214330220554,-53.99557996462907,1.4957654738697959,1,49,5.53,130.36,139.07,721.29,0.2318,1,0,0,5,3.32,0
-46.74449339689033,-50.05414917462077,9.026726869964598,6,294,30.0,407.35,656.03,12220.6,0.02772,13,8,6,35,57.2,1
-40.35036723951653,-41.11194790642618,2.6468751731218187,6,34,6.78,98.37,173.32,666.84,0.1566,1,0,0,3,5.86,0
-57.056522512071695,-47.79378383876736,1.9448282756502466,1,82,9.84,136.23,176.74,1340.87,0.0963,1,0,0,0,1.88,0
-49.0577401915671,-53.207138580968504,1.683152097624545,1,70,10.54,116.94,143.27,1232.5,0.0859,1,0,0,1,1.49,0
-53.24475531263952,-57.994427305790666,9.323852001445477,6,671,94.03,295.27,650.29,27764.34,0.0073,30,13,9,37,88.39,1
-52.862882174302186,-59.78212907144949,4.326586833019735,6,919,112.18,223.85,714.04,25112.42,0.01202,29,12,4,38,60.95,1
-46.573395692045,-57.91393701380008,0.9170445802777636,6,65,9.33,101.6,195.74,948.05,0.1195,1,0,0,2,2.21,0
-46.663267272115164,-67.26810775962959,6.430332606359815,1,687,96.41,193.34,362.72,18639.31,0.00803,23,7,8,34,46.54,1
-61.90978100526337,-46.84717801154618,3.892777390665674,11,390,77.48,257.48,486.08,19948.59,0.0146,17,14,11,31,76.35,1
-53.620127583821535,-51.70155600733241,2.9512293855218332,1,20,2.03,94.08,225.86,190.74,0.5037,2,0,0,0,4.68,0
-44.0115668990561,-56.85200734615289,10.026512464070947,1,1119,113.72,171.48,581.88,19500.8,0.01504,20,12,8,46,72.29,1
-51.711557532528666,-49.44131550281035,1.8744953481042397,11,67,10.75,92.57,104.96,994.93,0.0537,0,0,0,0,2.72,0
-70.16362856377127,-54.06827144887591,6.307814560228975,6,610,110.36,246.71,634.8,27227.52,0.00543,14,18,13,34,51.93,1
-35.07536124718488,-42.362805039901055,2.194322138698493,11,43,6.27,58.57,113.52,367.05,0.1291,2,0,0,1,3.66,0
-52.439226787780726,-58.34592877673719,3.3938183535575837,1,73,13.63,94.12,180.39,1282.93,0.0964,0,0,0,1,2.48,0
-60.97295873410066,-51.48093525527623,2.1535637478149,11,70,12.44,114.72,189.48,1427.58,0.0894,0,0,0,1,1.36,0
-37.61818433765456,-55.83145714226213,2.05320259386113,11,39,4.53,121.61,208.91,551.02,0.25,0,0,0,0,3.04,0
-69.59566141452856,-55.287783406587906,9.803669134802613,1,410,64.77,192.4,555.56,12462.65,0.01281,21,11,5,35,78.52,1
-51.461069862634325,-38.41379250242843,7.059597135981206,1,868,128.27,389.19,772.1,49922.55,0.00358,27,10,10,36,60.87,1
-87.45463127280786,-54.74501234727067,7.574578118291485,6,403,56.2,398.9,791.39,22417.65,0.01229,23,3,8,45,58.8,1
-49.23632110197737,-52.802979146530205,2.9782807007301777,6,55,10.0,157.14,207.56,1571.36,0.1225,1,0,0,1,5.0,0
-40.30215140005727,-57.7724627804296,2.250965294056197,6,93,10.49,114.42,159.09,1200.1,0.0757,1,1,0,1,1.3,0
-63.665226608788295,-57.73512154024439,7.054690402327166,11,622,112.59,439.9,891.32,49529.28,0.00731,26,18,3,37,59.35,1
-61.908820658492964,-55.64358149227662,9.684854412613786,1,783,86.27,366.49,919.36,31617.3,0.01085,25,11,8,32,46.34,1
-56.80856335166092,-62.44477858807764,3.048087704082142,11,85,9.16,128.09,182.3,1173.7,0.1348,0,1,0,0,3.62,0
-56.6980415659147,-54.08458702291717,3.0550697200713453,11,44,7.85,93.74,139.51,735.98,0.118,1,0,1,2,3.38,0
-48.85192421102337,-71.55188690641288,8.711198110313557,1,334,59.06,163.85,525.77,9677.09,0.01835,29,13,10,45,56.84,1
-52.59925108418803,-48.931606022953765,2.938972640418185,6,47,7.26,82.07,165.32,596.04,0.1391,2,0,0,1,5.09,0
-44.57770956654214,-58.04828722524417,1.078271258551301,1,66,7.05,108.71,171.09,766.52,0.1358,0,0,0,3,1.44,0
-41.46134447162662,-79.22983120173255,7.127212279966533,11,494,54.91,383.04,884.95,21032.92,0.01744,10,15,7,47,92.11,1
-42.27307818993957,-57.969606662897974,1.9756233330620154,11,35,6.05,116.33,173.25,703.58,0.189,0,0,0,3,2.81,0
-57.88719206381182,-52.20356362075677,7.092793541299733,1,646,82.57,209.58,510.52,17305.23,0.01285,20,18,6,38,69.72,1
-51.541271934189645,-51.38613799714684,1.4858403078597877,6,49,8.59,40.0,97.17,343.73,0.1145,1,0,0,0,2.65,0
-48.58481660586303,-47.64162092080625,2.327814838704876,1,75,10.35,84.48,164.08,874.7,0.0658,2,0,0,0,4.04,0
-50.12721799711412,-57.89473155200555,2.84955794863206,1,50,7.39,134.79,207.24,996.62,0.1425,1,0,0,0,0.45,0
-46.71749467979174,-57.955196844983135,2.457853186287309,1,54,7.17,128.73,155.47,922.95,0.1051,1,0,0,0,6.35,0
-54.92787873254667,-51.952064146552345,2.6366992033272125,11,47,7.51,116.11,135.42,871.94,0.1316,3,0,0,2,1.87,0
-42.868404120191144,-50.12100635600591,1.3453980867282505,11,84,9.36,80.5,198.56,753.72,0.1169,1,0,0,3,5.06,0
-41.43090521815779,-53.75064231491847,3.3645851955276562,6,50,6.23,109.08,206.61,679.31,0.158,2,0,0,0,1.17,0
-59.25901030989162,-56.75611443682345,5.567285706948838,11,659,105.28,206.26,580.21,21716.49,0.01563,20,10,8,40,67.69,1
-64.16643913088436,-69.11729157683612,4.294679977442454,6,486,96.63,320.76,841.3,30995.6,0.01666,29,9,7,47,63.31,1
-42.70064832445789,-54.15797007200384,3.4910666908315,6,39,4.03,119.63,203.17,482.32,0.256,1,0,1,1,1.51,0
-50.56557544408653,-38.646480862589826,6.059034584004515,6,1207,127.78,319.06,443.73,40769.99,0.00677,37,12,4,30,54.34,1
-61.46452474899782,-43.410122560891324,4.008027830357348,6,1013,105.79,440.6,689.68,46612.36,0.001,16,8,7,46,68.39,1
-48.06302266791591,-67.7786234973686,11.281564608470301,6,516,83.67,297.63,784.1,24903.19,0.01482,36,13,6,35,68.44,1
-59.33046132053925,-39.30622101962497,2.362647013080477,11,112,15.15,124.43,262.84,1884.85,0.089,1,0,0,1,4.02,0
-32.0,-59.93893165436878,10.804220897043171,1,788,111.81,309.16,639.24,34566.46,0.01246,33,12,4,46,62.91,1
-56.006730394014255,-59.80904424433559,6.806947531070868,1,538,105.72,214.83,753.66,22711.88,0.01672,22,13,13,51,42.31,1
-57.3151779431406,-59.19772216197977,8.423850557655435,6,935,120.9,239.62,362.08,28970.24,0.00213,34,10,8,39,45.82,1
-58.06034091849984,-69.17202883698587,6.600644343208025,6,524,90.28,274.52,676.83,24783.76,0.00582,19,13,3,44,97.94,1
-60.866173888115895,-49.27280876878714,2.517750972207175,11,22,3.77,134.26,233.02,506.22,0.2688,1,0,0,1,3.1,0
-62.88297051155897,-50.93661912839133,3.1868669613348564,1,18,3.46,54.69,209.43,189.01,0.3209,1,1,0,0,5.49,0
-52.49500914207124,-52.6940370548767,2.8074107664940238,1,26,5.2,100.63,147.1,523.19,0.2015,1,0,0,1,1.93,0
-60.30956749705065,-55.303758557239796,6.732973042212703,6,550,61.84,204.32,389.38,12635.23,0.01668,20,14,9,40,86.11,1
-42.227359015286794,-58.13252347586018,3.7659336265568184,11,25,2.68,156.3,254.12,418.13,0.374,1,0,0,0,4.0,0
-50.99672340684488,-56.58348505229722,7.162142309213247,6,847,107.14,571.15,935.2,61194.51,0.00281,22,16,4,51,43.35,1
-51.18472109464005,-53.22561692684379,3.3303977491075423,1,31,3.31,79.06,200.8,261.81,0.3232,2,0,0,0,3.23,0
-52.63223307178591,-54.908212191709254,1.9330016640587582,6,95,14.16,191.12,323.09,2705.88,0.0761,1,0,0,2,3.16,0
-52.35331850946995,-50.485925011951316,1.7146924073642673,1,92,11.34,93.81,209.65,1063.75,0.0814,1,0,0,1,4.07,0
-58.40203394829146,-53.92921470792356,2.4699765521915285,11,150,15.55,81.78,142.67,1271.94,0.0561,0,1,0,2,4.08,0
-72.81936427931902,-44.07035718482225,6.1292631458181805,6,616,76.0,513.64,898.65,39034.75,0.02415,31,12,6,43,59.64,1
-49.468796347094916,-49.58580790948107,1.0453561271418963,1,33,4.3,91.96,180.31,395.0,0.2238,0,0,0,1,0.2,0
-63.8214809527234,-47.23566117605505,5.551282108766188,1,320,55.81,557.06,1007.91,31088.53,0.01787,29,14,9,28,72.6,1
-58.345017414940145,-51.260143573345246,1.7298719173593127,1,26,4.72,71.66,137.55,338.19,0.1866,1,0,0,1,3.1,0
-59.05073991831831,-46.35224241608349,4.976549945047305,11,1180,125.38,305.48,329.31,38301.14,0.01571,25,17,6,46,66.0,1
-45.252961474602,-47.8538112610374,7.74464793283683,11,327,60.46,232.5,729.91,14057.83,0.0187,25,13,10,35,38.46,1
-51.263925776058464,-61.7869703364866,6.3580235225891855,11,151,30.0,283.33,606.8,8499.81,0.03203,31,12,13,43,38.82,1
-38.32260553635467,-68.08031845103247,7.966003959226467,11,1156,128.79,521.5,820.89,67162.2,0.00704,25,13,5,41,41.34,1
-48.55983187042287,-55.897633795609984,2.57796139746004,1,44,4.65,87.97,155.61,408.86,0.2105,1,0,0,3,5.83,0
-36.195205584796355,-75.51376317221676,6.313948709586955,11,1006,101.45,443.4,1019.56,44983.37,0.01035,28,3,9,46,64.99,1
-60.29475645798949,-49.64115458111545,1.9532215777357762,6,66,8.54,131.39,240.85,1122.21,0.1244,1,0,0,1,2.92,0
-59.57894775600771,-48.48916325523354,3.1721549782007075,1,110,12.35,127.3,199.15,1571.92,0.0781,2,0,0,2,4.92,0
-50.610615258653496,-53.053069493984445,11.537374938823245,1,573,60.28,340.5,504.68,20526.08,0.01231,22,13,4,39,27.61,1
-52.66818169214884,-46.560282593375575,5.031737257364256,11,656,83.29,182.28,372.33,15181.63,0.01484,33,6,5,33,57.63,1
-45.786056202512604,-49.41568446118009,3.26480427172659,11,50,5.36,40.0,129.88,214.46,0.1853,3,0,0,1,2.88,0
-47.0709630085215,-45.34345486484766,3.493884603477924,11,67,8.09,129.23,181.52,1045.71,0.126,2,0,0,2,2.42,0
-54.948070878600085,-44.366566829367414,3.2633388475315996,11,73,8.2,136.87,222.96,1122.06,0.1035,1,0,0,2,3.54,0
-50.768765834702315,-56.21399422264738,4.733475739712096,1,739,115.35,272.69,782.42,31455.7,0.001,26,13,8,37,61.09,1
-44.54981469626972,-50.877148079378706,0.2,11,38,6.22,52.35,165.51,325.48,0.1377,2,0,0,0,3.37,0
-73.93521954935719,-40.94940242170935,7.524600136824604,1,457,55.54,264.47,653.99,14688.5,0.00577,25,11,5,39,26.96,1
-59.970510782428704,-63.36653462069561,5.544093147682663,11,773,80.21,208.57,491.13,16729.37,0.01288,29,15,6,55,83.46,1
-54.12717445960767,-68.98094892858617,9.801027396163423,1,210,31.88,409.44,646.44,13051.18,0.0281,28,8,3,38,24.03,1
-68.07503567433011,-53.694615325761774,8.568674141992386,1,529,92.04,280.79,475.23,25843.91,0.00224,31,18,10,38,80.81,1
-42.64534379486223,-49.23189932808576,2.6987706774887186,11,41,4.66,135.39,156.28,630.89,0.2436,1,0,0,2,0.61,0
-54.647996521549445,-44.137422995010894,1.7598258957057729,11,68,9.09,123.96,158.9,1126.98,0.086,0,0,0,1,2.14,0
-51.65202531154286,-61.97667747535352,5.4978157735794095,6,482,62.12,459.4,1160.4,28536.83,0.00551,32,13,5,38,50.28,1
-59.2563602941522,-50.187753069398056,2.8979845575628818,6,49,9.4,128.77,181.93,1209.83,0.0956,1,0,0,1,2.21,0
-55.99795140051816,-38.12901324614302,2.356427353361836,1,76,10.44,85.86,134.96,896.23,0.0899,1,0,0,2,2.57,0
-66.26578742475564,-68.04347264386287,7.054044293345257,6,607,90.78,148.24,732.38,13457.77,0.01352,27,14,10,40,55.1,1
-63.540821432422895,-49.266881517303275,3.0595859117357818,11,645,71.72,370.57,769.3,26579.04,0.0111,21,10,8,36,61.91,1
-67.71175087738881,-76.13162446369084,8.626478315141362,6,797,83.75,208.38,720.7,17451.64,0.0106,30,10,4,46,72.1,1
-61.71253418738549,-65.5402971763374,7.510954420244082,11,461,73.15,301.78,427.36,22074.49,0.01588,31,13,4,45,40.74,1
-51.91195048353717,-59.14343401667986,2.9144233294786384,11,73,10.69,127.46,185.98,1362.94,0.0942,2,0,0,0,2.19,0
-58.30602964505563,-52.47921121531927,3.4876748703118587,11,474,49.2,381.93,751.71,18792.66,0.01828,25,16,9,36,55.63,1
-52.506886371813806,-53.66402925276201,1.3518667051955402,1,38,5.3,102.15,208.71,541.51,0.2141,1,0,0,1,1.82,0
-52.14587581247357,-59.719305930935484,6.489387675430436,1,1140,122.26,305.52,600.47,37353.27,0.01234,20,4,6,38,79.26,1
-46.276018756159615,-56.29731469066759,2.4548626194871552,1,91,9.48,118.61,168.89,1124.83,0.1376,2,0,0,0,3.81,0
-50.488196530858914,-57.337052435266656,2.515267151658007,11,759,88.64,241.53,579.73,21408.57,0.01678,28,11,8,44,46.98,1
-42.19743858183069,-45.70657770897051,3.633602358005998,1,66,7.08,131.78,145.64,933.05,0.1527,2,0,0,0,2.93,0
-57.352844684680846,-53.870652958687344,6.412006182813158,1,674,68.06,543.17,1107.72,36967.55,0.01638,29,11,5,55,84.75,1
-50.256503604334064,-45.621987242172494,10.196147151145976,6,450,64.93,262.6,695.25,17051.38,0.01723,21,13,4,38,77.67,1
-53.676297455814264,-57.85141787051581,3.9577866947114027,1,66,7.89,88.92,134.91,701.84,0.1445,1,1,0,2,3.62,0
-54.246858882686055,-47.1274227238924,1.6928864793586782,11,40,6.99,126.66,168.26,885.27,0.1406,1,0,0,1,2.04,0
-62.9801270325181,-48.465797415396075,8.225174758554106,11,540,61.66,371.79,558.04,22922.72,0.01513,28,15,9,38,66.59,1
-59.1370915571721,-55.174230985405835,3.6468517551500454,1,43,5.41,121.8,160.38,658.94,0.1779,1,0,0,1,2.88,0
-55.416139310933545,-57.295485600100456,4.285127801965889,1,60,10.33,108.83,118.44,1124.54,0.1344,2,0,0,1,1.64,0
-53.12044826717835,-61.553522787378746,10.542894719444591,1,411,78.51,317.17,685.23,24902.27,0.01304,29,7,13,26,45.74,1
-56.18935845405378,-40.70860990017083,8.109676456309627,6,1052,128.94,237.76,576.87,30658.23,0.01085,22,13,6,39,94.58,1
-54.362008278743225,-55.277946151076,1.516419503073189,6,22,3.88,112.11,173.69,434.47,0.2357,2,0,0,1,4.73,0
-79.29226994461098,-68.99930966698861,6.46741024641696,6,741,78.09,318.01,793.13,24834.25,0.00643,26,7,5,53,25.77,1
-61.937894850733926,-56.84406351556111,11.029404927896914,11,345,61.6,256.51,522.3,15802.32,0.01594,28,22,11,36,45.81,1
-46.46070979977236,-43.37355442125863,6.331354934869395,1,633,87.28,249.12,640.77,21743.86,0.00939,22,11,6,45,53.52,1
-65.40124465952456,-54.29999974231269,5.328018537834635,6,538,63.01,226.92,539.41,14299.22,0.01171,23,12,7,37,97.98,1
-50.625237764928684,-52.224718509899795,3.0066059096794557,11,67,11.14,93.74,129.5,1043.95,0.0799,1,0,0,1,2.97,0
-61.210767588270656,-55.167156747659334,9.147311091319443,11,506,62.17,259.39,721.41,16125.77,0.01477,23,17,11,31,40.45,1
-59.24304693479321,-46.45254786042888,3.587110198488766,11,60,8.1,110.48,111.66,895.34,0.1286,2,0,0,1,2.95,0
-76.01986222233853,-62.46199819407926,8.304509642400783,1,652,105.5,159.48,264.77,16825.35,0.01191,33,11,4,50,47.2,1
-54.102157807654194,-50.47961249667279,1.8836429467348879,1,35,4.58,101.89,195.34,466.82,0.2355,3,0,0,1,5.93,0
-54.513128314611876,-63.5402537485404,1.5,6,781,85.82,428.77,507.69,36796.54,0.01374,22,9,5,29,50.38,1
-55.91509888905152,-43.69913516478581,6.2799836910346345,11,287,53.44,270.82,498.64,14472.01,0.02097,25,17,10,34,66.56,1
-50.345730025802595,-51.519504252261484,2.6290423285872353,11,70,11.23,137.24,205.38,1541.05,0.0812,2,0,0,3,4.41,0
-61.205203738764276,-50.47267524692366,2.2237516147860052,11,19,3.23,101.87,173.25,329.18,0.331,0,0,0,2,5.76,0
-62.35242419226939,-70.63056501593935,3.5134040729706046,1,227,40.66,293.1,542.14,11918.51,0.03249,26,7,6,36,59.41,1
-75.69161641472826,-51.088000682056105,4.297002284055133,1,489,90.59,430.83,681.86,39027.12,0.00717,27,16,4,47,70.25,1
-49.72580696822791,-50.36799335870087,1.6052460126319006,11,106,11.93,152.66,220.21,1821.07,0.068,1,0,0,1,2.32,0
-51.63021881780582,-55.182402193255555,4.2944564691650395,11,324,52.3,389.76,904.74,20386.17,0.0155,25,11,9,38,113.56,1
-61.20137638429357,-55.27231974338269,7.4052558127963675,6,240,30.0,149.1,621.86,4472.99,0.03132,17,17,9,39,63.34,1
-47.31701376599972,-74.83739631245881,7.072340726815336,1,599,66.97,219.16,664.75,14677.62,0.0045,21,12,11,43,60.3,1
-70.15637809396128,-44.08022976367913,3.8494029191154064,1,616,99.41,292.67,786.02,29094.78,0.01083,23,17,8,36,48.63,1
-70.37602678867762,-41.176417100482794,2.047559660487283,1,58,11.3,95.2,182.51,1075.79,0.0944,3,0,0,3,4.64,0
-61.88744202965915,-49.77469659478538,6.110794870320334,11,330,56.91,351.29,571.69,19990.95,0.012,27,9,6,45,63.87,1
-53.3918212208521,-49.07702909304598,2.0461401416458136,6,33,5.24,119.96,226.37,628.28,0.217,1,0,0,3,3.82,0
-61.20369590004388,-59.2844823566253,4.732000230115443,1,851,122.23,398.81,438.54,48748.67,0.001,30,8,9,33,88.34,1
-64.85557141662551,-45.1090282085179,2.3987864419840825,1,64,8.91,113.42,185.84,1010.08,0.0944,1,0,0,1,4.93,0
-48.05999455872326,-41.30862264481044,3.587087189252434,6,72,7.86,133.67,187.74,1050.66,0.1728,1,0,0,0,3.66,0
-60.12828657427906,-56.37631199116004,7.124229983175145,11,713,133.74,381.18,836.47,50980.44,0.0128,26,18,5,35,67.39,1
-42.00163185615261,-42.253012924259465,3.3097847602782187,6,47,6.74,95.45,183.64,643.66,0.1807,0,0,0,0,2.39,0
-62.61953280377594,-59.046200355463185,6.194909656717155,11,478,63.61,406.71,822.85,25870.16,0.01419,21,13,6,33,36.96,1
-70.64619896897923,-43.218872358949824,5.392061987704707,6,714,74.03,364.27,677.77,26966.82,0.01126,26,7,8,44,86.33,1
-47.5095515411764,-64.02724314945702,5.029492587040975,6,1170,119.42,354.23,527.83,42302.05,0.00845,18,12,4,46,66.61,1
-57.22336327489934,-53.82360805912086,2.0115883439344637,11,49,5.01,124.56,153.35,623.58,0.1951,0,0,0,2,3.6,0
-53.078233216031066,-49.7435588098252,3.179402424726602,6,71,8.74,167.49,189.49,1464.39,0.1182,1,0,0,0,5.04,0
-63.43494561889862,-73.35321687793824,8.200549315885066,1,427,53.34,536.01,853.3,28589.19,0.02134,28,14,3,46,57.1,1
-45.13249040915717,-50.56854333969717,2.193989876903191,1,53,6.11,74.07,137.58,452.92,0.1477,4,0,0,2,1.95,0
-47.55951465316596,-54.39520584434042,6.79226719429165,1,466,62.41,486.7,829.89,30372.79,0.01417,28,15,9,36,57.36,1
-44.37347014402249,-60.57662678656966,5.984225907977909,11,819,95.02,286.07,466.99,27181.2,0.01306,28,17,6,36,51.03,1
-49.10306829931433,-43.751507900616076,3.551225973725926,6,65,10.47,96.52,184.98,1010.77,0.0987,2,0,0,3,5.28,0
-60.26664188643435,-48.2438576009705,5.012399552985003,6,720,134.51,316.82,601.72,42614.78,0.00563,22,13,11,36,78.3,1
-54.466865427219055,-60.93970827656345,7.254232911268689,1,549,98.78,376.14,801.48,37155.33,0.00172,29,11,9,31,98.84,1
-55.39360279651566,-49.12160490686493,2.552366323190136,11,38,6.42,131.95,211.47,847.13,0.1445,0,1,0,2,2.4,0
-39.76791151367019,-62.987675160014966,6.420265803276836,1,361,60.72,323.19,808.46,19624.91,0.01659,26,11,5,41,78.94,1
-57.559344918098084,-49.89740704583726,6.886800275731559,6,1305,139.86,243.77,754.84,34092.75,0.0032,32,15,8,44,55.13,1
-55.801211289847835,-54.07781244695343,6.648940322779547,1,513,74.64,364.66,601.71,27218.64,0.00938,24,17,12,40,89.9,1
-51.577478818269654,-37.38156923851882,10.467340334041058,6,300,50.82,431.96,886.76,21952.36,0.02743,21,13,8,42,70.02,1
-56.78439223923339,-66.71851298949336,4.666641718280901,1,522,78.65,210.56,641.87,16560.71,0.01531,19,7,8,35,49.62,1
-62.754378443989935,-72.87875009738428,5.778209515991609,6,628,70.63,514.63,835.85,36347.92,0.01084,36,13,5,33,75.36,1
-56.99891764540036,-48.784043170448655,2.103534117953491,1,28,4.02,110.32,126.8,443.59,0.2586,1,0,0,1,0.49,0
-48.31658587313273,-56.00962003183179,2.705658920886006,11,31,6.18,158.13,257.25,978.01,0.2004,4,0,0,2,3.43,0
-49.07945517852453,-61.65364304678648,5.77294770751599,11,1098,114.71,416.85,931.25,47817.05,0.00326,30,13,5,37,61.04,1
-46.81102763110485,-46.601045007230304,1.1833585713419899,11,42,7.51,104.31,138.53,783.6,0.1608,0,0,0,4,3.78,0
-64.19903610750437,-34.0,7.808856160469268,11,943,99.22,167.36,453.47,16605.97,0.01235,32,16,11,37,47.76,1
-57.690818172481265,-54.59267056271808,1.7789378852012074,6,25,2.82,98.49,183.91,277.54,0.3523,1,1,0,1,5.09,0
-33.38652894472691,-53.779568818586775,7.447160351858907,1,850,115.24,547.08,751.51,63043.25,0.001,29,14,5,34,117.77,1
-47.26369813756432,-56.16795612027316,2.0225813785922915,11,43,5.54,163.95,191.83,907.59,0.1568,0,0,0,1,4.28,0
-54.8429355182969,-40.11280000787822,2.574243634692023,6,69,7.12,119.05,167.1,848.03,0.1566,1,0,0,2,1.84,0
-61.83615052473873,-48.968394904403375,3.5072990673581126,6,120,13.19,90.31,132.93,1190.82,0.0874,0,0,0,1,0.83,0
-51.198443725832846,-53.194387875233225,4.902639752044903,11,697,74.88,295.31,672.34,22112.52,0.01057,27,10,6,54,49.78,1
-64.59301603364653,-41.78758157513066,6.272771899068836,11,973,129.23,211.38,454.96,27315.99,0.01005,20,14,8,41,90.48,1
-52.912759672436714,-56.36788291218469,1.8938130523658665,1,126,14.01,92.7,181.56,1298.76,0.0596,1,0,0,0,4.09,0
-35.0,-45.67026343168423,3.0250720408620664,6,46,8.3,124.77,194.11,1035.22,0.1042,1,0,0,1,2.03,0
-51.93808285312138,-45.92311776882776,3.7899055267616704,11,32,5.86,122.01,253.1,715.34,0.15,0,0,0,1,3.12,0
-67.79855547241795,-53.419970105822,8.20630612386845,1,591,84.27,412.71,399.48,34777.53,0.01517,24,12,7,40,43.01,1
-43.03339053853703,-41.76435832774736,2.391879161783079,1,90,12.43,122.65,233.18,1524.79,0.0641,3,0,0,0,2.5,0
-55.85144547222909,-59.71698112852077,6.265197835157767,11,656,86.0,466.88,1079.98,40153.63,0.01097,15,6,6,34,93.87,1
-50.01590994978754,-53.52700632043969,1.9721908536401056,11,76,10.61,134.46,223.05,1426.84,0.1052,0,0,0,3,1.36,0
-53.18710460748103,-45.211453776983625,2.396491351570274,1,65,6.99,135.32,170.31,946.17,0.1419,0,0,0,2,4.58,0
-64.13310731253655,-51.73486048266376,2.9349196795199464,1,74,11.09,181.78,276.16,2016.05,0.0939,2,0,0,1,4.8,0
-48.20239189525115,-47.21636463298432,2.4344534582170376,1,115,11.87,148.7,204.25,1765.3,0.0909,3,0,0,2,1.48,0
-55.272448534383315,-66.89811640581209,8.636570192586175,11,566,69.79,428.12,547.01,29880.39,0.00972,29,13,7,30,56.49,1
-69.17921446596286,-69.72858963395247,4.92171976455893,6,640,114.81,409.08,512.64,46967.29,0.00394,21,13,7,42,47.18,1
-61.88848715820855,-48.24054166125398,3.4698976936554127,1,36,5.5,90.79,153.32,499.31,0.1758,2,0,0,1,0.25,0
-68.6463777392556,-58.06619612021953,2.2200721737971456,6,58,6.96,68.72,132.96,478.11,0.16,3,0,0,2,1.72,0
-46.064886973518604,-58.96786122833558,0.3137067543730683,11,64,7.75,40.0,104.51,309.99,0.1075,2,0,0,1,2.75,0
-53.84434075125325,-51.57702262587302,2.1455520040237177,1,59,10.95,57.21,145.21,626.3,0.0933,0,0,0,3,3.07,0
-55.42230626215856,-65.38372800580383,7.282361692724238,1,481,78.47,485.55,750.97,38101.96,0.00683,19,10,9,46,57.14,1
-69.99816919468228,-46.63977227775471,3.568705214788495,11,723,87.18,337.19,670.63,29395.91,0.01065,26,10,4,39,99.26,1
-47.72411278204318,-43.638882942339634,2.1022045941744274,6,66,9.26,125.23,261.66,1159.72,0.1511,5,0,0,1,4.48,0
-59.06510951570002,-48.17222785752055,8.503042122068189,11,552,95.69,550.26,1019.16,52655.82,0.00652,21,13,10,35,69.68,1
-64.65545353829525,-54.11108979072597,7.863364401603865,1,530,81.45,385.29,745.4,31382.03,0.01748,25,4,6,42,104.76,1
-45.63588278450287,-47.12045392768216,1.463273153241315,6,42,4.81,85.41,165.32,411.04,0.1827,1,0,0,2,1.83,0
-70.72455611901051,-50.42046962658293,5.044438013369438,11,815,84.79,510.95,874.81,43325.16,0.01293,22,19,6,46,31.04,1
-51.568727576673666,-50.977967375159274,0.8151371644908751,11,73,8.03,174.76,212.27,1402.54,0.1427,2,0,0,1,3.55,0
-73.09181434839732,-62.28122943006081,5.271989543251532,6,625,87.32,247.75,560.24,21632.32,0.01235,29,11,6,33,67.31,1
-59.112115705857555,-47.54437024458825,2.175403104102985,1,67,6.87,108.35,164.93,743.89,0.1383,1,0,0,0,1.45,0
-45.957944829071025,-66.1449247539239,4.448426554101147,1,64,7.11,96.14,180.76,683.56,0.1324,1,0,0,0,3.54,0
-62.79739225461092,-46.90680446418737,3.2673386977205734,6,92,9.85,55.99,86.45,551.37,0.0865,0,0,0,1,1.46,0
-63.58139936508738,-61.159344817750046,7.254987357583112,11,462,80.41,399.67,846.38,32135.19,0.02092,21,12,6,35,67.27,1
-48.87701297026628,-64.02021477640118,2.452322318386128,6,33,6.33,103.57,184.38,655.76,0.1798,2,0,0,3,1.63,0
-55.92229062980837,-43.365549499082675,3.0562391349732803,1,37,4.9,90.06,110.97,441.56,0.1892,2,0,0,1,3.45,0
-59.64527628960871,-36.0,2.9771195378794704,6,42,7.2,86.67,147.7,624.11,0.098,0,0,0,2,2.46,0
-53.72820099079098,-47.82773711283611,1.3942277047846934,6,50,9.53,132.65,187.75,1264.07,0.0853,1,0,0,2,3.92,0
-54.162324087341865,-72.61234567548024,7.4515558965942095,6,580,71.56,313.89,786.79,22461.55,0.02016,24,10,4,45,94.08,1
-44.59013028700729,-49.83399337821136,2.3610881872948997,6,27,5.32,122.31,201.07,650.16,0.2097,1,1,0,0,1.4,0
-72.27831193156027,-43.46098167458633,6.115434190302233,1,1037,131.34,307.93,493.73,40445.02,0.00919,30,8,7,37,51.91,1
-58.55850477387861,-43.64931699271327,7.2484761263953414,1,297,39.22,610.53,848.97,23946.84,0.01846,25,16,3,39,27.37,1
-58.28960167325588,-52.02103060250459,8.52080060385794,1,337,54.03,380.24,836.94,20544.67,0.00994,19,14,8,33,70.89,1
-49.339836906659706,-58.57236213529622,1.4150386965434234,1,70,8.86,101.58,116.88,899.76,0.094,1,0,0,2,3.78,0
-53.9186940494221,-44.96794550442184,9.505785145782534,1,726,128.43,372.07,854.45,47786.81,0.01538,29,17,4,32,94.41,1
-54.43718853585673,-50.87519396696484,2.255813080898331,1,10,1.13,92.38,199.24,104.03,0.8988,1,0,0,2,2.87,0
-53.5376317035699,-53.99874859530184,2.8797428756279606,11,109,11.73,141.15,166.89,1655.09,0.1192,1,0,0,1,5.61,0
-47.567894345527705,-69.66840050084377,3.8894734717454926,6,468,55.03,378.76,417.65,20844.2,0.02051,37,13,6,58,61.65,1
-57.0884747125111,-50.05073425355904,2.4845292371631977,1,68,6.88,108.36,169.92,746.03,0.1566,2,0,0,2,3.27,0
-37.20296428476594,-54.404067457709125,4.930936937091776,6,685,71.0,486.99,1030.93,34578.03,0.01037,24,11,6,35,64.36,1
-55.00630852126151,-42.302309478617644,0.2,1,52,5.29,149.03,274.78,788.8,0.1939,1,0,0,2,3.36,0
-55.49256284973362,-48.48050597599911,2.284573446514542,11,53,8.67,115.12,216.13,997.99,0.1041,0,0,0,2,3.69,0
-54.00980919368233,-42.75554263948602,9.410871509153985,6,998,127.87,361.22,791.93,46190.67,0.01253,27,12,6,42,68.98,1
-59.184789178806355,-50.15734982450547,3.658800860634012,11,33,4.98,102.85,191.14,511.8,0.2047,0,0,0,1,2.83,0
-49.15703921706192,-49.43938646669498,0.9497485797147129,1,54,6.81,40.0,142.63,272.57,0.1417,2,0,0,3,2.06,0
-65.27268045425238,-57.061009071614315,7.810885515320428,6,1197,139.79,364.03,957.68,50887.96,0.01,20,12,9,39,22.27,1
-48.02088986083771,-45.88295763879206,1.5430556510108966,1,64,9.99,76.31,159.64,762.2,0.0983,0,0,0,2,4.53,0
-50.374951274364754,-53.56631897865408,7.999025469585375,1,748,81.32,282.51,422.07,22974.25,0.01239,27,3,8,36,96.08,1
-54.135092461971084,-64.98882446334605,5.263677286353312,11,432,61.07,291.9,804.29,17827.58,0.01179,21,18,4,34,67.7,1
-63.95879925067344,-47.268333284408676,1.721825715722134,11,26,4.94,68.19,163.28,336.73,0.1895,0,0,0,3,2.68,0
-32.0,-62.3325225539472,5.913394389349615,1,312,49.59,548.55,825.83,27200.59,0.0304,26,8,6,38,69.38,1
-52.45663496954805,-77.553034610196,5.771615450348822,6,587,80.54,429.99,787.69,34631.6,0.00872,20,7,4,37,58.36,1
-44.469664541494474,-49.2196088703349,5.699216434945084,6,716,95.12,266.84,496.8,25383.35,0.00438,33,15,11,38,73.67,1
-53.60393931652269,-46.3582824140924,3.19750779668623,1,594,75.99,506.57,932.54,38495.21,0.0143,24,20,10,42,83.12,1
-32.2903611058878,-66.22882661428774,6.631892528227911,11,810,99.22,286.04,446.89,28379.4,0.01168,29,13,11,35,77.62,1
-55.33818816123295,-49.11815309665488,3.244408733697715,1,51,5.76,123.4,182.03,710.99,0.171,3,0,0,1,1.77,0
-60.28312440342383,-52.38083449784359,6.11213237911112,6,462,78.77,267.4,558.87,21063.17,0.01842,24,12,5,40,39.82,1
-49.03026303781368,-46.93993064845013,2.71111074362113,11,101,14.98,158.0,210.21,2366.44,0.061,1,0,0,4,0.78,0
-61.449071886070016,-59.38156088559146,2.0047513798063443,1,84,13.51,119.41,225.18,1613.38,0.0541,0,0,0,2,1.76,0
-59.87656457265884,-48.64721288714611,1.121435856397891,1,7,1.0,139.99,260.02,139.99,1.0,3,1,0,5,4.1,0
-46.77207232555994,-54.90939995667301,2.443491052609709,1,42,7.45,93.44,146.71,695.89,0.1481,0,0,0,1,5.0,0
-46.65861992984533,-48.33343665212439,5.6391276582716685,1,943,98.23,120.0,510.78,11788.08,0.00929,31,18,9,48,74.83,1
-51.67583024644102,-49.1209657785867,3.00965076320628,11,60,6.77,176.2,237.26,1191.98,0.1617,1,0,0,2,2.15,0
-50.756862181534856,-48.2163258251,2.265070571751728,6,84,9.77,76.45,146.07,747.13,0.1119,3,0,0,2,6.02,0
-57.36420744730994,-52.42867241828563,3.474967844434135,11,59,11.57,76.36,179.77,883.71,0.0953,2,1,0,1,2.92,0
-57.723269400767116,-67.02559726561941,4.439126243294085,11,625,88.42,296.57,619.77,26222.18,0.00912,27,6,7,37,63.21,1
-67.01647142992381,-58.057349825403115,3.8120870945571363,6,495,96.94,282.3,672.4,27365.43,0.0181,26,15,5,36,59.72,1
-49.564458659721026,-57.25377239498044,3.8749077114679675,1,51,8.96,128.03,169.98,1146.91,0.1195,0,0,0,1,2.87,0
-52.93153509407887,-36.57806811433241,2.0845073357608044,1,54,5.86,75.79,179.58,444.1,0.1742,0,0,0,1,2.05,0
-54.23071163403763,-50.110196277089265,3.8831351398621203,11,71,13.51,141.48,203.96,1911.77,0.0528,3,0,0,0,6.0,0
-56.73242940361144,-65.44665904602783,7.416955908264507,6,639,104.86,450.17,971.53,47204.58,0.01402,23,11,10,41,41.83,1
-60.51326921335459,-61.640292761272086,4.660794284915716,11,550,68.66,204.97,448.73,14074.25,0.01717,23,8,5,35,64.1,1
-62.5903555552189,-54.070467985388426,7.949017274695205,1,474,93.94,257.24,581.85,24164.04,0.00387,28,9,8,50,51.41,1
-65.90014378495461,-46.779927657929576,7.435392608626486,11,362,52.24,363.03,534.88,18963.13,0.02615,22,12,11,45,55.89,1
-58.81389172145974,-72.89273433974887,6.438315168444883,1,478,67.57,450.18,850.46,30420.84,0.01088,19,17,8,42,42.83,1
-49.81101194507639,-57.289766094857804,3.060457774958805,11,111,11.31,49.05,119.28,554.97,0.1003,2,0,0,0,0.2,0
-54.30243909233364,-40.66372272389587,4.221576917296915,6,29,3.57,55.91,161.62,199.58,0.2906,1,0,0,1,5.42,0
-56.90940904834689,-53.19912437260675,2.467608723218562,6,80,8.72,113.23,223.91,987.89,0.1415,1,0,0,1,2.18,0
-56.74844915188801,-44.17244748593005,3.7243964799287768,1,61,7.43,113.57,172.5,843.59,0.1617,1,0,0,1,4.74,0
-48.693539339746835,-45.92641013569221,4.411541982810795,1,882,107.83,148.9,575.06,16055.26,0.0084,22,9,7,41,31.59,1
-49.3791863395507,-53.49256546966616,5.670923178063289,6,550,70.98,151.13,505.41,10726.99,0.00235,21,8,4,38,78.5,1
-50.445074302153834,-48.87567460778957,1.3784089883468762,1,57,11.13,140.59,240.19,1565.36,0.0724,2,0,0,1,3.86,0
-54.23360808176464,-57.16536882010129,6.784073304856347,1,396,65.89,220.16,615.63,14506.53,0.00854,19,15,5,44,67.0,1
-45.331028010283546,-57.20400992401741,6.618377718360054,1,964,138.94,475.88,957.66,66120.68,0.01078,30,7,1,45,85.42,1
-44.6573299354699,-58.295781015482845,4.187995441468464,1,40,4.97,124.94,230.29,621.49,0.1829,2,0,0,5,3.31,0
-72.21667927890344,-40.31680029137097,9.867781987939301,1,632,81.46,407.85,882.98,33225.01,0.0135,14,11,5,42,53.45,1
-60.38554589986146,-61.33621109813962,4.149900255961523,6,706,110.57,285.96,628.98,31618.41,0.01469,20,11,6,47,44.75,1
-40.716626657727566,-42.36183309621569,1.8515818750315938,11,40,6.33,78.29,184.59,495.86,0.1395,2,0,0,1,3.86,0
-55.250882734618266,-41.95615302837372,3.407595569308995,6,69,7.45,112.36,182.98,837.35,0.1502,1,0,0,0,2.76,0
-53.195584009102674,-57.694937275004804,8.590867121219388,6,682,79.11,350.19,736.48,27703.09,0.01437,29,13,11,38,65.24,1
-59.99163118191866,-59.02384158381782,7.769488249176078,11,1549,166.65,364.16,752.35,60688.13,0.01128,25,11,2,35,95.55,1
-57.64002716628954,-62.57200142202167,1.920380032323775,6,98,10.44,130.16,213.9,1359.07,0.0836,3,0,0,0,2.76,0
-57.77235799843229,-52.49554877047096,0.22131099655464315,1,54,8.68,121.44,208.96,1054.13,0.1219,0,0,0,1,0.2,0
-44.85382025298268,-56.84047750867355,3.5260719701535326,1,37,5.37,140.75,225.9,755.19,0.1635,1,0,0,3,2.05,0
-55.244112295377775,-47.22786751724154,2.5638842255033314,11,51,9.34,115.96,200.02,1082.92,0.1156,1,1,0,2,4.07,0
-59.50234630658639,-58.40759045639957,4.738623770622555,6,800,92.22,360.62,636.57,33257.48,0.00802,21,7,9,44,39.24,1
-53.99016541719102,-52.28971629669933,5.230498231544475,6,631,87.84,288.94,815.66,25381.22,0.0098,25,10,10,34,89.79,1
-50.31705052110337,-50.78100113955377,1.986503748801944,1,65,10.14,134.58,206.71,1364.13,0.0821,2,0,0,2,3.43,0
-56.263722006763246,-66.0998272914677,5.007724785506933,11,84,11.87,146.22,208.01,1734.98,0.0564,2,0,0,2,2.81,0
-66.03287118324418,-74.7960040476481,5.95984178186642,11,532,84.64,533.98,869.16,45197.34,0.02082,28,15,11,33,62.18,1
-50.41980655636122,-52.09423461971248,3.9114421617711628,1,371,42.98,381.9,878.34,16412.33,0.02908,27,14,3,41,54.01,1
-55.32159053533327,-49.22568604689808,1.4480721780201768,1,100,12.48,133.15,241.72,1662.3,0.1033,2,0,0,1,2.39,0
-57.38767883836281,-49.263187668159254,7.5260821683663925,6,778,107.85,235.01,339.08,25345.18,0.001,21,12,8,44,81.83,1
-54.13407504095385,-58.20181399311347,2.038006997645739,1,51,6.27,118.38,198.81,741.79,0.1238,0,0,0,3,1.7,0
-71.83269645691485,-66.77284699545211,10.603352593602661,6,700,114.75,465.6,943.45,53430.12,0.00643,26,13,5,50,37.34,1
-51.20640623382344,-47.189224540597316,0.7596804346655781,11,89,9.0,161.67,247.13,1455.5,0.1237,1,0,0,0,3.39,0
-68.25475605784483,-61.431812908116356,6.6612507457582595,1,729,143.53,250.07,625.17,35892.53,0.00338,32,9,13,37,69.89,1
-62.16930282733503,-53.95974000140682,2.373762992726735,11,52,7.14,111.13,187.46,793.2,0.1651,0,1,0,3,1.58,0
-55.990758089446125,-40.68122632795556,6.759892658792158,6,537,76.85,193.1,415.38,14839.58,0.01576,26,19,8,50,61.52,1
-47.78441452192777,-62.22601666645274,13.212032100900275,11,252,30.31,258.71,553.34,7841.77,0.03058,24,13,8,55,76.47,1
-51.130607898440886,-72.23324984146359,9.531422669435194,1,544,62.94,285.13,741.47,17945.13,0.00774,29,7,9,47,18.72,1
-57.38049963473026,-65.63906578072675,0.2,6,62,7.02,74.91,102.8,526.12,0.1559,0,0,0,2,3.75,0
-43.394725480792104,-54.016747615758064,2.8809349468485705,11,88,8.98,109.23,111.17,981.01,0.0832,0,0,0,1,3.41,0
-53.10122482993926,-54.061606566402276,3.4611572137178506,1,40,4.66,129.2,152.46,601.57,0.1963,1,0,0,1,3.12,0
-48.046016135127346,-45.10452359799771,6.6857385463378485,1,615,73.73,275.65,526.31,20322.87,0.01497,27,15,9,46,54.22,1
-52.12318550478947,-65.25966675769726,1.6799887973604974,6,43,6.33,61.34,154.55,388.09,0.1409,1,0,0,1,3.66,0
-57.08100754480998,-53.605075131491546,3.4940731700058962,11,22,2.89,108.65,150.85,313.78,0.3741,1,0,0,1,2.98,0
-55.791202110037446,-55.7970607291127,4.464635519883087,6,107,15.34,47.45,120.11,727.65,0.0578,1,0,0,0,1.93,0
-47.82137871883782,-58.00315410494435,2.1562713284621453,1,51,9.68,123.13,234.9,1191.36,0.0964,0,0,0,1,4.15,0
-35.0,-60.49100064089508,2.451013511939048,11,37,5.34,108.35,196.89,578.1,0.174,3,0,0,0,4.94,0
-57.91724325484298,-49.324429909969275,1.5366679295304557,11,58,7.43,62.39,140.85,463.29,0.1635,2,0,0,0,5.81,0
-56.00124683256359,-54.31981648851359,7.454256933068114,6,626,84.8,392.25,616.3,33263.68,0.01016,28,17,7,41,65.19,1
-58.537816777313424,-49.584594027099214,6.783559345201717,11,431,56.6,401.61,797.9,22729.29,0.01992,30,6,7,35,53.06,1
-56.97673792291618,-69.37361809684386,5.7301787636150125,11,709,111.04,524.3,1013.36,58218.02,0.00451,30,16,10,42,72.21,1
-68.14256542562633,-53.297572557280006,8.160385856701783,6,326,33.07,323.88,670.38,10709.74,0.02986,18,6,9,41,79.32,1
-63.93076047447645,-55.301834807070215,2.4488731273813187,1,563,81.01,264.01,627.95,21388.58,0.00632,31,7,9,41,85.87,1
-49.426579836893474,-46.03760083035834,3.606753042051313,1,909,100.2,568.5,1222.82,56965.48,0.001,31,11,3,33,95.1,1
-56.98014178938843,-71.39663591103795,9.147519664535249,6,897,125.24,333.26,578.55,41738.15,0.00716,23,16,5,29,62.69,1
-51.19373381793047,-52.0346052770967,1.6693022633982268,6,51,8.63,112.1,193.26,967.99,0.1147,1,0,0,2,3.99,0
-49.702082265432786,-50.97255505239657,2.3597162122594013,6,67,6.68,126.65,242.33,845.8,0.1748,1,0,0,3,3.78,0
-56.95922224837287,-46.02295321459893,8.66080436038515,11,274,33.64,351.23,876.15,11816.75,0.02833,28,17,9,38,99.86,1
-50.01699241294548,-50.507666438085884,1.9294172981463495,6,29,4.32,124.86,166.85,538.89,0.1993,2,0,0,0,2.58,0
-51.946818060668576,-65.67069576939815,4.977789638441943,1,730,114.99,280.92,624.01,32302.81,0.01261,17,14,5,46,85.67,1
-47.88919636778612,-52.26070380705355,2.578470078177012,11,40,6.5,117.34,141.42,762.59,0.1557,2,0,0,2,1.91,0
-45.10078936295838,-58.01756556363219,1.8927498099491649,6,327,42.15,341.55,548.5,14395.11,0.01992,25,13,7,45,64.97,1
-70.06492936898597,-63.536956035718916,4.9927158773298155,6,473,87.39,335.77,675.22,29343.2,0.00993,31,15,8,34,55.82,1
-71.06031197164236,-73.12064835645596,8.042288590029825,11,515,102.44,385.42,655.4,39481.66,0.01478,27,11,7,48,75.11,1
-57.65212052373087,-59.641215994978815,5.331016842590758,11,725,101.57,413.05,603.21,41951.6,0.00834,25,13,4,40,51.97,1
-50.24791629134613,-53.30015952433552,2.5147018252794373,1,116,13.59,73.69,138.48,1001.2,0.0448,1,0,0,0,0.2,0
-54.79804039402835,-51.81060599626051,0.3443931214164495,11,53,8.79,153.87,255.87,1352.25,0.0863,1,0,1,2,1.72,0
-48.23051502451242,-44.671863224119946,2.945212710247019,1,70,8.12,62.0,112.15,503.5,0.1752,0,0,0,0,2.04,0
-69.37577964517988,-70.936368015549,9.070393286906283,11,776,107.88,183.13,595.37,19756.19,0.001,20,10,3,40,73.47,1
-49.86646943120573,-49.8678072898393,3.7448237346524893,6,645,73.56,263.89,775.06,19412.23,0.00679,24,13,7,41,58.5,1
-84.70122618190776,-40.64510247430046,7.118968763282739,6,732,92.71,450.96,939.15,41807.71,0.00719,22,7,8,49,51.08,1
-75.18631166042216,-56.63566664246643,7.583566288914932,6,528,72.86,415.22,707.87,30252.68,0.00668,27,11,4,34,44.16,1
-63.92869737953184,-56.38427485120732,2.3739244636300905,11,133,14.11,195.72,239.49,2760.72,0.0928,0,0,0,1,0.93,0
-41.982305840874915,-45.38520091379166,2.8996306861600716,1,50,5.74,95.25,173.82,546.88,0.1629,0,0,0,1,3.76,0
-48.381066694872004,-58.37889226093254,2.2795254174136814,11,42,4.99,105.36,239.74,526.07,0.1846,1,0,0,0,2.46,0
-54.992881369306645,-45.545766251041634,2.26462000718701,11,61,6.44,136.12,158.66,876.4,0.1423,1,0,0,2,2.22,0
-65.7923542637993,-66.42030156956739,5.395058431650813,11,382,66.85,160.69,511.16,10742.61,0.01056,27,5,9,37,54.62,1
-53.54459251268898,-46.07029358138405,2.3768197042410946,6,89,9.03,40.0,154.41,361.35,0.0981,3,0,0,1,3.92,0
-51.80022433651996,-67.08347384523624,4.819494375716242,11,1180,121.92,412.75,660.03,50323.47,0.01857,23,9,7,32,62.32,1
-65.41794303264919,-61.57160964796668,4.671243924113567,1,609,83.0,377.63,646.79,31342.47,0.01354,34,20,6,40,82.77,1
-69.03270033981829,-66.5841869310967,6.65868472633165,11,1319,147.12,423.12,655.85,62250.54,0.00597,17,10,6,37,66.34,1
-38.124177898980875,-49.77635134705428,3.1086824129137884,11,63,7.43,71.76,134.89,533.35,0.1351,4,0,0,0,3.2,0
-48.17884813582598,-56.89171857276721,1.8522723569216863,11,54,6.32,145.66,226.36,920.78,0.1682,1,0,1,3,0.92,0
-52.062537075243796,-57.38810652048522,4.5554768586186185,11,66,6.72,110.88,190.41,744.94,0.1463,1,0,0,1,1.35,0
-69.80262191046448,-49.62645617338455,7.017223816058759,6,737,87.28,288.08,716.49,25142.35,0.01151,26,12,7,42,53.96,1
-51.638437998868795,-59.82409754336753,0.8390081109929779,11,43,6.83,113.82,175.98,777.24,0.1466,0,0,0,1,4.47,0
-54.18587736224657,-54.40377351862007,3.571902956182658,11,97,12.01,113.9,126.65,1367.61,0.0561,3,0,0,1,3.78,0
-59.35293960343983,-54.88864013734305,3.4623557113343644,1,21,3.88,157.58,269.69,611.57,0.2321,0,0,0,5,3.24,0
-73.27688655899668,-71.81698007472745,4.3350212030937865,11,685,93.67,470.38,921.14,44060.9,0.0152,26,6,6,31,59.6,1
-49.735744643345726,-57.79711223243463,1.4148206298894217,11,58,6.94,95.44,150.67,662.26,0.1646,1,0,0,2,0.75,0
-47.636962536236204,-48.03112963212711,2.9230359747304004,1,75,9.76,116.73,120.42,1139.48,0.0686,0,1,1,1,1.63,0
-47.776699149852405,-64.26110704833292,6.512443944063836,1,468,73.72,316.86,648.34,23358.43,0.01084,14,16,10,44,75.74,1
-45.82156269843759,-63.23186782904027,4.183547849333703,1,418,73.94,499.76,899.21,36951.07,0.0142,21,13,7,30,59.26,1
-56.86975383661679,-59.22620169120427,2.7003995004802923,11,70,12.2,90.67,133.99,1106.45,0.0673,0,0,0,1,1.82,0
-63.72851097824391,-54.38532486059903,6.5738334141950805,11,855,96.26,342.69,636.01,32987.0,0.00321,21,16,9,37,56.3,1
-46.91188995412504,-57.61958690566149,2.8389618992411148,11,102,12.83,112.94,158.16,1449.34,0.0457,3,0,0,2,5.77,0
-69.77544163810296,-53.720515477064545,9.220558970800578,6,419,65.62,345.38,857.73,22663.88,0.01512,19,21,1,41,92.99,1
-48.593990215249086,-52.17344020946772,6.892098613804791,11,448,54.69,466.22,694.21,25499.76,0.0175,16,10,2,46,74.06,1
-63.40891693327186,-44.38048850649323,4.993078279339757,6,631,78.14,447.86,866.06,34996.72,0.01295,18,11,3,40,46.09,1
-45.17673729439393,-62.26923625109934,2.1584861856185995,1,72,8.27,110.93,178.18,917.91,0.1584,1,0,0,1,4.92,0
-50.9198322711395,-63.020938212254464,6.81605966136903,11,636,88.66,422.65,931.44,37473.87,0.00611,21,6,7,36,51.06,1
-48.170143861924615,-43.29485992154105,2.686082893690298,6,70,7.28,98.23,154.28,715.01,0.1614,1,0,0,3,2.04,0
-41.23262614400072,-65.90944614168407,4.979921049160472,11,550,102.78,381.98,636.72,39260.12,0.00735,20,12,11,39,70.23,1
-55.08920145726978,-53.124395325423905,3.337853348868137,6,78,9.96,119.28,254.46,1188.02,0.1028,1,0,0,2,1.89,0
-53.98869303752548,-47.801960347882826,3.2836050942972994,6,39,6.04,89.68,163.45,541.42,0.1446,0,0,0,2,5.38,0
-49.67285235572609,-59.63448718520745,5.838699109272915,1,884,89.2,296.66,874.18,26461.13,0.00764,19,10,7,29,39.73,1
-37.88165959491491,-62.2814532621179,3.014875521081265,11,796,83.94,344.14,528.77,28887.34,0.01645,31,12,6,28,66.96,1
-60.04411503377045,-63.61600677450478,1.4929617757148907,11,49,9.01,114.5,159.43,1031.64,0.1348,1,0,0,0,4.5,0
-61.113219024410036,-45.56091973307372,8.463310114880429,1,721,103.42,458.48,678.62,47413.74,0.00493,26,7,2,47,46.56,1
-58.13241624877405,-44.17401920403713,3.1698234209164378,6,107,10.79,116.72,210.51,1259.95,0.0664,0,0,0,2,2.36,0
-54.21052640308504,-59.541902052216095,3.6011925333791988,6,63,10.9,105.63,132.94,1151.83,0.1083,2,0,0,0,0.2,0
-57.358467107295745,-53.409795960987076,1.4183002823170794,1,87,8.71,124.89,197.54,1087.27,0.1454,2,0,0,2,0.8,0
-41.07169426776463,-45.028801834818715,2.20953682585955,1,46,6.91,149.25,226.08,1032.0,0.1595,1,0,0,2,2.79,0
-64.6647779773304,-47.31683689848866,10.804014705880915,6,511,99.07,375.06,717.04,37156.36,0.01034,32,8,10,48,51.39,1
-42.035083694144774,-56.91444798400027,2.3417008265502743,11,80,8.2,121.87,251.34,999.63,0.1298,1,0,0,2,3.11,0
-51.587950330585116,-54.67702043955045,7.502682445613576,1,1073,127.84,256.37,647.09,32774.14,0.0175,30,15,10,48,78.06,1
-50.20478762399027,-51.92583320856844,1.8932511573524353,1,77,12.33,161.2,247.25,1987.14,0.0802,0,0,0,1,2.02,0
-54.85721223192268,-54.57574822328523,4.739502879643737,1,15,2.19,146.28,134.69,320.22,0.4381,0,0,0,0,2.86,0
-45.227147088062054,-43.44675176577388,2.9882046397335724,6,55,7.18,153.08,189.3,1098.88,0.1271,0,0,0,0,4.07,0
-45.777117737167465,-51.18006096247701,3.3306235475398314,6,92,10.04,126.54,153.51,1270.01,0.1062,1,0,0,3,3.44,0
-50.034019558921344,-48.390699985936486,2.453646297419234,11,36,4.93,65.43,99.8,322.79,0.2511,1,0,0,1,5.88,0
-56.311017063662625,-60.185708740986875,5.505160127781473,11,471,59.96,442.22,627.53,26516.1,0.01537,19,11,9,34,25.92,1
-46.72604400498948,-54.05467137963225,7.5674237620809155,6,576,72.32,285.23,605.63,20627.99,0.02344,22,11,6,46,45.94,1
-55.792632125399194,-56.287042932416526,7.385079155652839,11,760,112.2,386.25,448.67,43335.6,0.00411,21,10,10,49,91.76,1
-48.8079147252361,-50.98751442863086,1.2487612144050084,11,22,3.75,123.49,154.63,462.73,0.2782,1,0,0,2,1.12,0
-56.56957405692056,-51.92167644594736,2.046242265237254,6,46,6.78,98.66,165.77,669.32,0.1201,2,0,0,2,2.13,0
-51.79672299946296,-52.207938108477876,2.0150019217091315,1,89,16.13,145.89,196.93,2353.53,0.0956,1,0,0,1,4.65,0
-62.13671656335915,-61.30234814073811,8.204498055065413,6,850,97.68,397.3,454.67,38807.11,0.00796,25,11,4,46,43.96,1
-55.62234485602159,-57.45811709005091,9.435184177856048,1,717,88.65,251.72,250.0,22315.81,0.00979,23,11,4,45,77.76,1
-54.96039979075752,-58.729396367665956,3.578834914259941,11,42,6.68,56.99,142.02,380.7,0.1647,2,0,0,0,4.88,0
-51.90734329038831,-59.123938654373646,2.9986358672518456,6,58,6.94,142.37,215.41,988.54,0.1461,1,0,0,4,4.11,0
-56.032009381972784,-67.18785954129089,5.8859413481547636,6,740,90.53,120.0,438.5,10863.93,0.00739,20,15,8,39,89.65,1
-44.98716221315414,-51.07124653285697,1.8065866688326477,1,35,5.91,69.85,166.39,412.96,0.1789,0,0,0,1,6.75,0
-54.3819021094508,-53.628183911863125,8.35091257091005,1,1055,124.01,120.0,605.35,14881.57,0.00629,23,13,8,42,109.03,1
-45.272345597158484,-57.10014500627377,3.2436070000996833,6,49,5.71,69.6,105.66,397.45,0.1825,1,0,0,2,5.01,0
-77.68546566175701,-60.058596231719186,9.879394233332427,11,527,65.44,379.07,517.66,24805.51,0.01221,28,17,4,47,86.94,1
-50.490109002798334,-56.502251849958874,3.461027676619906,6,66,9.35,107.31,196.62,1003.32,0.1217,6,0,0,2,3.15,0
-47.80290836146736,-63.15092762644588,3.6704970934267553,11,54,5.62,97.92,247.51,550.53,0.1876,1,0,0,2,5.03,0
-60.24994642236584,-70.79323564477797,7.261798444524843,11,1049,119.69,266.48,572.08,31894.92,0.001,27,13,4,38,66.81,1
-60.77313683641614,-56.61127473874846,2.970649586104072,6,67,10.47,146.96,198.16,1538.82,0.1213,1,0,0,1,4.08,0
-59.146079872090624,-60.66281527787746,7.222609228716416,11,1121,138.89,330.17,687.11,45858.96,0.0051,26,18,7,36,51.95,1
-67.81449714304328,-48.42828363797177,4.34643985091144,1,52,9.15,77.46,112.89,708.79,0.1115,2,0,0,3,0.99,0
-53.874562015726276,-47.316753343021,1.924980303545586,11,64,8.27,113.41,224.2,938.19,0.1518,1,0,0,1,4.21,0
-47.399037053916715,-67.17264013715673,7.0497273187568315,6,636,98.8,359.49,922.28,35516.19,0.01034,21,11,4,34,53.57,1
-59.45884768170302,-59.30708222196265,4.110344223524812,1,564,84.27,333.28,359.77,28086.8,0.00236,16,19,7,40,64.71,1
-59.19013254782355,-68.41633109033499,6.167443564921752,11,814,98.13,252.08,724.15,24737.2,0.01282,29,10,10,39,58.93,1
-52.28720240485765,-61.003285921194916,6.22184461238828,1,1413,152.74,489.04,752.77,74693.79,0.00146,25,9,6,38,51.7,1
-59.04525692626424,-71.50858859071678,4.64780004391962,1,228,38.05,294.87,645.05,11220.44,0.02811,36,7,4,45,69.06,1
-57.660413289107886,-47.37411046484111,1.0058446934503331,1,46,8.31,54.3,132.68,450.99,0.1131,1,0,0,1,1.36,0
-50.43489483030965,-63.31256619329355,6.811444112289572,11,590,114.67,382.08,525.04,43814.67,0.01536,25,11,7,42,65.14,1
-55.79456558036151,-53.614182905563965,2.3301829639049267,6,73,9.13,133.4,270.78,1217.66,0.1254,2,0,0,2,3.46,0
-63.13367561153124,-61.362317971803066,9.183428748571288,11,466,81.24,406.61,725.87,33033.98,0.01763,17,13,7,48,85.12,1
-52.426461382955544,-46.922959221832826,2.611959241444378,6,61,6.88,105.56,165.57,726.69,0.1289,1,0,0,3,0.65,0
-50.278368834226804,-46.69960258640544,2.676769678225903,6,90,9.21,93.99,205.0,865.79,0.1229,0,0,0,3,5.46,0
-48.71190862185466,-52.45719363231883,1.9522363716531268,11,61,7.74,118.29,193.98,915.15,0.1447,0,0,1,3,3.08,0
-44.20438205281091,-53.62404253206216,3.63582984885013,11,45,5.37,98.34,93.7,528.03,0.2004,2,0,0,2,3.58,0
-48.29820754630771,-53.464736630515716,3.944475299373093,6,52,5.4,145.35,289.98,784.2,0.1462,0,0,0,1,3.61,0
-51.45084908455462,-51.40173774205545,2.6620918085588405,6,65,7.12,75.39,134.57,536.67,0.1508,0,0,1,1,4.34,0
-68.76316740421689,-41.028859675799765,9.113534485001122,1,1066,108.45,406.1,631.17,44043.38,0.00296,23,11,5,45,15.0,1
-64.87231607117387,-44.359604930523325,4.089430909845985,1,606,65.89,361.47,925.34,23817.4,0.02192,28,9,5,34,40.58,1
-47.95867080750724,-53.04957929202304,2.343208209304245,6,81,9.24,124.8,157.74,1152.62,0.1165,0,1,0,1,2.49,0
-42.72206336119842,-57.406220388009686,13.09011154264504,11,297,30.0,398.41,725.6,11952.35,0.02776,21,9,6,40,31.72,1
-50.06668700758382,-62.27485015423487,3.266312371668941,11,441,59.04,354.26,693.72,20915.95,0.01867,23,11,8,41,83.46,1
-51.5453983871448,-53.928055180223474,2.8830131504516836,11,76,9.11,90.75,131.7,826.32,0.1328,2,0,0,1,2.06,0
-41.50048042171232,-79.51290410175295,6.455308723472133,6,918,138.43,441.5,909.91,61116.46,0.001,34,13,6,38,69.05,1
-40.639185859594335,-51.08619776471608,3.1507394276572276,1,41,7.87,115.27,197.19,906.8,0.1059,1,0,0,1,5.06,0
-58.419342625225326,-51.85270100557607,2.5089318731106984,1,100,12.43,129.84,200.54,1613.65,0.0541,3,0,0,2,3.31,0
-38.027226787750315,-63.36898483357856,6.749714554394255,11,355,65.42,144.22,424.55,9433.93,0.0046,19,17,6,43,71.34,1
-60.51016154561869,-60.193654575761734,6.725264993876727,6,849,107.11,388.65,629.71,41626.71,0.0086,24,7,8,32,54.86,1
-56.53187143991132,-45.52606815914573,1.4560843586775627,11,62,8.52,121.83,196.85,1037.47,0.1027,0,0,0,2,2.06,0
-57.99506261048379,-48.06501276956867,6.747470366663482,11,250,30.0,391.18,967.61,11735.52,0.03595,28,18,5,47,63.52,1
-43.34064620710272,-45.02959125991181,2.636258306253492,1,63,8.87,134.58,123.35,1193.47,0.1016,1,0,0,1,2.42,0
-44.39571858188877,-42.43037905995581,3.5492683488858106,1,52,5.44,119.13,191.09,647.93,0.1805,4,0,0,1,5.04,0
-38.59195715898998,-49.03041217286021,2.284436625337418,1,52,8.53,85.72,160.82,731.35,0.1351,0,0,0,0,5.0,0
-65.64353072970522,-66.81384564498991,8.697099865176014,11,758,97.36,332.54,650.78,32377.27,0.00641,25,10,10,49,70.15,1
-68.60504586081119,-43.04926299094218,6.563032054269019,11,369,57.52,214.67,552.63,12348.87,0.01249,24,19,5,51,40.22,1
-50.56956618953732,-49.28647526378684,4.166608908314922,11,62,8.08,81.67,143.51,659.85,0.1584,0,0,0,3,3.81,0
-50.708429813652664,-57.7973216371638,5.61876021596015,6,467,69.54,267.38,648.75,18593.17,0.01719,21,9,8,42,84.85,1
-54.751370563102206,-56.563677718062884,2.596057139117443,11,14,2.81,138.1,189.32,387.77,0.3608,2,0,0,0,3.34,0
-52.6177181520517,-44.62710998370037,3.016414282754405,1,38,7.19,105.35,137.25,757.39,0.1452,0,0,0,4,5.91,0
-48.08860275683569,-46.47201881273389,1.5180276943843487,1,106,12.46,59.96,97.95,747.22,0.0795,0,0,0,0,2.35,0
-48.98673992922435,-74.7917830071349,6.254791381939533,11,632,66.59,437.94,632.18,29162.02,0.01391,27,14,13,39,41.22,1
-60.66104438630303,-54.98236362307442,8.294021069927263,1,638,76.64,353.36,736.79,27080.0,0.02563,20,8,7,38,59.69,1
-45.95835282472364,-61.90841099453762,2.2657142976726354,6,5,1.0,80.19,191.07,80.19,0.9636,2,0,0,2,2.26,0
-53.23909510253506,-49.975041167086964,2.773883938259682,1,32,5.13,57.95,186.06,297.47,0.1773,1,0,0,3,5.63,0
-70.75023439999762,-69.24487008169844,3.8738237288668036,11,688,80.81,369.71,578.02,29877.7,0.01957,24,14,11,38,62.04,1
-64.26852868180137,-54.546111110717256,7.3772335511839495,6,389,59.36,442.27,722.56,26254.03,0.01648,26,12,6,46,80.27,1
-56.326914634990146,-46.29533571848986,8.263642200247823,11,707,79.18,348.17,771.02,27568.28,0.01234,24,17,6,52,41.52,1
-58.86696284673035,-47.56927675451816,5.25216588279328,11,325,53.7,381.07,517.67,20463.04,0.02239,22,10,11,48,57.14,1
-32.0,-70.25299674875436,7.460201596306952,11,983,99.19,200.92,563.43,19928.11,0.00217,21,15,5,43,78.41,1
-57.24124736786642,-56.8571047427836,3.5505336499065008,1,42,4.75,83.3,191.55,395.58,0.2299,0,0,0,2,3.6,0
-54.30574076188886,-57.66933770561356,0.737881987527456,6,69,8.13,130.92,160.42,1064.76,0.1388,1,0,0,1,2.2,0
-64.44933037151482,-62.949068842560834,10.342169031014318,11,653,74.92,291.08,774.34,21808.87,0.02096,17,18,9,46,64.64,1
-67.55232050010835,-54.78396696988694,8.405369205887142,1,682,90.36,278.3,472.4,25146.52,0.01883,24,9,5,39,69.31,1
-39.531411506929025,-46.43649695592468,1.0453618774700604,11,43,4.75,139.13,229.69,661.25,0.202,1,0,0,2,7.47,0
-53.35683716414701,-61.97912285858917,5.703222918040748,6,498,89.05,463.02,967.16,41230.92,0.00635,20,14,3,45,95.66,1
-56.98098855161095,-60.71080050059996,5.012903369230489,11,785,127.89,442.72,793.5,56617.59,0.00924,31,14,10,43,71.32,1
-67.20138532530713,-44.613656491547204,5.768258957065284,6,802,147.01,361.71,1089.39,53174.95,0.00985,25,17,6,35,52.26,1
-57.472531608133295,-48.775421379165536,1.5084496874253053,6,50,7.37,84.01,174.9,618.96,0.1369,3,0,0,2,1.49,0
-49.89220783029514,-44.85069512409913,3.1115793650208063,6,59,9.14,96.96,195.53,886.0,0.1324,1,0,0,0,3.81,0
-58.7675850435183,-50.54760190887532,5.3036455502885875,1,1078,137.08,261.66,528.72,35867.18,0.01104,20,19,8,33,93.34,1
-65.09605005696373,-67.41766977493913,4.301445495731754,1,635,99.46,290.71,538.74,28915.52,0.01114,28,13,10,43,32.88,1
-48.17721718375287,-46.92324852456636,2.2356343064865993,1,79,12.08,145.27,201.69,1754.45,0.0696,2,0,0,2,1.77,0
-67.50860102335402,-60.23891767900605,7.7421916979855965,6,604,93.78,200.44,421.69,18797.85,0.01074,17,11,4,43,66.17,1
-57.338202119782686,-56.97967892964961,4.403847214664628,11,559,108.3,202.24,446.33,21902.73,0.01042,30,14,7,41,60.61,1
-60.38857640098822,-56.09510648866219,2.094769981428686,11,868,107.69,310.45,663.78,33433.47,0.00937,26,10,5,29,53.2,1
-49.56257888838627,-56.2467871790123,3.604183382169693,6,59,6.16,116.45,224.4,717.13,0.1568,2,0,0,2,0.54,0
-47.032366940534864,-47.289634490500084,2.065041500863855,1,61,7.65,110.97,175.71,848.64,0.1679,0,0,0,1,4.39,0
-42.63262706942943,-53.99357293772245,2.751486531017818,11,93,12.42,81.48,193.11,1011.94,0.0935,0,0,0,6,2.67,0
-52.657991419601494,-52.74599692509341,2.4144273202113746,11,100,12.34,55.71,131.45,687.22,0.0635,1,0,0,2,1.47,0
-52.49921246988154,-46.37200632967952,2.076680451003481,11,68,12.15,110.16,155.39,1337.9,0.1083,2,0,0,2,3.73,0
-60.99139155478073,-53.90994079171455,4.889953182150817,1,638,111.92,289.25,662.51,32372.06,0.01019,16,13,6,43,63.78,1
-44.44479040497515,-47.31591346044534,3.36797993434826,1,63,6.99,107.25,92.78,750.04,0.1567,2,0,0,3,5.49,0
-44.55543750083932,-37.06447498585985,1.811521089134206,6,122,12.36,111.38,213.58,1376.92,0.0628,2,0,0,0,5.88,0
-50.01265799177168,-55.90252271603917,5.064513318292758,11,65,10.19,130.21,221.2,1327.18,0.0869,1,0,0,1,3.23,0
-40.18712872359353,-61.216509754268344,3.122258748270206,11,51,8.22,136.37,179.94,1120.42,0.1069,4,0,0,1,3.21,0
-62.678509846584184,-49.888301305923974,7.500828157560898,6,443,85.6,274.28,900.61,23478.31,0.01938,28,12,8,49,68.31,1
-43.50861888003768,-54.717385606928936,2.940916454668034,1,604,89.22,362.83,650.09,32372.93,0.00122,26,17,5,28,50.64,1
-58.61679586311364,-57.96884342286851,1.345851064413072,6,78,13.39,143.15,261.62,1917.14,0.0525,1,0,0,1,5.02,0
-41.97560650042667,-47.81314791472217,4.737025367379139,6,1103,135.01,319.95,582.66,43197.2,0.01032,26,6,5,34,37.06,1
-50.93921442964314,-54.55651342138639,1.939648507577799,1,69,8.98,96.71,169.01,868.84,0.1105,1,0,0,1,3.93,0
-52.37362391099958,-60.41614406441854,2.345753172603906,11,49,5.83,109.18,188.18,636.08,0.1514,1,0,0,1,2.58,0
-48.41534290877016,-42.62053792482343,4.257749176771689,11,885,95.67,431.15,735.96,41246.43,0.01529,26,8,8,44,88.46,1
-45.16807035128911,-46.15602197344308,1.420423279662748,11,35,7.01,97.71,194.65,685.38,0.1571,2,1,0,1,3.43,0
-50.4172439296894,-48.03234934670173,2.541366163680873,1,68,9.71,102.95,185.12,999.77,0.1167,2,0,0,0,1.86,0
-73.0303377282228,-53.36693390980378,3.886576968858365,1,183,30.0,346.2,551.73,10386.1,0.03153,27,10,6,35,84.66,1
-54.65857391318822,-62.40007403886457,8.896688595903099,6,389,71.45,418.74,548.5,29919.77,0.00843,26,4,3,38,91.72,1
-53.18189809642076,-57.431050340461454,1.7810529681304366,6,59,7.76,128.15,212.16,993.83,0.1382,1,0,0,2,2.98,0
-56.50857051402594,-52.972754697467906,6.100569692763427,6,407,41.44,291.75,673.32,12088.82,0.02161,19,10,10,47,74.66,1
-42.01110662941471,-68.47368318986426,3.985156344937853,11,55,7.33,141.42,199.02,1036.38,0.1188,2,0,0,3,3.54,0
-50.415279768844655,-66.08417722343054,6.913793416345119,6,487,90.51,435.02,745.42,39376.13,0.02103,33,10,7,47,52.45,1
-57.09301577274976,-48.39552902269145,1.5936885070494948,1,84,9.84,148.61,218.92,1462.11,0.0662,3,0,0,3,5.45,0
-35.0,-51.22130606522894,2.8384806136890326,1,39,7.66,79.46,261.42,608.43,0.1339,0,0,0,4,2.19,0
-52.26428524113972,-46.93479285584269,3.9631735002084985,1,48,9.15,170.03,276.23,1555.79,0.1146,2,0,0,3,2.91,0
-46.67022428530249,-69.06958529223748,7.634290764352394,1,250,30.0,240.67,893.38,7220.05,0.04024,26,16,8,36,83.54,1
-55.456412016315866,-51.28712133660624,1.5,6,343,39.66,419.74,654.61,16646.96,0.01898,26,8,2,43,48.16,1
-55.29575160442875,-53.77130024272397,1.4269998459016457,6,30,4.41,106.42,191.89,469.57,0.2647,3,0,0,1,3.31,0
-54.13038423442545,-59.979346134643485,0.476914746966941,1,71,10.66,127.14,175.24,1355.16,0.0484,0,0,0,1,6.16,0
-42.6182191933372,-52.96674110473822,4.223089894772509,11,75,8.39,70.6,124.79,592.59,0.1239,1,1,0,0,4.78,0
-52.61549186593928,-50.797193673542495,1.7096113463177764,11,53,8.11,104.3,199.86,845.51,0.1333,2,0,0,0,3.68,0
-44.68454733960213,-46.20794732654335,3.1729874241644773,11,57,8.88,165.26,262.64,1467.35,0.1469,1,0,0,1,0.2,0
-52.41888091741157,-44.519160259008416,9.883952802775172,11,383,62.54,227.34,508.92,14218.12,0.01471,19,12,9,41,98.3,1
-68.42827918344113,-54.81888827582351,6.447965896667598,11,360,70.55,583.74,970.29,41182.61,0.01065,26,11,4,39,74.45,1
-39.59943502259278,-51.86511822307758,1.6238811683008616,6,21,3.18,53.15,161.18,169.24,0.3316,0,0,0,2,2.17,0
-53.5200052915342,-62.353808950867794,1.953551942452009,6,49,7.24,60.25,128.04,436.45,0.1368,2,0,0,3,1.2,0
-76.64759337977554,-52.57167812820562,7.41878955087659,6,694,118.83,517.66,667.77,61514.86,0.00497,13,14,9,32,48.94,1
-53.67085610203483,-52.23044303805971,7.029231128797935,11,206,30.0,201.15,617.99,6034.38,0.0325,37,7,7,46,28.39,1
-51.50905137143711,-51.78064201359476,3.219827980931375,6,35,6.09,101.61,165.96,618.82,0.2153,1,0,0,0,4.6,0
-60.79705112414786,-43.62279372054992,3.536463147061997,6,684,76.08,238.79,622.92,18168.67,0.01273,30,13,6,46,47.63,1
-54.21455796213011,-48.325930479409294,2.263102440886706,6,106,12.31,87.65,195.67,1078.88,0.0893,1,0,0,4,2.93,0
-53.46178900871852,-59.414269910369086,4.995935969112989,6,679,92.55,269.32,441.06,24925.6,0.00435,27,7,7,34,67.82,1
-58.436939380804866,-45.20801870234179,5.4256384020190325,11,762,132.35,415.64,749.66,55011.41,0.00358,23,8,8,43,44.79,1
-49.65911050114756,-59.31125774046827,5.46213868222781,1,431,76.94,282.04,627.48,21700.87,0.01404,27,13,8,34,15.0,1
-62.652790172306894,-57.39222227272167,9.215245740671175,6,676,83.71,286.59,489.68,23991.89,0.01121,27,10,7,42,80.63,1
-43.376144177144845,-61.1595151401261,1.494448059105079,6,86,12.31,147.73,167.26,1819.09,0.1377,0,0,0,1,1.0,0
-39.70436151166594,-62.27861222068028,4.747572335378388,1,628,80.15,163.37,503.14,13093.57,0.01732,13,17,5,33,39.64,1
-50.22756842793255,-54.95814553229451,1.0392746940280495,11,69,7.82,126.59,121.83,990.22,0.123,0,0,0,0,3.36,0
-64.27094535394885,-58.59665283376099,5.503977296405814,11,477,71.93,327.78,807.36,23578.32,0.00839,20,7,4,29,73.24,1
-49.34952473313375,-53.73343528511595,3.5644704608191784,1,57,10.64,100.54,151.75,1069.33,0.1374,1,0,0,2,2.03,0
-53.107897577912205,-48.35855951260565,5.179642456812048,11,810,82.59,289.96,518.58,23949.03,0.01862,26,12,7,35,104.27,1
-44.145103861155654,-50.999588982199846,1.8066957727995758,11,111,14.84,119.07,228.49,1767.55,0.0448,1,0,0,1,2.42,0
-32.0,-55.143430536181484,7.019340378577266,11,532,71.88,359.01,745.27,25804.33,0.01252,30,6,13,30,70.66,1
-57.90313349297913,-53.48368650478791,12.441144172978154,6,595,77.2,464.5,897.16,35857.61,0.02179,30,15,7,39,87.75,1
-58.0309903074234,-50.402370793104176,8.170184313775483,11,1159,128.2,355.25,703.7,45543.18,0.00311,22,14,3,57,56.57,1
-61.73358703541416,-46.62531693377646,2.169133598195558,6,57,10.76,118.3,142.16,1273.37,0.1353,0,0,0,0,3.96,0
-40.82194859522539,-70.38483739871236,4.831994574792109,11,769,108.66,513.15,942.57,55760.39,0.01648,31,9,9,42,76.85,1
-51.32082756445038,-67.86976403667002,2.056415148294053,6,321,60.41,406.58,523.71,24562.13,0.02392,22,9,8,39,20.8,1
-54.53827665305842,-52.12807851442336,2.138981565273708,11,39,6.48,113.78,194.41,737.18,0.1557,0,0,0,1,0.2,0
-63.15977094113973,-70.408068809847,6.019940340208378,1,789,93.15,120.0,579.99,11178.54,0.01463,15,9,8,44,64.98,1
-52.39161802431688,-61.5757429576373,3.575635401278862,11,60,7.54,129.67,173.2,978.02,0.1364,2,0,0,1,4.11,0
-64.94780212665223,-64.67575141053287,2.6050148592524347,6,407,53.46,130.16,540.39,6958.51,0.02001,22,10,7,40,86.44,1
-64.37535277208832,-51.442972309236765,5.037233688905342,1,735,122.45,590.71,957.43,72334.07,0.00754,20,7,6,43,90.13,1
-70.13641684058186,-59.871779434043596,6.100095010265103,1,472,71.84,378.29,865.38,27175.41,0.001,24,14,7,40,57.93,1
-62.27784631908193,-52.25925896137609,1.5146219959301193,1,74,12.85,70.69,137.11,908.28,0.107,2,0,0,2,3.0,0
-59.86780233700604,-40.5472578492582,1.3876680852186445,11,23,3.79,113.21,208.35,428.76,0.2476,1,0,0,1,1.79,0
-49.95731062801583,-37.53253576216189,2.572777569941549,1,78,11.0,89.17,150.82,980.65,0.0776,2,0,0,1,1.8,0
-54.454514951859736,-58.19777710904708,4.379586555130703,11,860,115.74,411.95,879.87,47678.15,0.00628,25,7,5,42,53.78,1
-50.06022223299189,-42.88538102394178,5.9129597999270604,6,893,118.29,202.87,559.97,23996.64,0.01254,21,14,8,39,88.79,1
-58.99468783073655,-57.79469918137753,10.453613570549576,6,844,146.35,576.61,942.77,84389.17,0.01089,34,6,8,40,15.0,1
-54.15171911030092,-60.397571687227824,7.071764823765886,1,645,116.42,120.0,250.0,13969.87,0.001,28,14,7,29,77.11,1
-58.373360429664444,-47.81041929034877,9.507388987592819,1,160,30.0,303.48,456.04,9104.27,0.02816,32,11,11,45,84.98,1
-46.82471782027568,-49.194311040593874,1.1274857828256026,1,93,9.46,61.37,157.13,580.64,0.0742,0,0,0,1,3.58,0
-54.31137441612906,-48.66050213886473,3.55872039378511,11,732,75.83,435.04,1090.11,32989.15,0.01721,26,16,4,41,96.81,1
-64.1407003371423,-45.902060784755804,2.3874300930320094,6,56,6.43,87.85,234.39,565.03,0.173,2,0,0,4,2.03,0
-50.803312534687464,-54.44384003391091,2.6518814832892916,11,30,4.86,113.71,211.41,553.19,0.2073,3,0,0,1,1.84,0
-57.08301081880452,-56.18951618117717,3.7859973646782836,11,42,6.08,121.25,176.19,737.3,0.1602,0,0,0,2,4.25,0
-54.31467917920035,-39.99910607738745,10.068181717390239,1,940,96.48,305.53,740.95,29476.67,0.01369,24,12,9,48,89.99,1
-51.33975890533232,-61.089366443265604,4.109164968827583,6,86,9.42,159.21,226.63,1499.65,0.0807,0,0,0,5,3.37,0
-61.894621265568574,-60.535603892698106,2.125518110514182,11,33,6.33,131.18,195.81,829.95,0.1598,1,0,0,3,3.3,0
-48.39058040318159,-56.48818626751681,1.5,11,998,108.83,159.63,358.19,17372.59,0.00799,25,15,7,38,108.11,1
-47.07189447974842,-55.62780241925468,2.1538379313653016,11,93,11.9,109.98,206.07,1308.81,0.0878,2,0,0,2,0.73,0
-56.68236538002394,-53.67019864180659,1.3289100142965935,11,29,4.25,113.04,150.69,479.88,0.3186,0,0,0,4,4.19,0
-70.57610201111726,-45.918532563481165,10.113901648948591,1,1069,127.85,376.94,564.66,48190.74,0.01116,17,22,7,39,96.71,1
-54.13017118642855,-78.0,1.6985205992569758,6,64,7.7,153.99,209.05,1186.41,0.1407,1,0,0,1,5.51,0
-49.33419523013629,-44.82409492970939,3.464679394163617,6,83,10.41,92.51,190.32,963.06,0.0672,1,0,0,6,1.59,0
-41.91431181397016,-49.42751327527873,2.6180097531291238,1,45,7.07,112.64,142.58,796.79,0.1294,1,0,0,0,1.31,0
-55.4827496632104,-57.72459000308363,6.656577856562909,11,781,105.71,357.01,779.78,37739.54,0.01435,30,10,10,47,84.28,1
-50.0499600653357,-63.747717830168625,2.1417321688375566,1,490,77.17,396.82,461.56,30621.92,0.01989,23,12,11,55,96.35,1
-60.43863346920503,-62.02177184764019,3.44324133666277,6,518,72.99,304.83,570.02,22249.23,0.02298,23,12,6,39,75.18,1
-55.033988893470564,-50.0519100806269,2.0258133841452612,1,69,12.55,98.19,169.93,1232.33,0.0924,1,0,0,1,3.32,0
-48.84238901407325,-49.64781761165486,2.7702949467078306,1,105,10.54,130.27,178.14,1372.56,0.0961,1,0,0,2,3.56,0
-59.92390508053873,-47.70996513403856,2.3808749662836695,11,82,9.16,118.91,231.7,1088.9,0.0876,3,0,0,2,0.65,0
-53.660818033681814,-47.036484093156986,1.7308697822561454,6,87,10.0,69.19,157.66,691.7,0.0841,0,0,0,0,4.13,0
-56.81489714106735,-51.77025201878656,4.156650147827196,1,464,90.91,405.69,868.8,36881.01,0.01773,23,11,5,32,62.03,1
-46.97156479174086,-51.36108283238391,2.2517464673678225,1,72,8.94,131.78,217.86,1178.43,0.1018,0,0,0,3,2.88,0
-51.00310722936025,-47.80590423621159,9.46245058243174,6,192,30.69,597.31,1153.08,18334.33,0.02813,25,12,3,32,73.65,1
-68.65386829163947,-43.9865396554824,6.487192800942427,6,402,70.39,413.3,891.49,29092.92,0.01424,26,7,5,40,72.38,1
-59.34014151379314,-48.49884944899995,2.9202005068632544,6,92,13.05,85.05,87.25,1110.02,0.0811,1,0,0,2,3.56,0
-46.11381539337774,-73.84146155543141,8.437976630817653,11,964,115.09,155.88,616.87,17939.84,0.00638,23,11,4,32,62.02,1
-43.79099793358213,-66.03199030080427,4.944106454859867,6,798,88.72,343.16,921.95,30444.66,0.00402,23,6,4,48,68.41,1
-47.87885063983198,-55.47516990714939,3.995544015201735,11,48,8.36,153.05,242.44,1278.74,0.1025,0,0,0,5,1.05,0
-57.76891504937634,-36.0,2.016841444702693,1,73,12.81,119.72,185.6,1533.06,0.0821,1,0,0,0,4.45,0
-47.605350149934765,-56.06150381515614,6.550070320224626,11,929,121.66,436.85,1007.7,53147.76,0.01102,19,15,6,46,68.75,1
-57.85088981575613,-51.91415431816461,7.313974268720585,6,269,31.57,354.43,702.77,11190.76,0.02816,27,8,7,38,63.26,1
-46.61977364152542,-44.63625312014685,5.071930145241675,1,21,2.77,112.86,193.46,312.21,0.3684,1,0,0,0,2.32,0
-41.418937727313214,-55.62270543312668,8.740045121314292,6,643,104.45,488.13,835.51,50985.74,0.01,34,7,2,40,83.19,1
-67.73910446245884,-49.83788534191998,4.021998071365779,6,808,81.79,308.99,716.7,25271.86,0.01665,32,6,8,38,71.91,1
-52.80744308374872,-70.57254638674031,7.575616597918961,1,516,83.54,356.55,635.18,29785.69,0.02008,26,10,8,39,57.89,1
-70.52105438321095,-62.29096318902356,4.4474712090158395,11,515,98.67,356.39,672.55,35164.96,0.00977,23,12,2,50,57.45,1
-57.49973919787252,-46.90197848530904,2.5737969817693727,6,47,9.25,123.62,185.39,1143.78,0.1201,2,0,0,1,5.26,0
-68.6577516353608,-68.92073131477932,5.95774829904379,6,288,32.32,227.28,695.17,7345.84,0.04055,21,12,5,47,44.57,1
-68.92383706291672,-58.681648838329984,6.278859394838887,11,898,97.03,438.8,910.66,42574.67,0.01225,20,7,12,32,35.97,1
-35.0,-54.77161113560218,3.490761734567856,1,65,7.82,112.77,213.07,881.42,0.1341,0,0,1,0,3.77,0
-46.23025617574993,-65.95411292226359,6.349880550478911,6,275,46.71,479.3,674.7,22388.17,0.0139,19,8,9,30,69.71,1
-46.09242650375911,-47.32227387558461,2.647490654432939,11,36,6.87,108.17,284.21,743.27,0.1673,2,0,0,2,0.54,0
-54.51269759283646,-57.127622939512264,6.302566097856705,1,351,68.62,354.38,713.15,24318.34,0.01795,19,15,8,36,97.87,1
-65.28554862951047,-51.76572948661264,2.423804327976051,11,34,3.64,71.42,111.1,259.64,0.2421,3,0,0,0,2.4,0
-58.316717598024844,-56.68348366325284,8.040982208502609,11,1127,113.65,334.74,847.07,38042.53,0.00569,32,12,7,44,109.53,1
-39.262422605032796,-57.85785698101824,8.201566695549907,11,693,123.74,384.9,688.71,47627.66,0.01031,29,12,9,42,43.07,1
-41.89827178346189,-48.39201126690824,10.29631669897616,11,406,54.13,358.93,468.42,19427.42,0.0217,20,9,9,52,59.61,1
-49.82013456784527,-51.17347784633722,1.7476651625331816,6,61,10.99,164.93,209.61,1811.98,0.0572,0,0,0,1,3.08,0
-66.64770753762694,-67.94574048407786,6.543844951494557,6,615,71.64,347.96,547.44,24927.22,0.00234,26,10,8,38,52.39,1
-39.046757363093725,-64.10946451479802,2.4403315194394715,6,75,7.72,104.34,129.05,805.53,0.1325,1,0,0,2,1.58,0
-59.36450031796039,-50.3025763034101,5.5883328685584,11,493,66.52,409.8,765.53,27258.61,0.01995,29,22,5,36,67.48,1
-57.729483216872694,-42.39474925793745,2.2973510066997918,6,45,8.0,194.29,237.76,1554.35,0.1202,2,0,0,1,2.53,0
-47.58439885097786,-51.511672981449536,1.8457263140156686,11,7,1.0,142.05,192.0,142.05,0.9978,1,0,0,1,4.02,0
-47.83533279276239,-51.001306936310634,2.094357367487163,6,79,9.46,114.37,142.45,1081.38,0.1165,1,0,0,1,0.68,0
-61.51214072146111,-59.91418110201107,3.7328036892688594,1,77,8.79,143.28,194.78,1259.55,0.1172,2,0,0,0,3.26,0
-75.61040977056703,-72.26354358667786,11.345873597908405,6,851,89.75,380.88,680.3,34183.23,0.01605,20,12,7,48,53.77,1
-48.14822379876411,-51.84842301340966,4.070543600719015,1,88,13.18,108.81,230.17,1434.32,0.1127,0,0,0,0,3.54,0
-42.3347517199401,-60.57278774046713,6.569751206038004,1,510,77.12,442.41,722.95,34117.66,0.00692,27,17,7,33,46.51,1
-66.85857151131233,-70.83292285497667,4.941369089121974,6,645,93.22,565.34,1214.48,52698.68,0.00956,24,12,3,52,60.7,1
-51.97106982141594,-51.29137920996124,2.8537504783724947,6,60,10.38,90.96,202.35,944.12,0.1143,0,0,0,1,1.82,0
-62.59260890000274,-51.373581804442615,6.973532870259026,1,476,72.48,291.18,702.64,21105.89,0.00913,17,13,7,37,74.21,1
-60.50852001191986,-42.373540023787875,1.4488240527329095,1,29,5.5,51.17,131.67,281.51,0.1662,1,0,0,3,5.45,0
-56.769982235933284,-53.20075820378077,3.2728128516893147,1,1098,141.24,254.57,526.11,35956.11,0.00767,16,13,5,34,84.5,1
-59.01009325123519,-61.0913081437379,5.98512560302147,11,320,61.55,296.25,635.07,18232.52,0.03069,30,11,13,40,60.22,1
-62.59633138647983,-55.01275077364287,1.435462975244002,6,51,9.67,70.33,125.5,680.01,0.1275,1,0,0,0,1.5,0
-55.142143341962694,-52.93638100493141,2.5102867273374754,11,30,3.61,107.27,175.67,387.22,0.2872,2,0,0,4,5.59,0
-60.33338628281849,-49.429102428065,3.258156261774598,1,20,3.49,117.56,181.84,410.56,0.279,2,0,0,1,2.98,0
-58.350736436556936,-72.94991042467895,6.188405905458675,11,274,30.0,363.65,629.42,10909.63,0.03659,18,13,9,47,36.52,1
-53.39742277274343,-45.94532856246967,3.8707965607638406,6,50,7.24,105.35,179.92,762.85,0.1305,7,0,0,2,3.85,0
-51.290850613927155,-44.65222385440117,2.3905190903929325,11,42,7.57,106.04,144.23,802.48,0.1311,2,0,0,3,1.45,0
-47.50475972679021,-46.82396943404811,8.61306315378266,1,564,61.0,280.63,622.91,17118.53,0.02239,31,17,4,34,85.88,1
-41.99148783270707,-51.55500294036387,1.7389660963732143,6,78,8.01,146.53,222.84,1173.57,0.0883,0,0,0,0,3.41,0
-47.952915581948346,-47.2256735147167,2.8475093099330846,6,57,7.02,193.02,259.14,1355.26,0.1488,3,0,0,1,4.23,0
-43.98043460523967,-45.258693269196215,5.135776970293051,11,1344,168.6,603.63,1013.09,101770.3,0.001,27,19,10,36,34.53,1
-52.05795918750711,-58.246738815692744,1.8393230562281957,6,96,9.66,78.07,93.76,754.3,0.0852,0,0,0,3,6.57,0
-51.377451213775004,-48.108604972203786,0.3763625409570692,6,39,4.12,151.05,170.15,623.0,0.251,1,0,0,2,1.72,0
-42.26703104445795,-61.55189573717397,7.870959693414729,11,742,98.59,417.2,649.3,41133.23,0.01007,28,10,7,47,87.31,1
-52.749034710689976,-55.78088474113426,5.130798081135875,6,826,88.41,120.0,250.0,10609.42,0.002,18,9,6,40,38.91,1
-53.71157947534519,-48.40587288897887,10.107843395596724,11,418,63.75,305.32,604.87,19464.35,0.01071,28,17,5,55,84.23,1
-60.07382451961607,-64.31311043215729,10.095741390147063,11,491,93.63,398.54,656.46,37315.93,0.0092,26,13,6,43,68.3,1
-56.42270982357947,-43.4420381385998,2.3560278907788694,6,62,7.1,107.46,186.21,763.23,0.1315,2,0,0,2,6.73,0
-47.86075489803261,-40.657246040353286,2.455914862892203,11,29,5.28,77.97,96.56,411.97,0.1986,1,0,0,0,1.04,0
-60.505649183033526,-48.33104820513423,11.878561557840328,1,806,96.11,278.35,548.74,26751.4,0.001,35,8,9,28,43.46,1
-49.07840437877719,-55.30009347023533,1.9142884710108143,6,31,3.97,143.58,200.51,570.52,0.24,2,0,0,2,2.79,0
-42.53184263170418,-47.33670078126325,3.130425287980165,6,53,5.74,82.97,109.38,476.63,0.1398,5,0,0,4,1.51,0
-46.794483309259,-50.805345772808714,5.2239726803088695,1,1148,160.5,329.93,781.62,52952.91,0.00682,26,13,11,39,40.96,1
-52.785147300774085,-63.317829567900276,0.2,6,96,12.69,95.66,137.15,1214.29,0.1282,2,0,0,2,2.5,0
-53.84513105110771,-49.51912273566567,2.178351651358035,1,62,7.43,117.47,243.19,872.81,0.1182,1,0,0,2,4.42,0
-61.57559594167304,-56.25375412627505,1.0485466756267279,11,75,12.61,129.21,209.12,1628.94,0.0516,1,0,0,1,3.4,0
-54.5731682631213,-43.77359565538803,3.2101363528765408,6,81,9.1,102.81,250.44,935.14,0.1045,0,0,0,1,5.31,0
-55.72291494630106,-50.51694739504253,8.598436815278859,11,366,58.0,456.83,869.12,26495.55,0.01863,29,13,8,41,64.29,1
-46.713237568167294,-50.10794789328053,3.3130357368876218,6,82,9.34,140.83,272.85,1316.03,0.1187,1,0,0,0,1.91,0
-49.81222060212195,-54.17314680432989,1.7069462238694246,11,7,1.0,136.81,181.33,136.81,1.0,1,0,0,0,1.58,0
-62.23324385267017,-62.96480667019611,9.947023643093576,6,1269,152.11,322.17,478.19,49006.59,0.00511,33,13,5,49,79.8,1
-63.037170610190664,-40.32715167924046,9.459984439838408,6,880,109.74,341.67,664.37,37494.64,0.01576,19,13,7,51,65.26,1
-61.81471332125187,-48.53036123553041,7.478700134314108,1,990,137.8,481.84,885.98,66399.22,0.02322,21,11,6,39,50.77,1
-43.68313198462857,-48.059233424322514,7.331238739017047,1,694,136.37,337.97,576.52,46087.76,0.00519,31,10,5,50,45.84,1
-41.72342724134292,-54.279410944651325,2.4419614720942047,6,61,9.34,78.58,188.03,734.29,0.1636,6,0,0,3,3.82,0
-57.817072878359575,-73.78094535053066,10.741470652755336,1,378,53.04,297.38,788.43,15773.53,0.01983,28,11,5,36,50.34,1
-58.36298386159602,-46.048633961796426,1.6985612202448035,1,36,4.89,148.19,234.16,725.08,0.1942,1,0,0,2,4.78,0
-55.24621456458276,-55.10680001618782,2.5427675653079596,11,90,10.39,141.98,177.65,1474.81,0.0949,1,0,0,1,4.41,0
-51.51864872745547,-60.685759753148176,2.9711684926288005,6,473,74.05,274.39,441.32,20317.62,0.02104,29,11,8,38,71.15,1
-47.09054413158622,-61.5187398673132,2.3994911631858016,11,48,8.17,77.67,125.55,634.96,0.1398,3,0,0,3,2.67,0
-55.29644987451402,-56.624075558033,1.4770500718192876,11,89,9.97,116.92,195.26,1166.12,0.0414,1,0,0,1,0.56,0
-59.467491050921936,-57.35253167928316,3.9019279375478573,1,298,30.0,293.67,640.76,8810.16,0.03098,34,10,8,46,67.71,1
-54.732084628650576,-57.36823836322135,5.931054402354985,6,809,126.04,289.5,733.74,36489.04,0.00185,26,8,5,43,70.91,1
-57.33537151726074,-51.55043752860264,3.113585516011376,1,72,7.54,104.35,256.11,786.41,0.1024,0,0,0,3,2.53,0
-70.3373423453263,-53.56833864934618,4.630012367140045,6,895,91.85,178.63,324.87,16407.52,0.00678,31,9,8,32,30.66,1
-62.19889794546887,-55.72607052884425,1.4656422299063014,11,58,6.5,132.55,224.85,861.88,0.1243,0,0,0,2,1.52,0
-47.0012037601269,-51.17425236875623,1.2050330215255678,6,30,3.67,80.06,211.05,294.07,0.2611,1,0,0,2,3.78,0
-62.656199614256415,-59.94055256057923,1.766881668717404,6,50,7.56,118.44,203.33,895.09,0.16,1,0,0,3,3.26,0
-54.34414158853891,-37.6931241996639,8.0898147330853,6,255,30.0,432.99,829.72,12989.75,0.03682,28,7,6,45,59.0,1
-41.860104501639476,-41.26032383109387,11.271132509958415,6,852,87.69,177.27,562.9,15544.72,0.00804,21,14,10,37,60.37,1
-44.2579559594805,-52.96737658708481,2.5332465163446614,1,68,6.97,98.61,143.92,687.47,0.1185,1,0,0,0,4.34,0
-73.81827384402176,-56.780207020985856,7.70897557138332,6,598,65.01,342.47,798.53,22264.07,0.0077,24,7,6,40,15.0,1
-53.591944415289596,-47.28884615962228,2.4360143443714346,6,86,13.36,141.01,227.08,1883.31,0.0629,0,0,0,1,2.46,0
-47.33916831535299,-52.24074434681997,3.545830591760698,11,40,6.29,96.93,203.82,609.26,0.1612,0,0,0,4,2.76,0
-51.86370921267667,-53.10070644115768,10.591978629617596,1,344,53.56,318.79,706.54,17075.29,0.02676,22,15,8,35,102.99,1
-43.42752787724371,-66.58894859008484,4.473411011467336,11,652,95.71,367.52,651.68,35177.08,0.01269,23,11,7,43,54.09,1
-47.46670215946307,-54.320101854929696,3.721472200207571,1,83,9.32,50.78,152.43,473.18,0.1188,3,0,0,2,2.87,0
-57.32605321533724,-52.017997860823236,0.2,1,88,10.12,113.07,203.17,1144.31,0.1168,1,0,0,4,2.11,0
-34.371907650347595,-59.828941816794625,4.4737373493799675,11,927,123.51,386.9,616.62,47787.93,0.0077,23,10,5,33,88.54,1
-56.352851934230834,-57.470117657969425,3.9695706957615102,1,141,14.9,125.94,163.91,1876.3,0.0616,0,0,0,1,0.56,0
-48.60749542081808,-40.13814779132092,0.7381830390638022,11,60,7.0,124.31,208.32,869.76,0.1324,0,0,0,0,3.59,0
-44.4871951774759,-51.928533902508214,1.5441174119720746,11,61,8.16,62.24,156.61,507.71,0.1125,0,0,0,0,1.27,0
-43.020450007281006,-43.52435259618261,2.00180757656563,6,48,5.52,115.19,130.23,635.84,0.203,1,0,0,1,4.64,0
-59.06276184311777,-55.41065250230648,3.7647798470500353,6,68,9.75,111.19,152.71,1083.88,0.1006,0,0,0,3,3.94,0
-49.599228871570894,-56.06098504295492,7.8420629309461605,1,709,80.47,328.47,677.17,26433.87,0.00983,25,12,13,37,46.14,1
-42.90457148612522,-57.25554648449041,2.13078670853119,1,46,5.32,144.97,197.04,771.33,0.1582,4,0,0,3,4.88,0
-58.183396267437224,-66.72051517400166,4.256016918891565,11,839,102.63,340.33,823.09,34927.27,0.00718,30,9,9,47,83.62,1
-47.51450406023151,-45.192805307816684,2.2103354501745693,11,101,12.66,151.76,256.65,1920.65,0.0534,0,0,0,3,5.8,0
-59.28420598389053,-58.51141174685286,2.5528513098689487,1,65,8.21,40.0,127.71,328.39,0.1275,1,0,0,1,4.56,0
-49.67846776808901,-55.04752827973867,11.587872987137352,1,518,86.35,352.11,685.22,30405.58,0.01506,31,17,6,48,73.95,1
-61.129663954152726,-41.07578551398429,6.475289624808454,6,802,102.14,466.54,855.05,47653.68,0.01137,26,15,2,38,15.0,1
-55.73276527877888,-51.68432754453172,0.6090061900967254,1,72,8.77,144.28,185.09,1264.99,0.0982,0,0,0,2,7.22,0
-65.90012331997882,-60.98621258759452,5.861559121591082,11,550,73.89,526.43,963.2,38897.35,0.01277,25,16,6,37,91.24,1
-62.94593582980204,-53.782868423380854,2.709202492486641,1,40,7.15,96.17,169.7,687.76,0.1289,0,0,0,2,3.61,0
-51.16935081193203,-56.49213324021974,2.546976196299498,1,111,11.38,50.08,121.9,569.95,0.0733,0,0,0,0,2.8,0
-60.483368039868935,-55.74424863927526,2.3638002912160214,1,50,8.19,157.79,231.74,1292.12,0.1546,0,0,0,2,3.13,0
-52.692041811736004,-43.89405436732919,3.277934220027543,11,56,7.04,148.73,163.8,1047.46,0.1193,2,0,0,4,5.16,0
-61.152394573453044,-42.26047900507321,3.839187997052764,6,786,93.52,522.34,882.87,48850.91,0.01553,19,14,7,42,64.41,1
-49.50270596784149,-49.890575302225244,0.572478864283253,6,78,10.37,157.71,296.78,1635.8,0.0722,1,0,0,2,1.19,0
-67.992585884561,-51.064068337950374,4.998180009037835,1,429,52.95,144.0,658.16,7624.04,0.02973,25,9,9,28,74.79,1
-52.28239670573809,-52.56906764157101,1.8516415863750741,11,37,4.11,123.06,168.04,505.86,0.2454,1,0,0,0,4.17,0
-36.72192258027523,-65.42335096037682,7.534246797382178,11,884,101.46,190.7,685.16,19348.34,0.00306,35,18,8,50,82.74,1
-55.02669421263131,-57.10189773423045,7.023244947324887,11,821,120.26,284.55,820.58,34219.67,0.00196,19,18,5,43,38.33,1
-69.14036912525381,-51.83078339408663,6.563640047055402,1,605,63.88,302.04,549.68,19293.91,0.01279,27,14,4,30,87.65,1
-49.068415202596164,-50.82830740906177,2.614117571138614,6,60,9.57,98.88,194.58,946.45,0.1009,1,0,0,4,3.48,0
-56.18013806485605,-54.38903066608532,5.983826315250318,11,631,83.91,487.04,760.91,40868.84,0.00991,18,10,6,38,55.72,1
-58.736103893915676,-66.94093917361732,6.636038950347449,6,1230,130.06,360.82,849.62,46929.24,0.00878,19,16,7,42,75.66,1
-38.851346076048095,-55.76991991233048,3.2277129120327612,1,30,3.19,96.3,104.81,307.49,0.341,1,0,0,3,0.2,0
-63.49233357981784,-55.2270446575808,9.236785702623791,11,918,94.93,346.17,937.53,32861.79,0.0082,30,15,5,47,73.7,1
-59.45513890159276,-44.04799247531733,7.234249596202489,11,1104,111.6,411.31,656.08,45900.86,0.00912,34,14,4,33,72.49,1
-51.677248046729844,-56.284684313981785,10.047546552045215,1,612,63.77,394.22,615.36,25140.67,0.01692,31,15,9,49,73.21,1
-45.22072312371847,-63.74116006059312,4.686855014277063,6,722,75.17,405.39,635.45,30475.27,0.009,28,13,8,40,48.85,1
-44.763333910207166,-45.42907551212442,2.2416796427288825,11,62,8.89,144.77,242.84,1286.88,0.1089,0,0,0,2,1.89,0
-63.63053443816957,-52.30507970265569,2.5205085640163345,1,61,8.53,90.12,160.14,768.69,0.107,1,0,0,4,2.7,0
-48.14758429016578,-53.12933512775158,1.1910755231465149,1,95,12.74,147.14,199.01,1874.16,0.0699,1,0,0,1,1.69,0
-50.94687971100621,-53.01516543343897,3.7205504002348615,6,477,64.37,381.33,662.26,24547.26,0.01075,30,12,1,37,77.31,1
-53.89277589062351,-57.50249531326184,2.3115265896264363,1,41,7.95,169.93,262.61,1350.84,0.1049,0,0,0,3,4.36,0
-50.196129951064115,-54.36998362778905,1.4770348337775983,1,89,14.29,86.47,168.02,1235.52,0.0783,1,0,0,2,3.54,0
-53.13204702128873,-40.714742157952905,2.438032786965517,1,75,8.2,129.93,199.63,1065.38,0.1377,0,0,0,1,6.21,0
-48.32432818219182,-50.06254461757166,1.3663083144531993,6,70,13.16,79.48,109.43,1046.18,0.0795,2,0,0,2,3.25,0
-59.36207681074793,-68.78006549590457,4.086067265347527,11,779,87.57,326.89,786.33,28624.77,0.0097,33,14,9,45,78.12,1
-51.68739203325573,-50.86215700586567,2.674611847501205,6,49,7.38,150.74,168.2,1113.04,0.1455,2,0,0,1,4.46,0
-44.35070065519596,-54.942798569238086,6.752335536690951,6,416,60.41,434.69,583.24,26259.06,0.03309,18,18,6,31,61.76,1
-53.592705907542545,-46.71445922080481,4.462005663842247,1,9,1.6,40.0,80.0,64.15,0.6342,0,0,0,1,2.17,0
-50.701406853906796,-52.25150789304863,3.5017092200148388,6,55,8.54,111.4,177.02,951.09,0.1069,0,0,0,3,4.02,0
-50.85160607929082,-62.17182483041824,6.162745249694588,1,571,84.14,390.4,754.09,32848.87,0.00286,26,8,12,40,51.48,1
-52.36947284158613,-50.45783157867068,8.816776483479915,1,537,72.66,397.46,616.65,28877.83,0.01669,26,12,7,42,76.16,1
-37.14827510453841,-57.376532846654676,1.9274333483787613,6,46,7.58,52.71,161.0,399.36,0.114,0,0,0,2,3.8,0
-63.928475149144376,-60.52270420674431,4.449500673243244,11,806,124.84,419.91,797.57,52422.67,0.0103,25,11,5,37,31.23,1
-44.08460168805161,-65.89881020696403,2.9267009717099675,11,573,86.23,376.98,1039.14,32506.4,0.01792,22,12,5,38,87.0,1
-62.38062938008161,-50.573735862106496,7.022906640130488,1,832,133.09,335.99,915.94,44715.31,0.01481,30,11,4,45,82.62,1
-46.75830279812266,-42.046616994332126,3.9520881320393144,11,58,6.41,125.96,149.72,807.62,0.1311,1,0,0,1,2.52,0
-43.10969946251152,-53.43828267118481,2.2269027160440253,6,60,10.08,111.24,180.11,1121.7,0.085,0,0,0,2,3.65,0
-47.71852191582975,-51.5032602542765,8.31182311276587,1,524,69.75,289.49,703.91,20190.64,0.01108,29,7,8,30,53.95,1
-68.79215497221173,-54.70123825664143,6.814205982560699,11,1094,113.73,240.29,570.81,27327.71,0.00903,20,15,4,48,65.08,1
-53.64516113715023,-58.37676306524497,4.158201712899587,1,614,76.73,220.35,543.64,16907.29,0.00703,27,9,9,44,73.35,1
-55.015018835736655,-45.59459232717875,3.7020077445567603,11,725,110.99,484.32,1051.98,53753.24,0.01948,21,9,7,41,78.75,1
-51.759406276551566,-57.262121243398724,4.43672687963428,1,677,98.67,378.88,897.37,37382.71,0.01709,16,10,5,40,36.16,1
-46.25402234586748,-62.501991357425666,6.680715086842279,11,204,37.45,120.0,401.48,4494.19,0.02776,20,13,3,40,92.4,1
-48.02980505086214,-54.5917562539235,1.3162786722347182,1,40,5.86,101.01,202.9,591.76,0.1643,2,0,0,2,3.08,0
-63.58760752791029,-56.152516939770216,3.8511843284590004,6,30,5.21,136.09,196.2,709.44,0.1874,0,0,0,2,1.9,0
-39.74327945439747,-61.84539069584003,5.047317819565259,11,208,39.78,517.0,592.0,20565.25,0.02638,31,11,11,39,63.92,1
-42.56873730870509,-49.12118607969053,4.218237241451382,11,45,8.75,128.88,159.16,1127.35,0.1138,1,0,0,1,3.27,0
-56.79924894650784,-52.972807039863504,1.018669939249863,6,73,7.39,140.64,238.18,1038.99,0.1147,2,0,0,0,2.69,0
-53.834729559212406,-57.58362132813707,2.4636538763330953,11,8,1.0,143.69,190.03,143.69,1.0,1,0,0,1,2.48,0
-43.623213389892484,-68.17472609490407,9.789063147849319,6,530,80.06,120.0,507.69,9607.77,0.00525,25,10,5,50,61.04,1
-48.86183205970535,-53.724826792335016,2.059363845613603,1,40,4.62,125.3,184.43,578.78,0.2216,1,0,0,3,2.33,0
-49.879251680614786,-65.30040200476768,8.397560308242225,6,320,62.07,349.25,812.61,21679.06,0.01605,23,18,8,38,36.11,1
-59.17625436110923,-57.297193087285606,2.7086658989639827,6,43,6.55,106.6,240.95,698.0,0.1843,0,0,0,3,3.43,0
-51.80585601742149,-61.025091708145176,4.373562596890778,1,400,68.32,225.84,573.49,15429.65,0.01807,18,12,7,43,59.51,1
-72.61532898503499,-56.024345485923924,4.925639198653891,1,387,62.03,436.92,606.82,27103.51,0.01521,37,10,7,39,50.77,1
-54.23374018387082,-56.598332080666964,2.0227933710551347,1,46,5.46,95.29,171.8,520.77,0.1539,1,1,0,1,1.91,0
-68.32499186451523,-57.64854148557711,10.694561295594246,6,534,61.87,418.15,924.27,25870.04,0.01972,25,19,9,43,89.39,1
-75.8179878382763,-52.02606263064192,9.117201451231601,1,471,92.97,279.45,250.08,25980.37,0.00763,22,17,5,44,89.12,1
-73.81136967277699,-63.7450438414046,8.086235345157291,11,547,56.77,376.56,572.35,21376.51,0.00711,29,13,2,46,61.3,1
-63.93945300283617,-51.41763421288146,5.379157221896969,1,299,30.0,386.75,580.65,11602.41,0.03927,22,13,4,46,49.43,1
-52.944234579975316,-34.0,9.18351177197492,1,884,98.61,314.09,575.99,30970.89,0.01146,38,10,8,45,80.37,1
-54.6403501235235,-48.076313074462355,5.601885803744864,1,123,14.28,161.18,194.81,2301.61,0.1254,1,0,0,0,0.83,0
-50.545745816701135,-42.14702984841756,1.1678542443083544,1,45,4.6,103.4,195.19,475.66,0.2333,2,0,0,1,3.57,0
-55.60049844909823,-63.033957159640664,6.11426688049656,6,359,70.47,248.18,551.99,17490.44,0.01419,30,13,3,44,50.35,1
-64.01374074239186,-47.3011807883653,1.86476596887767,1,18,3.37,152.3,224.55,513.13,0.2966,2,0,0,4,1.71,0
-47.913494182949364,-57.1290095015967,4.414325408603782,1,79,10.11,102.01,140.39,1030.87,0.101,1,0,0,0,1.54,0
-52.43165723444579,-53.32491271330198,2.915665969933117,11,31,4.78,114.75,171.09,548.93,0.1917,3,0,0,0,3.46,0
-71.6535408699504,-60.70037634061652,6.557435643410227,1,566,76.96,297.6,943.41,22903.31,0.001,27,10,5,35,58.07,1
-57.6057320307685,-44.13039130159379,9.147973646489877,1,521,99.95,351.06,425.06,35087.35,0.01343,24,10,8,33,73.95,1
-53.70469629207403,-53.54771255944638,3.751109482312179,11,62,12.09,96.44,157.82,1166.13,0.0661,3,0,0,2,3.51,0
-68.19242660983045,-55.526341342851,6.438123764486173,1,401,76.55,268.88,512.15,20581.79,0.01698,28,17,2,37,49.46,1
-44.57220034963332,-81.54742369735264,5.375090754251106,1,669,110.45,454.14,866.41,50160.3,0.00781,20,8,6,41,43.8,1
-42.35491937370651,-48.16091277396468,3.7553249588810513,1,169,30.0,483.03,497.78,14490.83,0.03027,30,19,10,37,56.41,1
-51.826810480428676,-41.691659998837615,5.45343236715194,6,442,52.12,312.49,561.16,16286.82,0.01362,25,15,10,38,44.56,1
-52.60213979854098,-48.46319908635007,5.830190187266618,1,495,71.55,269.2,705.99,19261.87,0.01493,19,11,9,45,90.51,1
-54.58618736476624,-72.45227245883015,1.4587607636878863,11,48,6.55,136.16,235.98,892.29,0.1507,1,0,0,1,3.74,0
-51.44994255017662,-73.5776554092947,5.399524215260612,1,302,56.23,500.11,909.02,28122.15,0.01457,27,12,9,35,58.03,1
-54.399912570368855,-48.547916009154584,0.8693423777505993,1,42,7.85,167.09,212.67,1312.28,0.1344,0,0,0,0,3.48,0
-54.62356552353058,-39.73106050914012,1.1301565347878555,11,44,7.44,157.48,211.35,1171.21,0.1657,1,0,0,2,3.86,0
-62.910034232619694,-55.62478385474273,9.730452738275018,6,568,97.09,461.5,745.14,44805.33,0.01554,30,17,5,40,66.94,1
-49.30693679790336,-52.724611460044045,3.4194127917400996,11,96,12.37,126.95,225.42,1569.81,0.069,2,0,0,2,3.69,0
-67.41884848794754,-45.336623558243396,1.7741359575067746,6,74,9.09,42.72,138.86,388.43,0.1329,4,0,0,1,2.92,0
-56.455472348937775,-62.578513565403576,1.4665044685395936,1,86,9.44,90.67,157.22,855.65,0.1066,0,0,0,0,2.25,0
-53.954546434481784,-48.52961081189896,3.184954556655008,1,19,1.99,164.27,238.87,326.8,0.5377,3,0,0,3,7.08,0
-59.42308297041026,-63.5607031413827,3.7758076232245372,1,1014,103.93,446.58,989.69,46412.44,0.00706,26,7,8,34,77.96,1
-68.80938584393687,-65.17902908016255,4.573485406128784,11,756,92.98,286.88,628.39,26674.46,0.01193,27,9,10,36,93.74,1
-69.3528202617812,-47.320924771722964,9.067235066230236,6,943,108.59,300.06,769.3,32582.66,0.00959,20,13,10,48,64.67,1
-52.163960714405704,-50.64364246538785,3.9855214886442982,1,81,9.32,78.09,155.35,727.74,0.1178,2,0,0,0,2.94,0
-44.82670286374459,-45.52525732405475,1.7513176914713238,6,59,7.98,57.87,124.47,462.06,0.1345,0,0,0,2,0.87,0
-45.77410580432832,-47.68827024765368,3.0190707129218124,11,32,4.27,59.63,153.48,254.89,0.223,0,0,0,1,2.17,0
-52.347132155173576,-50.17198300526904,2.883169022656193,6,40,4.33,115.85,172.41,501.98,0.2563,0,0,0,1,3.47,0
-47.40227031295903,-46.699526955456456,2.718938847071636,11,108,12.89,124.3,209.51,1601.81,0.03,2,0,0,4,3.23,0
-51.7399309455882,-53.64183142781916,10.176914122022838,6,418,46.59,179.09,562.99,8343.65,0.0181,22,8,12,39,49.04,1
-46.452448118291755,-45.66034090575036,2.237685474419005,6,50,9.18,131.97,217.26,1211.31,0.1258,2,0,0,1,2.56,0
-54.59429137477903,-58.32905400591144,3.375740963760949,11,78,8.19,120.19,193.34,983.88,0.1591,1,0,0,2,4.43,0
-49.756853403077734,-54.091521795729925,1.7256480991118166,11,29,4.34,117.79,203.31,511.65,0.2127,1,0,0,1,2.26,0
-58.687180561738664,-52.394972732043534,2.080215622483184,1,63,9.1,126.36,175.78,1149.82,0.1098,1,0,0,2,0.2,0
-46.86223772062021,-60.12270850857018,5.488329582200707,11,594,65.84,227.0,491.66,14945.29,0.02589,28,19,8,38,70.98,1
-56.938512516910215,-63.028095136562186,8.259907357546972,11,659,114.13,252.3,290.91,28795.57,0.01163,18,7,8,32,75.82,1
-54.62352406902781,-49.966368865227594,2.855693382113711,6,66,9.53,146.08,289.98,1392.69,0.0862,1,0,0,2,0.74,0
-51.66759860758877,-58.72057180781111,3.9138840256935197,6,308,56.84,368.32,1053.05,20936.39,0.01912,23,8,10,38,67.63,1
-49.203326707684056,-42.804232645641235,1.8808630425243913,6,61,7.05,57.31,132.22,404.09,0.1264,2,0,0,1,2.55,0
-49.309662284806144,-62.403534419377976,3.1029360212579244,1,38,3.87,114.24,180.62,442.19,0.2726,1,0,0,2,7.99,0
-32.0,-63.53342267972625,5.181871932190321,6,612,78.0,422.94,575.31,32987.88,0.0107,23,13,9,46,103.39,1
-66.27027354600686,-55.49412159676944,1.2700555117417764,11,46,5.61,104.96,174.8,588.46,0.1619,2,0,0,0,2.7,0
-66.59361666256565,-73.26022077141423,8.72945105344222,1,430,80.52,255.72,577.99,20590.94,0.01856,18,10,7,35,99.21,1
-55.656887020017166,-44.27160357842689,1.3987431791887677,6,55,6.85,88.91,179.07,609.44,0.1133,0,0,0,1,4.92,0
-56.30895961146138,-56.20326577930339,6.2902569038593965,11,481,54.12,319.9,1026.45,17312.41,0.02588,25,6,4,42,70.3,1
-59.08231753817292,-69.32439802287207,8.415714942876063,11,563,108.04,423.85,693.09,45792.81,0.01972,28,16,7,46,65.21,1
-60.577742596283755,-58.337469955991175,2.4041655003571427,11,70,7.45,71.96,136.41,535.77,0.1434,1,0,0,3,0.42,0
-55.30708148450697,-44.31261661742457,1.153470786865859,1,52,8.87,85.06,164.87,754.81,0.1219,0,0,0,0,3.07,0
-78.25614124269262,-59.668140523512434,2.114211124723555,11,228,30.0,273.85,457.11,8215.64,0.0346,29,11,5,43,82.46,1
-46.75619269072874,-70.3052499762705,6.037767107371057,1,234,38.74,186.74,250.0,7233.7,0.01669,27,11,6,44,57.59,1
-53.72183342328845,-53.08412984252993,6.054195367411635,11,326,47.38,398.88,530.53,18900.1,0.01369,20,12,6,38,70.61,1
-43.95493996606398,-58.318918962187865,6.459409967840669,1,678,90.07,388.1,656.08,34955.25,0.00716,29,13,8,29,71.96,1
-40.09445069100178,-54.318837236301455,2.211385121230506,6,66,9.85,127.53,194.96,1256.18,0.1199,0,0,0,2,2.45,0
-66.5100067458737,-54.205480018060825,5.33166495167157,11,448,57.27,381.77,609.97,21865.6,0.01417,24,13,4,38,65.04,1
-43.34951974904101,-49.72384648199733,2.1216619654760973,6,39,4.48,94.49,166.62,423.7,0.1909,0,0,0,4,2.9,0
-48.94604382736995,-50.26696989004375,2.3293058537811304,11,74,10.92,52.59,106.0,574.3,0.0942,0,0,0,0,2.18,0
-35.0,-57.205545623579646,0.8391331241979167,1,61,8.39,121.65,194.49,1020.78,0.0976,0,0,0,3,2.64,0
-64.37171962937461,-52.922139980709325,7.501618796213904,1,867,93.15,381.4,517.1,35526.59,0.00755,23,11,7,30,73.4,1
-58.86761010681395,-59.511113273079474,2.374039567453001,11,98,11.73,61.74,176.8,724.46,0.0741,1,0,0,3,1.45,0
-49.72710310164787,-50.13513018683233,7.841587017271872,11,597,109.75,275.63,724.34,30251.14,0.00276,34,10,4,50,73.08,1
-61.30868469734284,-65.18240275773111,9.60747662919727,11,573,77.57,145.3,557.34,11269.84,0.0126,22,7,5,44,63.45,1
-61.71186262506943,-55.20234786440499,5.2246747059173,6,777,108.35,208.58,353.11,22600.06,0.01288,24,11,5,54,35.65,1
-45.78430564093202,-68.67843723875251,7.915066759266175,1,826,135.7,324.98,765.49,44098.9,0.0065,23,16,7,40,70.31,1
-58.563349950105994,-52.932805900359455,8.475872048452974,11,960,104.83,249.9,620.69,26197.63,0.00637,29,15,4,48,40.49,1
-40.58814268370798,-65.5585271406593,3.9602400578622516,1,349,52.13,259.62,824.09,13535.11,0.01176,21,19,5,44,41.58,1
-39.50065475965086,-53.199277522589846,1.8676082431506447,6,74,7.96,109.08,228.82,868.23,0.1028,0,0,0,2,5.94,0
-60.009181364627246,-60.28889503789878,5.779543852582423,6,1092,118.86,298.6,670.85,35491.11,0.01024,26,11,9,37,40.63,1
-53.5943588190694,-48.346656900537816,2.124604933079769,11,50,9.0,101.41,200.37,912.6,0.0841,6,0,0,2,1.7,0
-61.10586908831963,-70.55489263043698,7.788420329202408,11,322,48.04,370.42,739.35,17793.55,0.02352,39,9,7,53,58.24,1
-60.81164521779036,-54.86272541210849,4.551812755938958,11,77,9.88,43.57,179.57,430.37,0.0977,0,0,0,2,1.84,0
-50.79807593004011,-61.303926222942515,4.789093789949017,11,641,72.39,302.75,820.42,21915.35,0.01158,16,9,4,46,58.99,1
-45.93928097774126,-50.52233145103685,5.111102678387841,1,67,8.45,47.02,129.66,397.33,0.1188,4,0,0,1,3.39,0
-63.1641268481092,-61.511527735646595,1.4739179990686844,1,44,7.32,118.72,235.61,869.48,0.1456,1,0,0,2,2.15,0
-57.39832580095855,-60.1521885558899,7.382972418362319,6,661,69.99,165.69,505.11,11597.04,0.01814,33,9,9,35,60.28,1
-68.97164050151444,-45.36594637967356,6.5033527759874845,11,647,83.16,200.4,799.81,16664.51,0.00232,22,8,10,37,56.63,1
-51.56015468655229,-62.83332043370788,5.098409894161874,6,681,123.86,231.78,533.21,28707.88,0.0092,21,16,5,41,84.5,1
-50.41898114578413,-55.24788613261389,2.109635675400335,1,75,8.32,131.75,250.06,1096.6,0.0854,1,0,0,2,1.98,0
-65.79010522380104,-52.20415601609845,3.2593337714584685,6,7,1.0,96.26,157.11,96.26,0.9903,1,0,0,3,1.85,0
-48.203184270010134,-55.78484120880565,5.437394957520784,11,546,72.86,301.33,545.74,21953.44,0.01083,22,18,10,40,45.85,1
-66.82974337997545,-49.1197199419415,6.265994554328333,6,873,96.48,354.66,981.2,34216.23,0.00706,32,14,7,43,52.55,1
-58.02478130215168,-56.28397058340808,1.3536990942713312,11,33,4.35,110.42,158.17,480.57,0.2118,1,0,0,1,4.29,0
-68.6928739792469,-41.6942920527919,4.48017743054978,6,1040,116.92,458.56,1043.18,53613.42,0.01158,22,6,5,46,46.72,1
-60.48903159329813,-48.30095354519318,3.3193409201744406,1,70,10.37,106.35,195.81,1103.06,0.1186,0,0,0,1,0.62,0
-64.57769417847565,-65.30469133782027,5.032841793071255,1,1039,108.85,308.83,694.84,33617.38,0.001,30,14,6,26,50.59,1
-43.03066300474836,-45.25040298577214,2.8886252741444505,6,10,1.61,94.51,188.07,152.39,0.6197,1,0,0,1,7.18,0
-48.38829066262509,-59.97037123277866,4.597510614044568,1,28,4.84,52.37,115.61,253.55,0.2327,1,0,0,2,1.34,0
-55.83841876505513,-48.68963038573732,1.8786233919524888,6,59,7.0,105.08,140.89,735.32,0.1629,1,0,0,3,2.91,0
-73.82856338079576,-76.81446527012304,8.177345422822558,1,1112,128.66,357.93,656.25,46051.12,0.00595,25,11,12,44,109.75,1
-45.229021875751656,-56.15791031182605,9.555852228443602,1,1025,153.5,160.56,447.66,24646.53,0.00617,30,11,3,45,95.34,1
-39.16979229284417,-57.13874873237737,7.3120584832675615,11,493,60.37,402.28,812.41,24285.56,0.01695,17,11,3,43,66.44,1
-54.44295491759094,-50.27264134688271,6.895674688056278,1,435,69.79,400.17,960.8,27928.42,0.01381,31,19,8,40,79.11,1
-51.60699661829083,-45.12405815012464,2.6624060508427267,6,50,8.87,91.58,178.89,811.99,0.1142,2,0,0,2,3.28,0
-51.45380552559716,-66.45094744594098,5.050035203598233,11,699,77.28,318.98,518.86,24651.34,0.01694,20,12,6,40,53.72,1
-56.559072884521015,-46.248932477319364,2.082911772858049,6,81,9.59,91.04,193.74,872.89,0.1149,2,0,0,2,1.54,0
-54.51133499086945,-51.97339129141438,3.822579748371112,11,531,99.79,449.78,762.27,44884.16,0.0109,33,15,5,41,56.84,1
-54.488902798772564,-56.11010614650785,4.428437036112202,1,922,92.36,268.2,939.03,24771.43,0.01367,31,7,10,42,83.28,1
-57.75284707485288,-50.2415400803985,3.3549597531646884,6,53,7.46,62.82,131.38,468.76,0.1242,1,0,0,4,2.48,0
-49.54961412223513,-62.60575963208072,6.640970366487976,1,865,88.95,359.92,756.95,32013.9,0.01121,25,15,10,34,55.64,1
-61.456758800625636,-65.70844091702757,7.275162548953304,1,384,72.1,417.34,837.62,30088.78,0.01573,19,15,10,49,43.56,1
-55.343216053332256,-51.20488368503165,2.921179083664226,6,76,7.65,89.18,80.0,682.53,0.1549,2,0,0,1,4.69,0
-42.82972214993135,-40.59675846739534,4.223893828123861,1,69,9.74,102.44,172.12,997.99,0.1141,4,0,0,3,4.11,0
-53.70876102965471,-61.8594818191328,1.6575179574312733,6,77,11.47,150.7,216.28,1728.94,0.0915,1,0,0,0,4.16,0
-70.24664933936158,-52.057625746159616,5.811887657681873,11,382,55.04,488.43,884.1,26885.61,0.0205,32,11,5,36,65.75,1
-66.7696545281598,-59.83589423672564,4.1453326681979625,1,23,4.66,116.32,186.33,542.37,0.1986,2,0,0,2,5.42,0
-43.62360491709093,-57.91524984995527,1.8370339530302466,11,63,7.09,151.33,220.37,1073.27,0.1858,1,0,0,2,2.56,0
-41.78822621520942,-64.55621134937331,7.798823954027295,6,203,33.71,364.69,717.31,12294.88,0.03411,17,8,11,57,72.33,1
-45.572530917393166,-51.95106898312367,6.584624229608286,6,960,108.4,221.19,481.84,23977.32,0.001,29,4,6,49,72.66,1
-55.989904316252584,-56.810674708678825,9.919702795769405,6,967,112.06,288.3,600.15,32306.24,0.01396,39,5,4,38,101.02,1
-46.50531997918457,-52.293061514404066,3.7521054245085916,6,66,7.8,67.79,111.94,528.51,0.1256,0,0,0,2,3.54,0
-56.83230705424443,-55.267424391369474,2.5342101183327985,1,89,11.94,87.14,221.54,1040.84,0.0536,3,0,0,2,3.51,0
-65.14301570248118,-49.42258317217849,8.757072232086541,1,577,67.9,288.32,678.23,19576.93,0.01868,28,6,9,45,82.67,1
-66.51268023252096,-62.893281703519314,6.01289692635546,6,1061,111.74,198.46,636.94,22175.31,0.01242,37,12,8,42,30.82,1
-37.773640827027634,-44.17160980107088,2.1342432809524694,6,134,13.99,133.31,232.03,1865.29,0.0374,2,1,0,0,4.9,0
-61.82276430761882,-63.31482087398428,8.700764751829405,6,815,112.35,376.25,747.25,42273.16,0.00615,21,9,10,35,62.34,1
-51.90940756991846,-72.5269673551193,3.739903136356927,1,369,66.83,326.82,792.35,21843.13,0.01245,25,14,9,32,73.33,1
-48.36627901430225,-52.220243173713975,3.1207128392285473,11,47,7.67,139.28,271.39,1068.63,0.1528,3,0,0,3,0.2,0
-51.48195238552535,-59.75022283545232,9.759172232559216,6,707,72.04,340.26,610.29,24510.64,0.02342,30,10,6,48,53.19,1
-61.52711849535228,-39.64140460396156,4.49274280083532,6,72,10.51,120.05,135.2,1261.43,0.0912,0,0,0,1,1.57,0
-61.84715246375539,-55.09069086405199,6.616778256358561,11,555,95.07,374.98,454.49,35647.86,0.00609,18,17,5,43,56.7,1
-65.10508851703378,-46.79160100689297,2.5114245153613126,1,68,8.04,44.41,149.74,357.12,0.1014,2,0,0,2,2.0,0
-45.14984995434525,-49.87312627002726,2.491824193076677,11,53,7.01,82.73,179.58,579.55,0.1302,3,0,0,4,5.63,0
-42.49271097026515,-53.76491460907339,1.2362496805934782,6,67,8.08,137.36,221.09,1110.46,0.1255,2,0,0,6,3.36,0
-60.83946255826753,-78.00328177219619,5.876390041269627,1,554,94.39,370.27,708.82,34951.01,0.01117,28,6,2,51,78.49,1
-54.51441197619072,-64.08912721631715,4.723087364127405,6,670,69.72,256.18,695.96,17861.17,0.02006,23,10,5,39,48.85,1
-80.52842502905764,-61.585900813101354,6.328571623837582,6,704,81.27,373.77,855.08,30377.32,0.01528,24,15,5,40,69.14,1
-79.41049457674188,-66.52205915489942,7.348029795464297,6,565,67.39,438.56,439.4,29556.48,0.01836,26,11,10,30,53.42,1
-53.651176149669936,-59.76126312237883,6.495204676012993,11,712,87.39,483.52,911.63,42253.64,0.00897,29,19,11,51,72.29,1
-67.91271889915045,-56.70971925389911,6.355086256491964,6,501,80.05,512.64,538.88,41038.94,0.00679,26,13,3,40,54.44,1
-69.65109113015828,-61.73132087670026,7.663070583112759,1,196,30.0,300.93,650.53,9027.91,0.03587,22,16,10,39,55.74,1
-48.49430806517722,-61.00635660172909,2.9269496107891846,11,15,2.58,95.9,205.56,247.14,0.4278,0,0,0,1,4.02,0
-56.08095718564847,-45.15240418293779,1.3547720291132772,6,56,7.29,54.44,130.6,396.8,0.1387,1,0,0,2,3.76,0
-57.59760195608351,-60.61743650987712,1.85298337804854,1,66,8.71,91.12,167.25,793.32,0.0884,1,0,0,2,2.48,0
-69.77445542246964,-61.22465769475985,2.052580855810323,6,14,1.49,90.17,160.08,134.18,0.6468,1,0,0,3,1.87,0
-61.95209142926224,-36.0,3.0491904942330326,11,69,9.17,71.81,158.18,658.63,0.1262,3,0,0,1,0.82,0
-40.89457805520765,-54.28167552224364,2.847492647671658,6,694,89.56,153.78,305.48,13773.33,0.01611,18,14,5,34,29.24,1
-50.80543640774964,-52.61973049023133,2.992591551644872,6,101,10.47,134.02,189.39,1403.65,0.0777,3,0,0,1,3.7,0
-52.776561233567136,-38.5724540091122,4.726380811799519,1,552,106.85,307.14,632.85,32817.09,0.00409,24,11,5,49,57.99,1
-49.37319765283285,-45.26464077910391,3.9860388935151474,1,64,6.93,74.23,141.33,514.1,0.1373,3,0,0,1,5.09,0
-48.701246795078745,-45.916618995383466,1.0498206297897374,6,23,3.3,113.41,167.22,374.57,0.3342,5,0,0,1,4.0,0
-47.99532993481063,-53.037598677039576,3.401078840237656,1,38,3.87,121.67,211.04,470.63,0.2692,0,0,1,4,0.2,0
-60.16610910626446,-68.73822745190131,4.888282333971622,11,173,30.0,216.46,806.87,6493.75,0.03139,23,15,8,42,15.0,1
-48.73544216644354,-61.1043369230284,6.262753770298251,1,702,73.28,369.88,783.72,27104.42,0.01561,26,19,5,40,64.15,1
-46.907264144619404,-57.742916966848895,1.0536926454698863,11,28,5.27,136.96,153.18,721.17,0.2273,0,1,0,4,4.68,0
-51.63717530705007,-57.378670936745635,3.3918975755070955,6,89,9.91,114.38,186.96,1132.97,0.0968,0,0,0,2,3.03,0
-44.94030411668899,-56.27533004272795,6.887259789273271,1,684,84.78,501.21,955.73,42494.51,0.00571,17,10,6,45,63.79,1
-60.96321119906804,-66.37033753549204,6.7324984067515015,11,1139,144.03,275.65,823.18,39700.14,0.00893,23,13,8,38,97.48,1
-52.80734496365135,-47.032370395316754,3.1408941585421233,1,34,5.49,140.81,234.71,772.72,0.1777,1,0,0,1,0.5,0
-50.09944238972433,-55.7391747175419,7.106915210408498,11,687,124.42,387.76,570.42,48247.3,0.001,29,16,7,47,66.22,1
-53.62073049104987,-57.47702080108372,7.153381696638925,6,579,98.09,364.18,526.44,35722.77,0.00541,25,11,7,41,45.22,1
-47.15966747865831,-59.650686166531905,5.861072083272357,1,328,53.51,698.25,1098.43,37360.93,0.00986,20,8,3,58,68.98,1
-52.96058691285379,-49.23554793928922,3.8493180484506717,6,110,11.74,111.94,192.67,1313.8,0.0801,0,0,0,5,4.15,0
-53.4808262215637,-53.63657228602626,3.1281492777578133,1,39,5.74,95.21,163.26,546.47,0.1633,1,0,0,3,4.58,0
-55.33880593831243,-61.32047236654384,7.054833318868156,6,352,66.73,373.86,545.98,24948.53,0.01447,27,8,7,44,87.48,1
-40.14363631466255,-52.96811622621468,2.96528987539834,1,55,10.63,116.32,146.02,1236.93,0.074,1,0,0,1,2.65,0
-56.319377034906694,-69.01633946028493,7.370547917011654,11,1289,138.46,353.67,698.04,48967.91,0.01823,26,10,7,42,72.59,1
-46.92004411676895,-54.86898954709692,1.794808791070674,6,28,3.66,99.74,232.16,364.59,0.2841,2,0,0,1,2.5,0
-46.22030332687439,-39.77723261824112,4.570398608910622,11,57,6.29,101.02,142.68,635.13,0.1594,0,0,0,2,4.29,0
-56.65543204253136,-42.72462112132811,1.2106648025980484,6,67,7.7,67.7,138.4,521.6,0.1139,1,0,0,3,1.95,0
-47.76501195085127,-53.44819283989039,5.575233379111343,6,501,99.86,416.04,1047.01,41544.51,0.01981,24,10,3,32,78.61,1
-56.524393016024,-65.24269372393768,8.099615221053602,11,520,64.8,280.8,707.25,18195.54,0.01138,20,11,10,39,59.96,1
-44.569368607103705,-55.331355665021235,2.358109001428857,1,35,4.55,130.73,182.76,595.14,0.2386,1,0,0,5,2.95,0
-47.46099626738833,-44.78167427892116,8.869892302468527,6,564,91.78,384.82,556.41,35317.87,0.01227,28,9,7,42,87.11,1
-40.15379390717531,-41.38550004537928,3.0439896143226193,6,65,8.75,112.83,244.42,987.45,0.1008,4,0,0,3,1.38,0
-68.28323705536594,-43.58577746817858,13.343302705938685,11,990,108.4,253.24,663.69,27451.17,0.01395,25,13,14,32,74.86,1
-35.013325688880414,-51.273772362018555,2.6489585412423495,1,32,3.72,170.94,189.03,635.66,0.2597,2,0,0,0,2.36,0
-56.455667464880094,-57.477250277008295,9.013953435906867,1,746,95.11,465.79,833.11,44303.72,0.001,23,14,3,46,42.05,1
-55.61637333382317,-55.38704299368212,2.6808634246548313,6,24,3.63,106.25,165.85,385.53,0.2761,1,0,0,1,2.8,0
-53.15955332978815,-59.03055011129967,2.034251991594637,11,26,5.11,110.42,129.91,564.16,0.2021,0,0,0,1,3.15,0
-55.34627667358645,-48.22984547446427,5.367103191480008,1,449,74.02,354.77,421.58,26260.59,0.00674,14,11,14,37,70.49,1
-48.22486812939988,-56.425341184407664,3.141432984733717,11,20,3.26,98.46,203.59,320.52,0.2942,2,0,0,2,3.8,0
-47.80257823822667,-69.27234986630116,6.306024696351735,6,842,117.15,309.58,733.35,36267.36,0.00966,20,14,6,48,46.09,1
-42.855584603109406,-53.70204899662929,3.582283910951263,11,305,44.11,298.9,473.38,13184.85,0.03464,18,13,9,50,51.35,1
-69.636511076485,-58.42213067481499,9.186818014772873,11,515,54.25,403.38,875.76,21883.82,0.01921,20,11,5,60,83.35,1
-66.29241062694882,-68.02203514129955,2.44825321724829,11,1165,130.5,564.94,1020.55,73724.27,0.00871,23,11,13,39,109.4,1
-50.588397201558635,-45.094961505087646,1.9420279914538074,1,43,8.11,103.58,144.8,840.22,0.0949,2,0,0,0,3.42,0
-64.96314044330762,-51.84899647780026,9.473613126183693,1,296,56.63,368.07,933.11,20844.06,0.01678,20,11,6,36,43.84,1
-53.30052633803373,-70.02113124614257,3.2966968835490875,1,244,45.19,306.18,638.94,13836.68,0.03254,21,11,6,46,77.18,1
-59.135238797357616,-63.581217515784104,8.5523543879193,1,451,48.84,412.99,730.43,20169.1,0.01595,30,16,5,43,29.42,1
-50.78204895049183,-55.69907487628535,2.3099654811463752,6,379,43.62,349.92,598.37,15264.29,0.0232,23,7,7,40,52.97,1
-53.749105813598916,-60.56016052778668,1.4670207743014692,11,41,7.36,112.26,177.07,826.09,0.1299,2,0,0,3,3.64,0
-44.071158812774776,-69.55044890753949,8.57500270320308,1,379,61.76,514.59,779.6,31780.55,0.01172,23,11,5,42,49.52,1
-46.951422390401454,-62.93174937740848,2.831696578714594,11,127,14.23,90.38,191.69,1286.21,0.0688,0,0,0,2,1.84,0
-61.24296202791087,-46.43664108586726,4.6381744704852075,6,54,6.13,66.76,146.92,409.47,0.1688,2,0,0,2,3.48,0
-49.771961581428194,-63.08197706314376,3.332951207622685,6,38,4.83,84.14,125.28,405.99,0.2053,3,0,0,4,4.59,0
-49.243925004799216,-36.76910062343229,1.4832404251614726,6,43,6.13,97.17,188.93,595.59,0.1719,3,0,0,1,2.11,0
-54.2375103840612,-54.910802585873896,4.984377286246648,1,188,30.0,381.63,510.93,11448.77,0.036,30,14,17,43,30.52,1
-52.6711852179618,-50.19571274909363,3.043807247917906,6,35,5.48,59.38,136.87,325.37,0.1766,2,0,0,0,3.11,0
-56.67836857848292,-50.38488526703405,3.9442503964023796,1,34,5.0,82.77,139.73,413.93,0.1613,1,0,0,3,2.34,0
-53.05809743755856,-57.02190271566171,6.214945392571931,6,486,91.32,162.94,321.65,14879.96,0.01637,20,11,13,37,72.16,1
-61.57427729157941,-43.49833350525612,1.2779956130402068,6,54,10.21,108.93,157.75,1111.77,0.0725,2,0,0,1,0.2,0
-45.517752973949676,-58.60231592322544,7.421029549835609,1,529,68.51,337.86,813.37,23147.67,0.00991,32,10,6,41,69.2,1
-54.23118927237758,-57.72194489943443,7.657700294447264,6,1066,125.35,311.79,641.3,39082.69,0.00928,33,14,4,51,92.76,1
-49.43062531323378,-49.28846629963811,2.206133102526412,6,60,10.91,79.41,151.27,866.6,0.1259,2,0,0,0,1.5,0
-54.87238512016129,-52.33562196436254,0.9384029548734707,11,81,8.18,121.54,214.03,994.39,0.1649,1,0,0,2,1.9,0
-52.50399014707852,-47.856656090354484,3.257423818050381,1,89,9.95,155.49,257.05,1547.41,0.0573,1,0,0,0,3.55,0
-56.48656175764804,-52.19929934732631,6.043569631815287,11,598,90.09,333.56,610.68,30050.47,0.00274,16,12,8,44,78.72,1
-60.31872198218789,-56.722011900835255,4.583210959059034,1,48,7.88,89.04,96.29,701.43,0.0829,1,0,0,3,3.19,0
-57.25488555552913,-53.6491246241829,1.4657391408598828,6,49,9.4,157.26,225.07,1478.03,0.1235,0,0,0,2,1.52,0
-41.18885365316929,-49.984925962685054,3.5080502628605923,6,99,10.42,107.29,132.22,1118.12,0.094,0,0,0,1,2.41,0
-86.59596758261983,-49.75842773185499,8.362158758885961,1,379,51.48,422.3,569.77,21738.18,0.0224,29,13,1,41,51.49,1
-78.72941383679117,-55.833240138276764,10.46418092671426,11,379,65.05,395.23,1025.04,25708.6,0.01221,24,13,6,42,110.11,1
-73.8297025381033,-59.8500333601177,7.600202136858396,6,741,99.71,347.22,510.85,34622.2,0.01532,30,6,12,43,61.36,1
-53.200148820414555,-55.23716481862237,2.5776405765271697,11,47,7.07,86.04,185.69,608.15,0.1446,1,0,0,2,5.92,0
-65.47998091383084,-49.52777553335201,6.5366827742750555,11,265,49.69,256.14,623.9,12727.58,0.02381,28,7,13,49,41.49,1
-54.16860146944,-64.92634673760945,3.8302057596819825,1,970,100.79,257.02,584.78,25903.82,0.01158,33,15,4,35,61.11,1
-55.09299047605008,-45.240337908224845,4.275698032365714,11,53,8.51,154.39,281.89,1313.7,0.1086,0,0,0,1,0.2,0
-38.38666433644657,-45.20769179673593,2.4305736331811154,1,59,11.68,119.17,166.49,1391.65,0.0733,0,0,0,1,2.85,0
-61.36280585305026,-56.11318967711831,2.9896261438724023,11,75,9.09,82.55,158.14,750.38,0.1166,2,0,0,2,3.42,0
-56.71696181726392,-44.296929239024195,3.5153318243818528,11,32,4.48,83.72,127.54,375.38,0.2052,1,0,0,5,5.64,0
-51.051556154593435,-57.168934768939685,5.728923692467996,11,161,30.0,368.99,875.94,11069.78,0.03121,21,15,12,32,72.42,1
-68.37823680995177,-61.71319175968114,1.1183686760649227,1,54,6.77,60.2,145.71,407.87,0.1668,0,0,0,0,3.76,0
-68.85021312324497,-44.91352160974449,9.23679277614332,1,1543,160.29,272.17,618.93,43626.43,0.001,28,10,4,35,39.58,1
-49.374242853720666,-61.15514189639603,3.6548853107256827,11,78,7.85,147.06,221.05,1153.87,0.1336,1,0,0,3,3.21,0
-56.887550218128005,-57.6696030137206,3.4883377412115197,11,37,4.45,113.86,187.97,506.12,0.2203,0,0,0,0,3.66,0
-56.818777659129644,-50.757063288736504,5.062827963148906,6,620,107.07,155.96,520.66,16698.84,0.01305,32,10,2,42,63.21,1
-56.421801522162276,-74.89278894020087,9.385824325556962,1,786,90.25,269.33,709.27,24307.36,0.00827,29,19,7,40,54.45,1
-61.66499482178855,-60.113019032994075,7.9068437141389865,1,692,100.32,223.6,641.42,22431.83,0.001,29,11,8,38,67.86,1
-50.60533371125533,-56.40444080886117,1.6294680272705846,11,54,7.0,114.2,95.42,798.85,0.1107,1,0,0,1,3.78,0
-57.67622260666012,-52.17898648566729,3.772422160284049,1,102,10.91,132.48,170.12,1445.0,0.093,0,0,0,2,1.05,0
-37.497013612216435,-58.32462186155193,9.249353565618094,1,431,61.72,323.12,777.13,19942.79,0.01649,28,11,7,38,73.63,1
-64.55271343566861,-39.347027069469945,5.676192641250176,1,543,95.91,245.33,651.71,23529.69,0.01466,23,8,9,43,40.37,1
-62.10412757855788,-59.224101483016355,4.518265543792186,6,82,8.31,133.62,226.35,1109.86,0.1051,0,0,0,3,2.3,0
-47.22219622940891,-57.925914516210625,7.26820392390848,1,448,89.23,167.7,294.27,14963.04,0.00309,26,9,8,39,79.19,1
-48.04992366899766,-43.32818896336246,10.31317336683472,1,456,79.44,120.0,353.87,9532.56,0.01052,25,13,7,36,68.31,1
-42.146270432126535,-52.354700146159324,8.039737610285945,6,1028,117.18,173.21,649.02,20296.89,0.0053,22,12,6,46,57.61,1
-53.53715792481132,-46.81252929228475,2.7236149064397073,6,44,7.41,178.19,231.03,1320.27,0.1232,2,0,0,0,4.71,0
-52.53040033521877,-49.84988409391578,4.4893595585816115,1,42,7.04,99.04,186.98,697.31,0.1665,3,0,0,4,0.29,0
-58.13595376928238,-57.92187853477643,1.3856103469492846,1,57,7.6,79.08,146.02,600.88,0.0959,0,0,0,0,6.6,0
-40.46321486723284,-61.543898189616506,3.473740293431332,6,34,6.37,143.68,156.46,915.17,0.1278,1,0,0,3,2.08,0
-53.2457028902198,-41.742792306242386,1.7016652212611731,6,41,4.95,130.25,236.5,645.38,0.2591,2,0,0,1,3.36,0
-58.80431862068846,-51.485977497886836,8.470127904921839,6,839,93.2,159.01,670.0,14819.09,0.01854,24,7,12,37,76.39,1
-67.45683637629867,-68.3043626598989,3.607847488467966,6,399,78.95,449.65,901.3,35500.04,0.01478,30,7,5,52,31.27,1
-45.026891461447406,-46.73984711425259,5.920932104377183,1,588,91.37,234.7,790.73,21445.09,0.01729,24,11,10,34,84.63,1
-56.9266593157048,-59.291022893079536,8.46116187372407,11,848,127.06,228.09,411.26,28980.49,0.00455,14,17,6,45,29.1,1
-74.45784734479346,-75.16389068480595,4.726432263349867,6,371,61.9,375.73,623.87,23257.28,0.0243,34,14,4,50,74.44,1
-59.415912477440465,-48.67821724174865,9.803883155490617,6,480,64.13,478.11,861.41,30663.4,0.0242,28,7,6,43,59.82,1
-40.820804981043125,-53.40879636468651,2.4093418242628246,6,50,5.25,100.03,178.09,525.39,0.1476,2,0,0,2,0.53,0
-57.595355250274814,-54.92269486238576,1.9600608214072601,11,35,5.49,55.36,161.42,304.02,0.1825,1,1,0,2,5.08,0
-57.362425038740795,-43.23201723242792,4.181837435718066,11,302,44.52,393.83,607.22,17532.15,0.02543,29,13,12,44,51.92,1
-54.72917339683439,-52.13919870904055,5.540826542768616,6,447,83.47,460.43,1100.75,38430.41,0.00861,31,18,3,45,40.12,1
-61.40729238183933,-45.349914532719765,4.571082599216615,1,75,12.08,77.29,205.43,933.44,0.0979,3,0,0,0,0.4,0
-45.961543272972875,-49.70475760069528,6.9247186643740655,6,702,77.56,354.74,927.21,27512.19,0.01343,32,14,3,35,70.66,1
-56.47240462736578,-64.35097514244009,7.372517811549126,11,429,53.24,271.2,652.14,14440.07,0.01851,23,13,7,40,98.51,1
-55.66941919780338,-74.00521868792399,4.41584597476681,6,434,74.35,337.89,620.68,25120.21,0.01166,25,15,5,45,65.45,1
-52.138305018850964,-51.05239990699182,2.412628729506833,6,35,6.78,139.83,149.75,947.35,0.1634,5,0,0,2,3.37,0
-66.44511566541932,-60.789774326065675,6.427234444799605,11,782,90.04,239.96,501.41,21606.44,0.00735,21,9,10,35,76.79,1
-51.16103384212341,-64.82058923422284,5.79732537633794,6,752,99.82,197.15,369.38,19678.93,0.01024,30,4,5,52,39.75,1
-55.09731059995008,-48.95402938666769,3.887721269670924,1,95,10.9,106.51,196.87,1161.24,0.0984,0,0,0,1,2.59,0
-59.71494433565638,-47.901183353720356,10.01718338972864,1,324,33.57,462.8,722.35,15536.07,0.02339,18,13,6,44,83.25,1
-56.16899438844514,-51.365008041982165,5.226322202091893,1,806,120.13,333.49,646.11,40061.67,0.01423,22,7,6,44,88.59,1
-47.14916606727528,-60.410970703574186,2.8643235973486374,11,432,62.53,200.38,769.06,12528.88,0.01959,27,8,7,44,71.11,1
-55.140125435121384,-63.1106036467603,7.210551888060969,11,718,99.58,500.07,950.13,49796.04,0.01732,27,10,10,42,77.21,1
-48.8561608541875,-47.963100525515515,4.451388134712735,1,393,74.69,325.11,640.01,24283.23,0.00964,18,15,10,44,95.33,1
-59.12928955314721,-54.47863790913611,5.805018039676849,11,700,81.58,350.99,842.04,28632.51,0.01092,35,14,5,51,70.09,1
-47.58553556953089,-42.87237285553864,4.840852808655444,6,1039,122.62,245.37,765.96,30088.21,0.00748,24,15,11,41,52.66,1
-35.8230756999118,-48.12838414101523,2.097792520177803,6,302,52.11,368.41,813.5,19196.89,0.01744,27,18,7,38,52.3,1
-61.41829768553026,-50.282830344674096,2.837677018704695,11,27,3.48,67.14,80.0,233.5,0.3024,1,0,0,1,3.82,0
-55.18582133827067,-52.840452647349764,2.955580437336577,1,64,7.67,74.33,182.97,570.2,0.1285,1,0,0,1,2.3,0
-44.17437882077494,-50.2176560530898,5.840709434492112,1,667,103.69,289.8,535.32,30050.26,0.01638,20,7,3,35,83.87,1
-57.7084348568305,-56.2188266514637,8.605835495611151,11,387,61.23,219.38,528.02,13431.7,0.01514,23,8,5,41,96.92,1
-65.00769863478774,-50.150949467649504,1.4719907021034917,11,52,9.59,96.5,176.81,925.46,0.0919,2,0,0,3,2.39,0
-49.83698350740009,-47.738350741172944,2.358281904456168,6,101,10.14,140.67,230.33,1426.86,0.0869,2,0,0,2,4.47,0
-52.388173623655405,-44.224283870294414,3.8825206424082257,6,69,9.15,133.07,232.15,1217.4,0.0722,1,0,0,0,0.2,0
-48.34347850315872,-61.907066554333184,1.4834893780933063,1,108,11.15,142.43,193.68,1587.69,0.0579,1,0,0,1,2.23,0
-42.17570730662747,-57.467868932402034,2.6971032508712023,11,66,9.42,97.89,165.61,922.55,0.0693,2,0,0,5,2.5,0
-55.46323901367998,-47.60167844197372,2.6034571648936975,6,85,12.41,118.22,227.58,1467.58,0.1124,2,0,0,1,4.21,0
-49.393721079577865,-57.01228173308822,2.0487691110935726,6,52,6.75,111.6,170.56,753.76,0.1861,0,0,0,2,3.45,0
-46.54819198015278,-55.51488164101529,1.9969974872812455,1,82,10.25,129.34,217.4,1326.04,0.0997,1,0,0,2,3.0,0
-52.75943723773094,-80.55215916055646,8.091790245061038,6,1137,120.88,289.98,789.45,35050.83,0.00765,23,10,8,41,16.17,1
-49.87094687669676,-52.572988439857866,3.2736918910987685,6,46,5.42,113.56,137.61,615.23,0.166,1,0,0,1,2.46,0
-61.40965477911712,-62.848976281562436,3.2633341123844897,6,74,7.68,101.16,248.56,777.37,0.1112,0,0,0,0,0.69,0
-38.23710770037087,-59.84600139030964,3.3640436260742304,6,60,10.25,149.75,195.2,1535.19,0.1128,0,0,0,1,5.79,0
-49.62250763300654,-49.50748701823906,3.0856056418097815,11,78,12.01,108.97,158.36,1308.52,0.0962,1,0,0,0,4.6,0
-66.14526612948873,-63.11985427594885,7.285900958479981,6,757,90.32,193.84,395.44,17508.2,0.01184,28,8,10,37,76.5,1
-63.39629549765848,-49.57847157831338,2.5302465648559536,1,71,9.83,82.98,95.84,815.38,0.1083,1,0,0,0,3.77,0
-63.256546599559584,-69.9451709998507,4.548327708550727,11,848,98.56,306.86,722.74,30242.67,0.01191,24,9,4,47,58.14,1
-49.881511556871665,-56.038076153187376,10.099698624132184,11,414,46.13,150.71,375.67,6951.8,0.02433,35,11,10,35,69.77,1
-45.78149732615745,-55.75978935707519,1.520605833097231,1,111,13.65,144.01,162.99,1965.29,0.0646,1,0,0,4,3.33,0
-49.23400026677792,-49.79193978103289,1.3530372717335704,6,67,11.04,105.67,213.61,1166.42,0.1245,0,0,0,1,2.2,0
-47.62351648594374,-46.37818602646479,0.7259033027156963,11,72,7.38,131.89,264.63,973.98,0.1024,1,0,0,3,4.39,0
-52.29146509102788,-56.99775471873612,3.639760752936339,11,367,44.87,392.91,557.47,17631.1,0.02151,24,13,5,45,62.37,1
-56.31885652628344,-52.404055916854915,1.700856166971528,6,57,9.38,87.91,147.14,824.54,0.1016,1,0,0,2,1.05,0
-54.2837057713668,-67.90134128378905,0.47153058116845514,1,46,8.95,112.16,158.67,1003.78,0.1174,3,0,0,1,4.47,0
-56.894764687148324,-51.57223231901538,2.210665011747016,11,8,1.04,104.59,165.14,108.66,1.0,1,0,0,0,3.97,0
-75.21512335813856,-57.72570451374141,7.923875454208133,6,536,59.84,232.9,798.75,13936.58,0.02508,25,13,5,47,58.9,1
-48.60414208791293,-53.127994609100796,4.051177132892261,11,116,14.39,130.14,194.35,1872.38,0.1111,1,0,0,1,2.63,0
-52.86179906446697,-53.14138012811525,7.155279608190411,11,990,108.94,402.04,796.52,43800.15,0.01336,26,10,3,44,56.4,1
-66.96250417256411,-51.11092673277151,2.4522829818295695,1,79,11.19,53.2,160.66,595.45,0.0639,1,0,0,0,3.89,0
-60.08341744438951,-64.10648194697676,6.256258862060232,11,1035,105.4,305.07,673.88,32154.55,0.01376,23,11,6,48,61.25,1
-58.4983658594678,-58.618387861013815,8.13305473154064,6,423,67.78,252.17,682.56,17091.5,0.01842,30,15,7,39,77.33,1
-50.758469004622604,-56.5845913780529,10.26267998938372,11,774,100.91,323.18,708.38,32610.7,0.001,35,11,9,39,71.9,1
-54.47276956057425,-55.85442781976498,7.568758721448274,1,831,99.65,448.97,748.53,44738.08,0.00534,26,14,9,44,85.44,1
-46.35175558159915,-44.88931205157022,6.933716964167628,6,329,41.69,220.77,687.74,9204.38,0.02564,26,14,3,38,39.12,1
-50.41278537473046,-59.723574159072946,6.524774128453538,1,265,50.34,302.82,709.28,15244.52,0.02488,34,16,8,37,32.87,1
-32.0,-44.07735254163023,6.514139947312671,6,792,99.26,272.9,806.62,27088.98,0.01506,27,10,11,45,31.44,1
-54.294797828018616,-58.9002274591448,8.133346451604671,11,373,67.0,355.6,539.51,23826.8,0.01532,26,14,7,35,67.93,1
-43.954362113295275,-46.8016155978544,2.232372935103921,11,43,6.9,86.76,179.04,598.26,0.1325,2,0,0,1,4.07,0
-54.50643868699822,-58.529846758328155,2.1852280500820083,1,71,10.25,40.0,124.56,409.93,0.0989,1,0,1,4,1.79,0
-56.54341827128896,-43.765675395138544,2.4604172850275514,11,62,7.52,80.17,137.67,603.07,0.1357,4,0,0,1,3.43,0
-59.023221732531795,-43.376445517383544,1.5309475238102026,6,92,10.25,99.03,141.93,1015.08,0.0994,3,0,0,3,4.7,0
-56.71079712409225,-56.41758934085317,1.906104671044265,1,31,3.14,82.92,125.22,260.42,0.3197,2,0,0,1,1.71,0
-55.54318486684634,-51.596913342076114,3.0666839069710865,11,107,11.53,51.42,128.06,592.94,0.069,1,0,0,4,3.12,0
-62.87976820035359,-45.302933307601926,6.806478247959941,11,798,107.48,427.63,822.05,45962.18,0.00439,29,14,5,37,64.56,1
-59.39442524452421,-56.97132492060162,3.441381950490345,11,66,8.12,119.26,210.32,967.92,0.1077,1,0,0,2,2.06,0
-57.36564312885209,-42.883673946126926,2.647958465424792,11,39,7.21,80.41,178.06,579.84,0.135,2,0,0,1,2.49,0
-51.95285826128865,-36.0,2.5077383344216195,6,54,6.22,145.08,219.68,902.44,0.1562,4,0,0,2,4.18,0
-52.597039452516874,-52.25296412580272,7.918427403591497,6,840,100.9,407.2,569.23,41084.74,0.00469,16,18,6,30,85.36,1
-55.966991177171046,-46.272233238086166,1.520621995810708,1,31,5.42,116.31,157.55,630.64,0.2089,3,0,0,3,4.62,0
-67.2600924905286,-62.99691794827754,5.449497896793343,11,798,92.75,349.37,761.5,32402.89,0.00504,28,17,4,39,98.39,1
-47.125116764240616,-63.863672352204176,3.621911069074125,11,70,11.38,86.95,160.94,989.84,0.0823,1,0,0,1,1.48,0
-43.90561092170684,-53.4549807524682,2.7143134859215077,11,59,7.35,88.34,128.64,649.15,0.1471,1,0,0,0,1.42,0
-74.68915026792364,-40.59572100296853,8.166810168295228,1,777,85.73,569.94,1039.46,48860.05,0.00664,29,8,10,49,91.14,1
-53.78947793533457,-55.19641403821165,1.9405292568510972,6,26,3.41,83.56,137.39,284.77,0.273,3,0,0,0,6.16,0
-56.256519281186954,-63.28223143363957,5.536465232608708,6,551,92.38,182.97,250.0,16902.86,0.0073,36,11,14,42,36.97,1
-78.03012522879565,-59.561430643440694,5.752473842506027,1,277,42.88,478.65,731.34,20524.88,0.02462,30,11,7,39,36.53,1
-69.86630546252087,-79.32191382149622,6.899822850432981,6,452,73.29,256.72,675.02,18815.15,0.01095,21,8,4,39,48.57,1
-62.0553683185685,-35.15430533124462,6.4511052802212365,1,569,72.68,308.83,672.93,22446.41,0.00874,24,17,7,44,103.79,1
-48.981253172363346,-55.08644976016721,6.7090785985934716,1,663,95.73,442.12,747.33,42324.87,0.00622,22,5,6,41,51.02,1
-58.49826891552319,-48.949748049892314,2.5347060671421224,6,28,4.82,140.72,293.24,678.9,0.2225,2,0,0,0,3.72,0
-42.78725521001658,-46.83400031462482,7.20547796089236,1,545,100.78,273.38,779.12,27552.58,0.00434,22,12,7,41,85.76,1
-56.98437916328074,-55.73937510067681,0.5586858794026592,6,58,6.77,93.87,127.27,635.21,0.1673,1,1,0,3,4.86,0
-56.35405266731181,-47.22476807186684,2.9035223474539222,6,78,9.9,106.57,155.14,1054.61,0.1095,1,0,0,2,2.62,0
-74.27330521323654,-47.73804525100168,6.348974016185991,11,806,91.16,363.11,520.29,33101.18,0.01277,27,14,2,40,57.21,1
-43.057288657818084,-48.046536493114765,1.8010836625933282,6,136,13.8,151.97,214.84,2097.45,0.0973,1,0,0,2,1.69,0
-62.77353304920658,-45.10317035676442,5.450833841499042,6,583,84.78,404.38,491.97,34285.35,0.01877,30,11,8,31,106.55,1
-55.98532306538522,-52.68153172754873,3.315269604381943,1,619,86.94,315.06,640.64,27389.81,0.0148,27,14,7,43,71.12,1
-46.871523034741564,-50.86146063302409,2.6659553149020514,1,61,8.01,89.51,129.77,716.89,0.1634,3,0,0,0,2.09,0
-57.06264980158588,-61.00252241332305,2.5659745031060033,11,29,4.33,117.44,190.13,508.11,0.2136,1,0,0,2,0.34,0
-53.858783322404655,-48.07608260658931,1.9098895478425617,1,101,12.35,133.18,161.68,1645.2,0.0566,0,0,0,1,2.59,0
-42.226138704646544,-60.20172224430447,4.534905098356347,11,459,81.53,372.58,594.75,30376.99,0.01326,17,14,6,47,54.24,1
-55.57613961830403,-55.048725954494124,3.8860443203860795,1,26,3.2,120.96,245.43,387.01,0.2996,1,0,0,2,3.88,0
-61.9190623917209,-54.2784156870978,2.0588422530545554,11,48,5.6,139.87,186.15,783.18,0.2145,0,0,0,2,2.33,0
-58.044972857515646,-69.31016070634351,9.665439259420154,6,295,49.92,566.36,733.36,28270.23,0.02119,25,10,13,48,57.24,1
-51.4002802862751,-72.43978457229231,3.1751169811004405,6,1298,139.24,120.0,250.0,16708.29,0.01149,23,8,8,38,74.22,1
-64.96909503183194,-42.121041547097,4.183748122624984,6,44,5.58,124.68,193.44,695.75,0.1697,0,0,0,0,3.44,0
-78.52666518543782,-59.82613428858525,5.591760872015298,11,605,96.25,217.28,661.11,20914.02,0.0139,39,18,10,40,77.85,1
-52.08420943929263,-56.78887422871861,2.0997671900941435,1,31,4.14,152.3,233.74,630.64,0.2479,2,0,0,3,3.24,0
-46.22543477270128,-51.57646254749597,1.5426072739256078,1,50,8.59,142.14,164.85,1221.02,0.0948,0,0,0,1,4.08,0
-47.78673045975491,-47.297441395613205,3.196207461836084,6,46,7.67,142.72,190.42,1094.77,0.1304,0,0,0,0,3.22,0
-49.22459227812357,-57.6312672838554,3.941076778240017,1,48,8.93,102.72,181.41,917.19,0.1238,3,1,0,2,2.2,0
-62.753906198309714,-50.91798795601652,4.620370249042525,1,114,11.99,93.15,216.6,1116.53,0.0752,1,0,0,0,3.76,0
-40.91118344819355,-57.445352226769685,11.891053788415991,6,423,81.6,396.75,668.34,32375.84,0.00408,18,9,8,39,35.98,1
-56.10534930768976,-75.06512114657613,2.0411997346433903,11,658,87.59,408.55,813.1,35785.31,0.00809,23,15,13,55,63.98,1
-48.86300498761305,-52.007019934041246,3.7145568559539437,11,20,3.04,134.56,196.13,409.71,0.3371,0,0,0,2,2.86,0
-59.07266688272782,-63.19399951872885,8.733976742523014,1,646,101.46,254.79,727.24,25850.4,0.01171,21,14,8,38,31.85,1
-50.40077522787375,-51.70645105191906,3.6101541158826773,11,70,8.85,114.53,220.25,1013.31,0.1017,2,0,0,2,3.23,0
-46.02032097596217,-39.86446357201059,0.5207475233162222,11,75,8.09,43.42,173.78,351.35,0.1333,0,0,0,2,3.92,0
-48.50865766541284,-55.11249095939036,8.11907742522162,6,565,61.52,329.25,728.51,20255.75,0.00877,18,10,8,40,99.1,1
-49.00763270515413,-52.009432026815176,1.4136794421185215,6,116,12.5,95.95,141.42,1198.87,0.1035,0,1,0,0,5.03,0
-43.078959563429976,-56.044354370257246,8.13231107928625,11,526,72.3,315.93,501.11,22839.96,0.01914,30,6,5,29,83.24,1
-43.13957552383411,-70.86199781214846,1.4413627320463036,1,63,8.94,57.04,80.0,510.0,0.0844,4,0,0,1,3.19,0
-55.583599619390924,-58.03389514120422,6.774770165742872,1,594,82.69,373.59,524.33,30893.63,0.01175,27,13,10,49,60.16,1
-43.41141386494843,-50.419448430087044,1.9655293782873993,1,39,4.88,122.67,197.56,598.41,0.1984,0,0,0,0,3.14,0
-51.606560428375936,-61.686887524542335,0.8802653061882599,1,80,8.1,127.36,241.2,1031.4,0.16,1,0,0,2,0.97,0
-59.51591688902461,-48.64377959615585,2.4297180779856498,1,10,1.07,140.74,247.92,150.54,0.9106,2,0,0,2,4.81,0
-72.03947994169917,-57.24505066332114,7.8688894695302904,6,747,97.62,246.85,775.85,24096.17,0.01918,24,7,5,36,66.74,1
-51.79116349011353,-49.182781797905044,3.061280526401217,11,88,10.52,70.07,103.18,737.22,0.0954,0,0,0,2,3.14,0
-62.61568038341677,-47.69907357357566,6.232428761782872,1,438,56.93,348.31,695.69,19830.59,0.02168,26,17,5,28,43.3,1
-49.79272220683819,-59.08300335350012,5.49237369489223,6,1439,152.33,453.1,854.32,69018.6,0.001,25,14,7,44,85.83,1
-48.7068475110088,-49.72148686900782,3.690524704955642,6,58,7.96,133.71,143.59,1064.22,0.1174,1,0,0,3,3.72,0
-53.21633672553512,-59.273260142480595,1.2070649459984268,6,78,10.03,128.94,200.2,1293.52,0.1243,0,0,0,3,3.15,0
-52.72057195761605,-62.73822398795168,6.914616293266566,11,895,116.04,329.4,577.97,38224.64,0.00902,26,16,6,38,44.24,1
-59.05810999438685,-57.504142552491125,11.21523621485493,11,557,59.11,370.93,819.73,21926.54,0.01298,32,8,12,41,122.47,1
-68.14127164267587,-46.55967690543325,8.193361848281885,6,218,31.47,523.17,795.86,16461.65,0.03159,26,8,6,33,56.76,1
-57.86284159202075,-40.72843633229871,8.146368341769525,6,257,50.94,462.48,851.0,23560.54,0.01111,19,14,7,34,78.14,1
-32.0,-64.37919384316099,7.673597997319922,11,235,41.63,420.19,481.43,17494.24,0.01668,22,7,8,38,37.61,1
-76.17536208457648,-68.42626826143024,5.865840659804864,1,825,148.62,462.35,589.81,68712.58,0.00899,23,10,8,48,53.29,1
-40.263052374341385,-55.3979407525258,7.023876966946014,11,480,51.68,515.95,713.01,26664.94,0.02696,21,9,9,36,68.71,1
-56.49948498748507,-56.09845364325407,3.6667831621902383,1,26,4.54,91.91,198.91,417.57,0.2009,0,1,0,1,3.71,0
-37.55273825040332,-51.244983668675005,1.2642540214340483,6,59,6.62,124.55,192.47,825.03,0.1673,2,0,0,1,4.31,0
-62.001194432004745,-68.11286768692537,4.366659724701722,1,554,60.49,434.97,898.1,26309.84,0.01231,27,9,6,30,63.58,1
-60.34737348747734,-36.0,2.317089209812292,1,70,10.35,115.39,191.15,1194.01,0.0921,3,1,0,0,3.84,0
-54.309528954813715,-64.13855766566554,9.009500028867242,6,1002,132.87,387.18,602.38,51444.3,0.01452,35,17,10,41,22.27,1
-64.21749563531483,-63.84503085768039,5.754313389988415,11,759,113.11,347.42,734.01,39296.21,0.00923,25,15,5,41,90.61,1
-43.306863477290605,-57.86320040848818,8.461267120080656,6,423,53.75,418.5,947.88,22495.58,0.02131,25,10,6,48,41.14,1
-56.446515140535666,-52.237969835505744,7.382603140392516,11,557,97.27,314.87,739.98,30627.44,0.00236,22,11,7,50,91.55,1
-54.46175565727361,-52.527754305887065,2.3136229360432172,11,46,4.71,145.37,223.76,684.39,0.2369,1,0,0,1,3.39,0
-62.15014187247031,-61.123611033136164,8.53579757233905,6,763,91.76,244.33,623.26,22418.61,0.01698,28,10,5,36,79.22,1
-59.55270030934044,-44.7974776005388,3.755577365919383,1,68,11.47,154.35,211.88,1769.75,0.0984,1,0,0,1,3.43,0
-48.73569859480708,-42.18144872595001,2.2114472197436,6,109,11.01,113.8,253.47,1252.72,0.0739,0,0,0,1,5.1,0
-43.44883109494151,-64.78694788856447,6.9996770932541725,11,459,66.94,289.01,698.35,19346.04,0.01402,31,13,15,46,40.54,1
-73.10221286385044,-54.96835245941819,7.992367272292107,11,800,124.92,295.94,700.31,36967.22,0.01203,16,12,3,26,85.89,1
-72.88637352541342,-65.11214568914744,1.5,11,1172,139.4,335.12,604.29,46716.92,0.00784,16,12,4,43,104.87,1
-56.355307684030734,-39.88513833750775,3.5773268305902737,6,296,30.0,256.97,587.64,7709.17,0.0235,34,11,5,42,45.13,1
-41.34740294657111,-61.24106177752081,10.741300269908532,6,809,115.77,463.22,605.65,53627.24,0.00473,27,3,9,42,65.98,1
-79.2036734507868,-57.29279410880296,3.126237380886076,1,1035,103.78,337.89,896.64,35067.25,0.00484,29,8,11,40,66.35,1
-80.04227740774793,-48.83701606948501,7.847854715161332,11,783,92.7,386.93,590.27,35866.68,0.01793,31,15,1,43,24.45,1
-49.12815899387049,-74.09164226814566,3.677072124640356,11,237,34.58,372.91,686.16,12893.57,0.02558,31,12,5,40,49.06,1
-52.43964706200769,-47.44577713008979,1.9598464459275275,1,60,6.79,101.35,184.32,688.58,0.1621,0,0,0,1,3.04,0
-52.52333794389316,-59.277343807251135,0.33592312852692974,1,74,9.37,123.19,191.99,1153.64,0.1322,1,0,0,2,4.05,0
-48.03485346335963,-52.98020453538515,5.32408557171151,6,578,59.48,216.91,466.18,12902.29,0.01587,27,11,6,45,87.38,1
-65.41771110235554,-53.4221432382386,2.3773237788852795,6,72,12.72,143.59,168.76,1826.41,0.0968,2,0,0,0,3.04,0
-42.86826607927955,-51.652650661382836,8.359733810015955,1,281,32.63,318.68,475.87,10399.4,0.02532,22,12,3,36,66.56,1
-59.64787989268389,-40.03152148954533,2.9811740886745377,11,65,10.49,154.4,199.15,1620.17,0.0522,2,0,0,2,3.83,0
-55.655669356797546,-51.73516662000644,1.7914885131810816,6,66,11.9,143.98,245.3,1713.04,0.0729,3,0,0,2,1.06,0
-53.05177141851682,-62.522403105358165,10.330927911786262,11,589,63.04,436.32,749.98,27507.32,0.01723,27,13,8,36,103.49,1
-60.586717047866024,-74.18398329828743,8.15229262099096,1,1017,106.46,329.52,617.02,35080.34,0.00953,33,10,8,49,32.25,1
-47.179718093147784,-54.6767536501173,0.6529104140796969,1,59,9.34,62.06,80.0,579.52,0.1254,1,0,0,1,3.95,0
-51.07741101092426,-44.21765682105305,4.945978611438028,6,47,6.98,115.86,189.98,809.02,0.1467,3,0,0,0,2.57,0
-53.68634858846645,-34.0,9.616354266574636,1,571,79.21,318.03,491.86,25191.94,0.00975,21,10,8,41,15.0,1
-42.303562916764804,-66.89877860589002,4.819708818195894,1,793,84.48,328.37,420.93,27742.41,0.01222,25,11,6,54,46.9,1
-67.59832446616646,-64.10274045688944,7.352376772056085,1,530,93.62,469.61,726.53,43962.99,0.01118,24,11,6,30,72.02,1
-53.3814528699288,-52.13068155958861,10.74696356854253,1,983,99.38,160.2,679.3,15921.29,0.01217,25,11,9,41,65.81,1
-63.01591910486237,-52.508316742885825,7.316368014788363,1,514,101.41,210.44,484.21,21340.22,0.00787,28,6,5,36,56.53,1
-56.77354880174454,-49.54439668870924,9.574437093356712,11,546,82.56,489.45,777.3,40407.78,0.01563,22,12,3,48,97.04,1
-67.1994764544534,-63.05444801022992,3.13342599688263,11,206,37.85,398.57,949.51,15086.17,0.02529,22,15,5,41,39.89,1
-62.015525602929785,-57.595126246173024,9.904005175261242,1,598,65.69,557.9,994.85,36647.35,0.01274,22,10,9,31,94.74,1
-72.43534744017826,-61.99180641484105,9.313360537643192,6,520,93.65,307.04,746.4,28755.98,0.001,19,7,8,57,58.37,1
-58.272166008701234,-55.38633705566973,7.08061487766325,1,562,107.34,196.43,839.69,21085.8,0.01604,30,14,3,44,63.85,1
-41.42614637868109,-55.34197930062066,9.653800869999003,6,965,118.71,143.81,379.6,17071.23,0.01168,24,15,7,39,62.08,1
-49.19515748747239,-54.16024910646844,8.199587352045986,1,379,55.17,335.16,671.9,18492.52,0.02085,38,18,8,31,40.4,1
-47.657393242480495,-57.28430752426865,0.6282985136005637,6,59,8.53,100.23,201.7,854.91,0.1269,0,0,0,1,0.2,0
-53.02951449656023,-55.29656211865239,2.6842552224045533,11,27,4.89,148.75,136.92,728.1,0.1886,2,1,0,3,6.32,0
-62.997684197994325,-50.13176122527003,3.295459874870404,6,49,5.24,120.25,132.8,630.28,0.1974,0,0,0,0,2.49,0
-35.80120213124939,-57.304339387941766,6.1314631325238835,6,776,90.85,440.65,929.87,40033.69,0.01356,20,9,4,41,74.19,1
-68.80877758651518,-54.96040721272417,8.6924122294891,6,606,75.94,311.03,752.8,23618.38,0.01098,40,8,10,39,58.0,1
-55.95335593693535,-54.00639293057659,5.9421688240715795,1,726,81.26,321.23,586.56,26101.99,0.01094,29,12,6,33,64.63,1
-70.78547874983782,-39.10129800366501,5.3722917719810175,1,706,86.05,413.81,565.65,35607.36,0.01022,17,11,6,43,55.02,1
-45.774576223593556,-50.825089672711236,1.8382764018118554,6,115,12.3,93.19,121.16,1146.16,0.087,1,0,0,3,2.05,0
-48.04608383265658,-47.04586923490872,5.436462085992437,1,989,119.82,268.6,650.92,32184.51,0.00978,29,10,1,53,41.41,1
-58.71778003029873,-43.983555982087644,4.920431130374823,6,647,81.67,248.58,701.07,20301.24,0.01053,26,12,8,40,80.13,1
-55.86173132685244,-66.14395954469386,6.803453496194181,6,597,95.72,297.75,746.45,28501.86,0.01445,23,4,7,40,66.98,1
-49.87746283598951,-58.70864555844419,7.464631312824466,1,872,120.31,247.98,617.38,29835.05,0.00822,23,10,0,38,52.88,1
-73.06627507202579,-41.88737047982852,8.048828892266677,1,285,36.86,483.09,841.21,17808.51,0.03318,29,15,9,45,36.08,1
-39.6831691138549,-64.74324951933013,1.1678825705901377,6,32,6.15,129.22,197.52,794.86,0.1474,0,0,0,1,3.31,0
-47.750625956606136,-49.68311859404686,2.4191135463048683,11,23,2.28,153.08,278.42,348.35,0.4539,0,0,0,1,4.28,0
-76.22475185807153,-48.78722498442519,7.341181090027153,11,425,43.79,409.54,785.66,17935.47,0.02311,29,14,9,47,40.55,1
-57.11800348490701,-58.82428565897292,5.405578399807153,1,368,46.81,341.99,861.3,16007.79,0.02756,25,9,8,27,41.26,1
-50.35854431342539,-35.6385964012232,8.310324706678749,1,530,89.12,394.97,878.02,35200.34,0.01692,23,9,5,32,59.72,1
-50.915834614763064,-53.010654873564725,5.982590805258755,6,506,59.85,395.37,431.88,23663.23,0.015,25,12,5,33,73.75,1
-45.040826852735506,-71.75336330796935,4.807969995131134,6,251,30.0,412.72,1031.55,12381.73,0.03359,23,8,6,36,44.93,1
-60.73339459400655,-44.556420722841565,3.336922785624126,6,41,7.2,75.17,107.44,541.43,0.1329,0,0,0,1,0.81,0
-60.902986291506195,-59.44841426831799,1.290878695319044,1,79,10.57,117.4,203.7,1240.34,0.0877,2,0,0,3,1.61,0
-68.40174027108463,-63.21021032521372,6.023575326027121,1,220,37.59,439.4,793.63,16517.65,0.02833,30,12,2,41,46.9,1
-47.15137050486496,-47.681538716588335,4.264932663366675,6,602,94.96,429.2,609.81,40756.14,0.01319,25,13,7,40,53.18,1
-54.24626903155319,-66.87908854121218,6.197106938407818,1,525,104.62,263.8,856.5,27598.91,0.00615,24,13,7,43,82.85,1
-56.595402747731065,-50.01815612693472,1.6571877277823892,6,44,5.01,117.16,121.42,586.76,0.1468,2,0,0,2,3.79,0
-44.8491929381296,-56.86777800872049,4.4728958547804805,1,61,8.81,80.13,150.22,705.96,0.1129,0,0,0,2,2.2,0
-59.734891237425785,-40.76129266446527,5.852081307476046,6,556,98.4,324.69,541.21,31951.42,0.01033,22,12,7,38,83.88,1
-47.5773671055165,-47.06662410663786,3.980229868971307,11,17,2.42,138.28,241.75,334.7,0.4249,1,0,0,2,4.7,0
-57.82232821983967,-51.192283382064424,3.591906435761852,1,48,7.6,168.06,255.53,1277.82,0.1273,0,0,0,3,2.61,0
-63.056676727082284,-58.706473291762784,7.5952736816319915,6,518,86.39,301.8,607.72,26073.39,0.01201,24,15,4,39,76.27,1
-50.28513437190367,-56.02294835862587,6.477367416027968,6,872,103.83,168.16,479.43,17460.06,0.0112,24,11,7,46,63.05,1
-54.00091876355019,-57.90041031120178,6.638811925487188,11,668,116.46,234.54,733.39,27313.83,0.00724,22,6,4,39,52.29,1
-70.88342247635526,-63.99761648242904,6.114054613526537,6,550,73.5,353.46,826.5,25978.03,0.01217,18,20,4,52,91.68,1
-51.172595353460366,-54.64316740358459,4.211643709296698,6,726,79.2,459.27,807.5,36373.27,0.01558,24,15,9,48,40.11,1
-64.00764637920715,-54.51661927129307,2.884113794261011,6,651,117.19,384.24,995.1,45030.53,0.00165,26,16,13,38,86.54,1
-39.562961070176655,-50.97985411447258,0.43947105287568755,11,76,11.2,104.64,192.06,1171.76,0.0662,1,0,0,1,3.93,0
-63.42140238478162,-60.875472494281254,9.325089236959696,11,620,62.06,192.64,1003.64,11955.54,0.01401,21,13,6,37,35.97,1
-62.503229556224944,-56.991099959624634,11.456254802290015,11,184,30.26,263.89,729.62,7984.59,0.03335,30,18,8,53,48.14,1
-36.303431197816074,-73.66983892772568,6.398022772627401,1,319,48.32,467.54,680.56,22592.21,0.02247,26,15,9,37,69.26,1
-52.368284651387725,-54.478659716780285,2.484221079627039,11,89,13.51,93.94,164.87,1269.04,0.1061,0,0,0,0,4.08,0
-65.57126838902468,-50.034396494373226,1.2680527779157984,11,90,10.86,80.03,152.43,868.77,0.1142,1,0,0,3,0.2,0
-41.077543490878796,-63.5892166382402,2.63400447616791,6,53,8.82,177.03,263.07,1561.35,0.1226,0,0,0,2,1.73,0
-62.73265694406776,-55.02194763483363,5.21528959580729,1,698,98.3,281.59,567.73,27679.98,0.01705,18,17,6,34,64.45,1
-53.983402215952495,-49.791120668809555,3.1963308814017153,6,85,11.75,125.35,193.07,1472.34,0.1137,0,0,0,2,1.3,0
-67.62168941868303,-56.47043830279236,8.088701985139657,6,654,99.13,457.72,965.82,45372.64,0.0087,19,21,4,43,60.11,1
-51.152634666752135,-50.23875239296207,1.5,11,531,61.91,356.86,441.65,22094.01,0.02412,26,15,6,38,66.03,1
-65.4729593712348,-58.386265573137855,3.0127321396788016,6,627,83.89,392.22,619.84,32903.2,0.00531,21,14,7,49,37.16,1
-68.40997643015284,-59.08911964796383,6.950429667053199,6,859,87.13,297.53,831.46,25923.92,0.00829,20,13,6,47,80.37,1
-55.39832788086918,-47.51070054825044,8.023696502782597,6,851,107.03,178.19,401.44,19072.26,0.02366,21,11,5,34,68.62,1
-58.24070618270425,-54.86999656899637,4.235022999773876,6,48,7.26,104.69,179.68,760.58,0.1017,1,0,0,1,2.05,0
-62.79191872234014,-73.38911801110433,9.008025438774379,11,481,83.09,181.42,716.67,15073.13,0.00452,21,10,5,45,57.6,1
-56.134770993396955,-69.99058209670915,8.681366927466948,1,605,78.14,475.45,1137.0,37153.52,0.01717,27,13,10,42,67.88,1
-54.21287410377941,-59.19705296534654,1.0773914015233808,1,43,5.4,101.58,166.24,548.42,0.1881,1,0,0,3,2.72,0
-59.02721695207947,-59.55682722625635,2.7066900724960234,11,64,8.54,89.71,101.69,766.5,0.129,0,0,0,2,2.38,0
-39.30417911681086,-58.35364693145531,2.9798322595550415,11,863,114.31,385.18,717.37,44029.71,0.01432,29,14,7,45,73.71,1
-35.0,-45.06549377500949,3.2595337457632194,1,130,14.18,60.58,80.0,859.01,0.047,1,0,0,1,7.02,0
-41.767405827168865,-45.26138733843463,2.4782915401122976,11,70,8.21,116.46,154.81,955.91,0.1012,1,0,0,0,3.12,0
-69.73243223647046,-47.737286451249744,3.503938116640431,6,736,87.36,255.8,590.53,22346.82,0.01435,16,14,12,43,64.12,1
-69.57793276123923,-43.99215942627822,6.538306672925177,6,753,106.14,503.83,732.38,53475.72,0.00573,25,8,7,31,91.81,1
-71.50514996970145,-67.93968970626798,3.6154782818277034,6,499,56.91,403.62,598.87,22968.09,0.01589,26,12,7,32,51.07,1
-56.33750088109808,-47.22854192755745,0.2,1,76,9.15,110.06,162.98,1007.58,0.1309,0,0,0,1,2.83,0
-57.150263931752235,-46.79274339960933,3.4181462252078334,11,53,9.34,124.55,166.33,1163.75,0.0978,1,0,0,1,4.63,0
-47.08671781566539,-50.159021966532656,5.9335789255111635,11,272,52.55,415.12,726.56,21813.16,0.01972,24,14,10,37,43.09,1
-49.71590739597907,-40.64698701760236,1.643884812969395,6,42,4.46,90.97,162.02,405.73,0.2198,1,0,0,2,4.47,0
-46.849866478038855,-53.4170818133959,2.5890122536790225,11,88,9.6,145.96,173.29,1400.73,0.0588,3,0,0,0,1.91,0
-54.62256093022516,-49.47431469030859,5.098052993945977,11,755,90.55,401.67,546.02,36371.06,0.00985,25,15,6,35,54.28,1
-53.98140547577001,-55.819757177927094,9.726628928992344,6,509,83.65,248.13,555.62,20756.97,0.0146,32,13,9,36,47.87,1
-67.23524299325639,-51.83757481762806,5.239678561216616,1,797,80.41,212.16,398.8,17060.44,0.01343,24,9,13,36,101.65,1
-50.57755146624267,-56.40369274968359,2.7852059263657574,6,47,5.49,95.96,156.81,526.59,0.1726,1,0,0,2,1.93,0
-47.337204488088254,-52.47245657712637,7.03766208893637,1,1113,136.34,335.63,892.27,45758.98,0.00898,29,9,7,35,78.52,1
-53.72004541563539,-48.460234927822576,1.4557779844238414,11,74,8.36,44.22,149.03,369.87,0.0837,1,1,0,0,2.77,0
-49.13045090513603,-61.87480703253408,2.9443934035776707,6,35,5.71,156.97,251.98,896.96,0.1784,1,0,1,1,2.33,0
-48.87812552101697,-78.26982736001573,8.478883637911867,6,700,99.21,398.62,794.19,39545.87,0.00841,22,8,10,47,42.78,1
-51.35476024731217,-51.20458174062609,2.6272414489732503,11,45,5.14,124.41,156.12,638.91,0.1862,1,0,1,1,5.09,0
-49.500099266100754,-60.99337167766085,2.8898067205385223,6,40,5.56,75.06,178.97,417.21,0.1828,2,0,0,0,2.31,0
-67.02929454786518,-60.49094147737019,5.916956869935726,1,494,65.81,448.68,643.15,29527.98,0.01396,15,13,8,34,71.24,1
-61.48045052087826,-73.51520817182274,7.441415560007407,1,856,98.95,289.42,441.29,28639.56,0.00586,25,18,7,41,75.83,1
-61.270675456538214,-45.050663987224254,2.2434744426573996,11,64,12.42,121.89,242.0,1514.0,0.1277,1,0,0,2,0.2,0
-52.83319954620087,-50.36599959323003,2.4381167648726048,6,62,9.63,135.2,177.09,1301.88,0.0792,0,0,0,1,4.49,0
-50.82835532121471,-66.98984017901807,8.666716703227644,11,462,56.41,459.9,780.26,25943.04,0.01587,32,11,6,40,46.87,1
-69.98053012738161,-44.46696932815219,5.109582679551227,6,282,30.0,487.6,910.92,14627.92,0.02878,23,15,3,43,42.08,1
-55.299458384201856,-72.329382307928,2.578810300181959,1,429,45.36,362.36,528.75,16437.87,0.01966,21,14,2,51,31.29,1
-58.45393181802194,-57.572306945108664,7.823522179419971,6,745,101.91,401.31,862.67,40898.65,0.00163,32,11,3,46,32.83,1
-51.462349720673544,-61.141662951315574,8.159529593152232,1,684,70.28,500.29,831.82,35161.6,0.01352,23,17,9,37,15.0,1
-65.32196393639859,-59.72571905268204,6.853914132366691,11,394,64.85,482.52,986.12,31292.47,0.02493,26,14,5,36,40.39,1
-52.272370243503524,-48.347261370824455,1.8715623988178667,11,61,9.61,116.34,156.88,1118.52,0.1027,0,0,0,5,3.08,0
-49.55159727599459,-68.63173378375556,2.3092801221918973,6,48,5.94,108.33,193.13,643.74,0.1605,2,0,0,0,4.08,0
-57.88664397069321,-56.2249596254471,3.3546730864913044,1,69,9.24,45.96,111.28,424.58,0.101,2,0,0,0,2.72,0
-51.67440780849681,-55.129722024148954,2.667651464726702,11,53,8.99,112.84,274.48,1014.02,0.087,1,0,0,3,3.13,0
-52.89507072476874,-59.99487085577482,7.574405005545097,6,677,73.11,173.9,604.08,12714.03,0.00893,19,14,7,40,103.64,1
-57.42282954568477,-56.05564450330013,9.247836815661906,1,819,88.24,227.79,408.03,20099.75,0.01609,23,13,7,42,64.54,1
-50.309834882782994,-56.06378765240219,2.456859655930557,1,75,9.36,138.96,177.62,1300.88,0.1018,0,0,0,0,5.63,0
-41.42204403548605,-50.06925178570903,3.891433179255312,6,91,13.22,132.5,258.02,1751.57,0.0867,2,0,0,3,0.66,0
-44.32700343551262,-60.36469506252048,1.9011736545432156,1,14,1.75,139.09,193.14,242.97,0.5431,1,0,0,0,2.43,0
-45.99194809390056,-57.960134644553136,6.06620708506552,6,419,46.28,336.75,467.04,15585.75,0.02389,30,10,3,45,66.37,1
-48.67628573995836,-52.30585519183151,2.578925212683226,6,66,7.05,132.57,245.31,934.32,0.1573,1,0,0,0,4.17,0
-51.92827321188172,-53.86544003243544,2.4552423587642047,6,50,7.25,84.33,168.97,611.14,0.1723,1,0,0,0,5.08,0
-44.31870744957993,-56.686854953696674,2.3289678783822683,11,9,1.56,68.95,92.6,107.43,0.6221,1,0,0,1,1.5,0
-60.29279250563627,-51.11066142289913,1.414429765084497,11,50,9.67,73.26,213.24,708.38,0.0795,1,0,0,4,4.55,0
-57.091574184613926,-56.660506921637925,3.565279371699199,1,42,5.09,110.44,181.38,562.09,0.1902,2,0,0,2,2.57,0
-52.00855031140095,-82.9450142668772,11.827201523454644,6,458,64.81,226.1,686.74,14652.89,0.01504,25,18,3,42,40.2,1
-58.72697439347024,-43.77553295515013,1.3773768114116847,6,42,4.45,161.82,249.03,719.72,0.2135,1,0,0,1,5.27,0
-59.06405238956789,-49.81667797707056,5.793854108368148,6,60,7.73,129.93,174.74,1004.82,0.0907,1,0,0,4,3.7,0
-51.67657706929533,-46.44613227163544,4.016025124549524,1,43,7.71,112.78,155.97,869.7,0.1269,3,0,0,2,4.79,0
-55.123436850430835,-53.432102338380865,3.1761373847768577,11,43,8.47,78.68,208.72,666.78,0.1285,0,0,0,0,0.5,0
-45.694653048396695,-47.576828610641826,2.5229851047257923,1,560,62.4,536.57,930.8,33484.93,0.01567,25,9,8,40,80.65,1
-33.62085594463196,-53.57509698593366,7.133294699047468,6,581,91.02,227.17,506.08,20675.82,0.01219,29,7,9,39,58.35,1
-56.70293417832844,-47.25100640749105,2.266119489082065,1,41,5.4,134.27,236.63,725.41,0.1824,0,0,0,1,0.26,0
-43.66579524792457,-51.9284228008206,2.141945720789315,1,131,15.65,180.14,264.49,2818.76,0.0677,0,0,0,3,3.6,0
-51.44549466537102,-40.627698247139996,2.83810592150633,11,84,10.56,103.35,113.49,1091.82,0.1026,1,0,0,2,3.27,0
-63.516552044780795,-66.06128572739222,6.9770228728222765,11,510,100.8,388.45,681.11,39156.58,0.01382,22,11,2,38,49.51,1
-39.39306579517884,-60.041250310186285,3.2863236682915793,6,73,13.46,113.96,155.74,1534.29,0.0682,0,0,0,1,1.71,0
-56.163091406417976,-45.29299359670166,2.3814124111751696,6,77,10.26,80.54,161.52,826.49,0.1004,3,0,0,2,1.53,0
-47.72298628122318,-40.15065348785585,2.7032137622946926,6,33,4.74,114.25,129.17,541.58,0.1892,0,0,0,1,1.78,0
-57.22624443956382,-59.15235286660938,5.06332855766836,1,400,62.36,244.7,682.12,15260.43,0.01156,22,8,6,41,87.09,1
-68.39837628401825,-69.3062675783802,7.675153073105244,1,573,59.36,539.89,814.03,32048.3,0.0174,29,10,8,40,59.77,1
-69.13027287854347,-56.4406401740847,6.58251254238156,1,737,97.51,248.64,803.83,24245.5,0.00943,33,17,5,36,101.43,1
-41.6368287624852,-49.097791638348916,2.4090351052086714,11,106,10.6,106.11,224.49,1124.52,0.1153,2,0,0,0,5.61,0
-46.92803086119742,-82.54684571210947,9.043113171823,1,264,30.89,327.45,580.28,10114.69,0.03481,33,13,8,36,48.13,1
-41.74037882158257,-52.77892103003532,1.998679807281722,1,31,3.32,132.49,258.32,440.12,0.2815,2,0,0,1,2.14,0
-63.32759088662874,-50.58237537646592,1.6636985800440782,1,31,6.13,84.02,145.17,515.34,0.1886,2,0,0,1,5.25,0
-63.80966850336183,-51.98668271631308,3.5502715315517515,1,499,82.79,400.38,750.07,33145.88,0.0194,15,17,5,45,108.94,1
-58.70921373986685,-55.595186410197535,3.6525825789013924,11,46,7.35,79.67,214.01,585.28,0.1316,1,0,0,1,5.36,0
-42.013723052598934,-64.84248847766186,7.641446454331742,11,506,65.64,337.75,978.99,22171.13,0.02493,19,18,5,31,92.33,1
-58.452439981182664,-72.98689979767201,7.817607629012324,6,531,85.9,422.04,798.87,36254.26,0.01062,28,13,5,42,42.96,1
-52.68808294627126,-67.13956851005159,2.721424216070712,11,201,30.0,266.83,704.25,8004.84,0.03028,22,10,8,36,40.86,1
-56.43045910506456,-48.01179326425803,2.554379279007111,6,875,90.85,338.84,660.02,30784.82,0.01717,25,12,8,44,54.93,1
-54.34547685382487,-70.17340525901255,8.770696335959045,6,462,89.12,489.05,542.43,43581.83,0.01284,32,7,8,36,53.89,1
-50.004133110604094,-47.84881586597761,1.5899611107988525,6,11,2.0,80.92,158.02,161.46,0.4923,0,0,0,0,2.69,0
-62.8388217029901,-51.75781657603303,10.16225566914116,11,594,87.98,258.99,617.68,22785.95,0.01236,32,9,5,33,43.17,1
-53.25000377525698,-60.81799265242183,2.00980388652198,6,44,5.27,96.32,191.85,507.42,0.1485,1,0,0,4,3.11,0
-64.96746357964491,-58.304523233647,7.0860036331532905,11,264,46.3,186.58,669.26,8638.12,0.02016,28,11,11,36,60.03,1
-61.4961989565738,-56.83640483770939,1.899617571083649,6,91,9.23,103.59,134.26,956.05,0.0897,0,0,0,0,5.55,0
-54.56675155555366,-51.15675403049176,2.8299028815939606,11,76,10.79,91.38,132.82,986.27,0.1033,1,1,0,3,4.28,0
-56.87219564970264,-50.10721386152535,8.526895948724928,6,209,31.45,411.93,755.19,12956.91,0.03559,27,6,8,34,71.09,1
-64.7973159105529,-56.12955628823628,5.757973908025848,11,459,69.41,155.1,906.38,10765.17,0.01308,19,9,9,49,53.63,1
-51.74579388527368,-70.137867161433,6.569844289186067,1,334,54.91,427.58,972.48,23478.86,0.02469,15,10,5,32,98.64,1
-44.46993922754066,-41.95340990562823,2.362288559219433,6,50,7.74,109.69,185.34,849.22,0.1347,1,0,0,3,3.84,0
-59.76162082456627,-47.192929766309625,0.2971506174903702,1,47,6.01,105.41,182.31,633.95,0.1771,0,0,0,1,3.14,0
-51.73995917089036,-66.53338499485966,3.3622983915090785,11,943,106.26,219.84,491.63,23359.11,0.00786,24,7,12,40,54.63,1
-49.64626227553341,-55.37421029753914,1.7695337410910483,1,9,1.0,118.35,242.76,118.35,0.9959,0,0,0,1,4.06,0
-61.59520980913171,-51.502886823298155,2.1590295293002573,11,469,51.02,414.87,560.05,21168.29,0.02531,24,13,5,47,74.09,1
-67.65847849108215,-43.83459047513768,0.870363909515705,11,83,10.96,143.3,192.98,1570.88,0.0993,1,0,0,2,5.18,0
-52.57627974734914,-41.69140002256107,5.30446249273608,6,38,6.26,97.73,198.54,611.62,0.1618,2,0,0,0,3.61,0
-53.774107616501475,-60.69379989307281,5.692535867926278,6,776,146.54,374.61,841.06,54893.21,0.00309,34,4,5,46,72.44,1
-60.152612039224806,-59.078695882050894,8.269015630545928,6,857,111.17,309.46,758.61,34402.05,0.00693,31,6,5,35,71.02,1
-41.71865378741793,-50.623261153332024,3.0823526073671226,1,76,11.91,134.82,279.03,1605.74,0.0675,0,0,0,0,6.65,0
-50.106602297228605,-57.6677675991496,1.8583675608619838,11,54,7.52,94.8,106.91,713.3,0.1471,1,0,0,1,3.79,0
-55.52617622821913,-42.649031725119066,5.466944418680572,1,1034,107.95,375.99,665.77,40587.2,0.001,27,12,9,45,19.93,1
-44.366696062030044,-55.96694037168185,1.3322480824015803,11,55,8.04,113.81,193.49,914.56,0.1428,1,0,0,0,0.97,0
-53.828850737288775,-63.33911595418071,2.739583644145522,11,58,6.45,103.21,116.53,665.18,0.1928,1,0,0,1,3.75,0
-65.8157787348602,-47.50269676644312,1.4965205904959162,1,59,8.38,46.78,80.0,392.22,0.163,0,0,0,0,4.25,0
-47.07882178668212,-52.31775198197817,2.85982566628689,1,85,11.6,132.19,143.52,1533.53,0.0781,2,0,0,0,4.18,0
-52.44627985493454,-55.929373847859836,4.845733038961008,6,32,4.51,144.21,217.72,650.92,0.1972,1,0,0,3,6.69,0
-51.503036992025365,-55.75648278143436,3.0957479067117166,11,74,8.83,82.3,174.0,727.03,0.1282,0,0,0,1,3.66,0
-62.47662333706016,-48.96702373475035,4.827805336426591,1,33,4.77,93.93,187.69,448.16,0.1941,4,0,0,1,2.6,0
-42.052468433511514,-53.99537908887016,5.093548002069308,11,70,11.32,97.09,204.94,1098.82,0.0856,1,0,0,1,2.72,0
-62.486278427737325,-51.39459078911759,3.3456753684533225,11,51,8.66,79.24,199.46,686.05,0.0994,1,0,0,1,5.23,0
-56.51402214646131,-36.87574784705218,4.114246094374897,11,55,10.52,145.74,188.17,1532.54,0.0819,1,0,0,0,2.55,0
-49.37024195061674,-61.44312107094309,3.133109975110201,6,969,104.44,337.15,488.58,35211.9,0.00354,26,12,8,49,64.84,1
-47.07066758413783,-56.97891029324518,2.815581254197363,6,80,9.05,117.36,197.27,1061.69,0.1146,1,0,0,1,3.13,0
-60.48657805141808,-61.362204843658574,3.510524020326713,11,110,11.26,121.72,222.2,1370.08,0.1022,1,0,0,4,4.04,0
-52.89640446708962,-46.83732124578938,3.3593163861859017,1,825,99.78,219.66,653.28,21917.77,0.00516,26,12,7,35,47.65,1
-54.66437392946455,-41.50147648332222,3.409061507805097,11,55,6.37,81.29,196.19,517.89,0.1293,1,1,1,1,1.98,0
-51.734840038572806,-49.201043099502954,4.129198014808891,11,96,10.41,99.07,162.94,1031.66,0.1069,0,0,0,1,2.13,0
-71.17716643759863,-66.01556932434183,6.425875486198795,1,539,93.91,464.74,951.56,43644.92,0.00991,29,11,9,54,48.45,1
-48.09039372874706,-56.1529244301572,3.4902664977049436,11,55,7.18,134.71,167.63,967.9,0.1355,1,0,0,3,2.09,0
-61.39663428002494,-55.00250180904333,8.698915059691068,1,634,75.01,349.59,631.07,26222.31,0.00598,22,11,5,51,78.88,1
-76.16383211872629,-52.12953961609346,6.9513329719993635,1,611,80.23,193.28,656.3,15506.67,0.01671,34,17,12,30,71.8,1
-67.1077476392355,-60.90140011630962,2.0758447417690573,11,53,9.08,147.95,221.56,1343.69,0.1116,2,0,0,2,1.65,0
-66.39934788587334,-68.1221667261437,9.151241230593246,1,643,88.05,120.0,454.6,10566.01,0.01378,20,17,7,46,62.92,1
-54.226192036649486,-55.080711922294654,0.8948667985415826,1,65,10.01,155.65,261.14,1558.1,0.0801,1,0,0,0,2.06,0
-59.28338040430789,-49.023994241452215,6.832097470302354,6,710,89.0,189.09,521.22,16828.94,0.01805,19,14,2,37,61.32,1
-56.60970793970707,-61.95203229363652,9.301998516746744,1,506,78.57,459.26,776.35,36085.64,0.00902,29,11,7,46,73.71,1
-60.51058808956213,-45.25122420897257,3.681226764414992,1,38,5.26,107.8,135.54,567.19,0.1856,3,0,0,1,0.36,0
-48.09696910022629,-46.91289024219925,0.8969999184715616,11,67,7.24,45.32,160.72,328.23,0.1288,0,0,0,0,2.86,0
-57.59629075944501,-52.76128639095542,4.050777639114862,6,462,84.13,604.84,1009.6,50887.02,0.01787,25,13,4,40,50.55,1
-38.044311222900205,-48.36990243524466,1.5,11,735,84.46,339.54,804.74,28678.82,0.00724,23,9,3,29,68.02,1
-52.96632485682116,-49.17888365446787,9.874270784009124,11,165,30.0,361.9,611.41,10857.12,0.02852,27,8,5,33,83.54,1
-62.019502550100185,-72.92036175658801,2.849628324954546,11,929,113.56,207.26,525.65,23536.63,0.0048,39,9,5,34,68.28,1
-51.55104238335292,-53.47330099120411,2.0645943725726106,6,55,7.8,156.76,299.83,1222.63,0.1398,0,0,0,0,6.27,0
-60.866921459447504,-56.909597694234854,5.855864971030809,6,502,91.07,203.82,635.76,18561.21,0.00495,18,18,6,46,57.07,1
-51.55215602041802,-53.58651227634822,3.7391720620880293,1,68,9.09,73.16,149.54,664.74,0.0817,2,0,0,2,3.54,0
-50.78751189796105,-69.16347673461769,5.0381710991325335,6,562,60.67,337.61,800.25,20483.28,0.01307,36,8,7,36,61.16,1
-47.37847810456273,-53.830498472503706,6.1561755747871025,11,166,30.0,243.49,520.52,7304.63,0.04268,33,8,7,46,79.29,1
-45.86115730029202,-39.30030771688085,3.2772534739767845,6,439,76.66,324.18,593.34,24850.69,0.01408,18,16,6,28,48.46,1
-53.24478007702083,-50.17754498529203,3.4204144983406115,1,43,4.62,117.82,173.72,543.95,0.1759,1,0,0,4,3.18,0
-40.953376024415405,-73.76172848924537,3.2345016366701547,1,644,75.37,328.03,670.87,24721.67,0.00979,35,11,6,49,20.9,1
-58.17101152111971,-53.7732446186138,3.289654155703115,1,544,92.02,448.86,905.56,41304.96,0.00839,18,8,5,41,38.43,1
-53.153910671058355,-48.831887921832866,0.7497845351539296,6,103,12.1,120.72,159.23,1461.17,0.0944,0,0,0,1,0.2,0
-65.92417299908091,-45.132439967035715,3.2389459041234465,11,53,6.54,76.64,149.19,501.33,0.157,1,0,0,1,4.55,0
-60.32091175269899,-59.65715829979309,6.467661835231414,1,483,63.94,184.46,427.25,11794.42,0.0239,20,13,13,35,58.21,1
-55.50150401129384,-60.29656963655695,0.7094489805481026,6,29,4.46,99.98,180.71,445.45,0.2569,1,0,0,0,5.56,0
-60.72588418557122,-68.28433720225722,5.359037770757117,6,1156,152.35,544.98,691.48,83024.52,0.001,24,10,6,50,103.88,1
-60.13213351254043,-48.96468961278784,3.277355062737863,11,47,6.59,40.0,80.0,263.67,0.1277,1,0,0,1,1.47,0
-41.170373597078736,-51.18744408852682,1.5888974549289512,6,52,6.53,93.89,208.02,612.62,0.1567,0,0,0,0,2.86,0
-57.04630675998199,-45.55714567133176,6.159093202423481,11,615,72.85,397.77,868.42,28976.24,0.01003,23,13,8,43,57.25,1
-52.2934379786963,-43.009478346098064,2.3748544112888403,1,54,9.69,156.36,206.63,1515.09,0.0992,3,0,0,0,0.65,0
-48.780698135845604,-54.825243278294565,2.4051914406100114,6,46,9.19,166.59,209.01,1531.08,0.1108,1,0,0,3,2.95,0
-52.34933773760699,-49.616030150422816,4.020106122416871,11,55,8.12,100.82,196.17,818.3,0.108,1,0,0,2,3.31,0
-48.02018345763865,-60.43704970958517,9.88846099048477,11,649,88.27,343.5,621.26,30319.29,0.00928,26,13,6,44,117.79,1
-55.1582275006759,-41.31376924454623,2.403618186441513,1,64,6.59,68.72,174.84,452.81,0.1416,1,0,0,1,4.63,0
-57.141556383548085,-59.39705937324878,9.598072694777622,6,419,78.25,385.06,496.95,30130.99,0.0108,23,9,8,36,49.12,1
-56.76048407819887,-57.47247106113876,4.039851486530245,1,64,7.93,108.31,194.54,858.91,0.1313,1,0,0,4,3.15,0
-57.29474363926309,-69.62790894939903,5.054145546845784,1,1224,128.36,120.0,402.95,15402.66,0.0077,25,13,12,39,60.96,1
-67.60288493763225,-61.76521465457604,6.815020608999593,6,590,97.92,297.02,817.55,29084.32,0.00534,26,14,12,45,69.7,1
-45.6022389103643,-54.58809160215813,4.2284941250831976,11,1125,124.65,267.25,620.91,33311.92,0.001,32,8,5,54,68.74,1
-55.314397479779224,-66.3612518432943,6.063942501416117,11,1040,114.2,312.07,527.61,35639.22,0.00893,29,10,2,38,77.38,1
-52.18869085504645,-46.78916607099283,2.9666767980807647,11,80,8.2,144.8,206.53,1187.96,0.1057,0,0,0,4,0.8,0
-46.54329405459985,-55.99609488376238,1.7987740073685647,11,29,3.66,112.36,144.8,411.44,0.3206,0,0,0,1,2.97,0
-66.87530814443502,-72.6366162582135,10.370075231696573,1,742,120.38,383.45,815.95,46158.86,0.0028,18,12,2,39,85.84,1
-48.92053223318635,-56.223276046298786,3.2402843336529155,1,72,8.99,135.44,258.54,1218.02,0.1273,2,0,0,0,3.16,0
-42.74504874145066,-53.79691534474969,3.9489340247508533,1,77,10.69,90.02,217.46,961.95,0.0803,1,0,0,1,6.45,0
-58.73894735218893,-52.43828599477268,7.9574045015949295,1,989,101.95,416.69,557.47,42480.08,0.01485,20,16,5,35,91.11,1
-43.83598185427259,-49.44571243249055,2.324347195860143,11,70,9.14,100.79,176.35,920.84,0.0999,1,0,0,0,2.44,0
-66.28601195453264,-55.670829300758776,1.4879709990834642,1,64,12.45,121.8,216.6,1516.95,0.0825,1,0,0,5,4.29,0
-60.133301551198684,-51.84595327805201,1.1576456625337987,6,15,2.39,90.13,192.15,215.09,0.4534,3,0,0,3,1.61,0
-55.82903304591496,-39.81776205544538,2.5377228966822383,11,113,12.83,124.03,214.48,1591.78,0.0935,1,0,0,1,5.9,0
-45.5071795588052,-47.55614374094156,4.268425328513846,1,38,4.16,54.61,108.41,227.2,0.2415,2,0,0,3,2.78,0
-44.599675108310436,-52.957676005124036,0.9887773135040951,6,31,5.12,149.36,247.72,765.23,0.1559,4,0,0,3,2.32,0
-52.219482904735514,-48.38588296664488,0.34775293537636376,11,87,10.1,100.38,117.92,1013.44,0.0865,1,0,0,2,2.48,0
-51.864708034328274,-57.331507748541775,3.747426336823681,11,77,12.55,122.67,206.57,1539.48,0.0913,2,1,0,2,3.2,0
-48.73101672545649,-78.79759195383502,6.7620831893785684,11,500,60.61,434.75,713.54,26351.88,0.02232,18,12,5,53,51.91,1
-44.93630137386196,-61.3402957128165,1.219312748658933,1,57,6.59,146.39,152.08,964.02,0.1593,2,0,0,3,4.46,0
-63.642532572330104,-66.2362795195368,8.881926333781191,6,354,52.75,322.96,562.55,17036.12,0.014,21,11,3,38,76.1,1
-38.860044672678505,-43.02575967291983,3.7421386186275805,11,28,3.85,135.99,141.42,524.02,0.2828,1,0,0,2,2.14,0
-48.021133327976266,-54.34718501992397,1.4627490537343772,6,58,7.63,60.07,104.09,458.24,0.1526,2,0,1,4,1.38,0
-51.576655969939466,-45.33838837933744,8.530448171464315,1,429,59.12,505.46,596.76,29882.59,0.00665,26,13,7,40,113.02,1
-51.0418867551743,-38.60928312704565,1.5890927858000434,1,6,1.0,91.51,183.67,91.51,1.0,3,0,0,1,2.68,0
-47.996985721543034,-50.259200037467465,4.119435158073292,6,52,6.78,119.28,171.94,808.82,0.1276,0,0,0,1,0.2,0
-44.14751094310788,-53.67754692110516,3.16706685052495,1,79,9.28,142.88,220.49,1326.43,0.0852,1,0,0,1,3.52,0
-45.45423867284051,-43.87698671924136,1.9148159234733342,1,8,1.16,112.58,204.31,130.34,0.8553,2,0,0,0,3.02,0
-35.31297273412689,-57.2220821059446,4.350853634291267,1,58,9.36,97.91,235.39,915.93,0.0923,1,0,0,1,1.57,0
-52.36887245735425,-53.65986605055576,7.979738412226573,11,441,80.39,292.28,966.26,23496.99,0.01914,30,9,9,33,100.94,1
-67.04858973170882,-65.84719745124238,4.354326069805767,6,419,75.2,364.37,779.36,27401.7,0.01717,24,14,8,46,74.82,1
-44.881160662335006,-55.50114027274624,3.26115054980632,11,68,7.02,79.62,215.58,558.69,0.1536,1,0,0,2,3.7,0
-58.35643702630405,-56.332733621371545,1.2869661941513524,11,37,6.55,109.93,214.71,720.24,0.1483,1,0,0,2,4.75,0
-53.57896914748023,-45.98780804013851,2.521307490355111,11,30,5.04,97.32,148.95,490.95,0.1701,0,0,0,2,3.17,0
-67.11738117351811,-55.608651236392866,7.541481460116557,6,861,147.25,346.25,947.97,50983.58,0.00729,27,8,7,47,96.42,1
-43.03638514822006,-49.0149269453214,8.59430607832568,1,870,99.67,578.46,987.26,57654.03,0.00648,35,5,9,49,51.08,1
-47.90326728048801,-54.71571363792366,2.3784014096534576,1,27,3.28,135.82,225.1,446.0,0.3312,0,0,0,2,1.38,0
-46.97592073874956,-58.290565855207156,2.4925636533544107,6,57,7.79,66.59,155.16,518.6,0.1256,2,0,0,5,2.5,0
-56.844104644625496,-52.359126386175106,2.066166359091624,6,68,7.51,144.22,198.22,1082.55,0.16,2,0,0,1,4.57,0
-70.87120301317997,-55.507240511946485,5.587099166745305,11,1074,115.28,296.42,695.52,34171.33,0.00639,25,9,5,41,63.27,1
-57.72789027242921,-55.38587942656745,1.806919448011792,1,29,3.81,112.48,185.0,428.07,0.2867,1,0,0,0,3.3,0
-57.441768818701206,-59.90682106286237,8.41805284539401,6,426,83.1,435.08,741.55,36155.3,0.01618,31,8,10,41,79.37,1
-46.65119916148747,-58.01667133767469,1.6561449247956619,1,83,8.91,110.33,115.98,983.38,0.1269,1,0,0,0,2.88,0
-42.54398051460645,-53.94937559501033,7.1733710099322545,1,579,110.27,216.21,712.83,23841.28,0.00457,20,13,5,48,52.07,1
-52.79741475137159,-56.590576761384504,1.8224908831193636,6,70,7.58,145.09,234.81,1099.41,0.1536,3,0,0,1,0.2,0
-80.38937180648833,-54.88299614515963,8.915788244072118,11,806,86.26,419.37,646.54,36176.08,0.01454,23,16,6,49,51.64,1
-69.46377050339655,-64.35319662719832,3.765011095009622,6,749,90.03,432.46,752.96,38936.83,0.01244,32,8,8,34,63.84,1
-43.064703820533495,-51.39159979956846,2.8448170778897883,1,45,5.62,104.11,249.66,584.67,0.1647,0,0,0,0,1.74,0
-45.93543635510472,-48.97475488879326,0.2,6,32,5.88,155.06,213.65,911.48,0.1106,1,0,0,0,2.92,0
-58.96341183320051,-47.15932101671139,3.9443437020934313,11,53,7.23,96.78,122.09,700.0,0.1381,0,0,0,2,4.24,0
-53.12205059976113,-61.382888147931546,2.1340957548625457,1,39,7.31,154.2,241.47,1127.55,0.163,0,0,0,1,4.65,0
-44.96210960400176,-59.66362101439584,4.133509942686651,1,962,100.77,246.79,753.99,24867.54,0.01296,19,11,10,44,21.42,1
-48.21722914395752,-77.76012134444363,9.055258730244349,11,991,135.28,206.19,371.27,27892.34,0.00374,20,15,8,47,43.83,1
-57.43532085703855,-52.50293512901178,4.5937788508227175,6,124,13.3,62.98,80.0,837.94,0.0857,0,0,0,1,3.19,0
-63.073667622065294,-56.191794487974725,2.235228229095266,6,21,2.88,147.42,191.14,425.01,0.3393,0,0,0,1,3.9,0
-49.18291472659535,-60.88127596674886,4.944100302326369,11,62,7.95,81.68,147.37,649.15,0.12,2,0,0,1,3.49,0
-50.08675120424188,-58.54395984621571,1.7808131040370592,6,40,6.76,140.26,229.43,947.68,0.1313,1,0,0,1,5.03,0
-61.01104977365664,-48.09640364805341,5.3283603163144635,6,765,101.39,265.32,461.86,26900.31,0.01638,33,8,4,33,54.35,1
-72.69396029106443,-51.82611920102583,6.788850954869771,6,1025,118.18,351.02,769.78,41481.83,0.00642,28,11,8,39,59.02,1
-45.95838737368251,-49.707654553225005,1.7322044402685641,11,68,12.74,139.66,187.31,1778.84,0.0992,1,0,0,1,3.94,0
-50.73877501999325,-59.144105761465134,4.742956392070565,11,783,135.11,259.11,510.68,35009.58,0.001,27,9,7,39,72.49,1
-59.164814989123315,-55.758052713035624,6.982837722429837,11,736,90.54,356.51,509.0,32279.56,0.00602,21,20,8,47,72.03,1
-42.11581996470817,-55.21616602928265,5.3905173137780436,11,411,49.37,480.96,824.89,23744.4,0.0236,32,9,12,43,61.32,1
-69.7055436966078,-50.34949377658151,6.292364557235629,6,722,92.88,244.71,661.58,22728.53,0.01144,28,15,11,42,56.44,1
-37.159434602644474,-51.87815196063757,2.573589111019477,6,66,7.69,145.58,145.3,1119.95,0.1263,1,0,0,1,3.04,0
-53.192867600644874,-45.76447834219564,1.1635899121480189,1,56,6.72,97.27,137.94,653.14,0.1321,1,0,0,0,4.08,0
-44.07703682748061,-57.03092065067184,4.195504952150745,11,998,131.94,460.55,723.82,60762.83,0.00235,19,14,10,41,91.71,1
-60.62561534272583,-80.17154041360752,10.383229153299162,1,714,86.49,295.05,621.44,25519.45,0.00416,17,12,7,40,28.46,1
-57.10098941733217,-50.97886974445814,8.703123771414713,6,855,98.53,398.24,950.6,39237.85,0.00861,21,21,6,44,62.82,1
-61.81528287803962,-64.13170335978029,9.317097015734872,11,1016,128.11,194.02,489.76,24856.23,0.0073,30,5,5,41,77.15,1
-49.187757564761775,-46.61583124587985,3.2597569730181433,11,13,2.12,40.0,137.03,84.97,0.4576,1,0,0,0,1.21,0
-63.65815319725846,-52.016388383795004,3.2342826381635277,11,639,104.8,427.2,863.64,44772.36,0.00832,20,15,9,47,80.22,1
-51.52329325593597,-50.060814418847755,2.307473430476742,1,66,10.82,139.87,219.91,1513.47,0.0644,1,0,0,3,3.01,0
-56.3492093190202,-58.73451650825059,4.490736192717455,6,408,66.03,336.63,502.76,22227.52,0.0024,25,7,10,41,94.95,1
-48.73629064519482,-62.07067769643515,5.8160184558526815,6,807,114.04,332.38,996.61,37903.55,0.01588,34,15,5,38,91.47,1
-50.20355933242929,-46.58579549718808,2.8546211607750225,11,39,6.23,110.98,139.65,691.04,0.1543,2,0,0,0,1.02,0
-62.008454517623555,-68.03992511471247,8.147811230064478,1,583,115.28,477.72,849.34,55072.93,0.00491,32,9,5,38,76.67,1
-55.032055565722644,-65.10306334904136,7.748458560458353,1,775,80.83,519.51,747.03,41991.27,0.02012,23,11,6,39,132.72,1
-65.2206035843959,-68.89309597246152,7.061579915749908,11,662,87.21,333.28,495.54,29064.78,0.01353,25,14,10,29,81.4,1
-61.142723895761755,-60.65121957981977,8.015575731924423,11,407,54.91,262.6,972.61,14419.72,0.01828,22,18,6,44,63.06,1
-49.017132372264015,-54.092636087207815,4.574451394809458,11,46,5.62,118.0,183.39,662.89,0.1988,0,0,0,2,4.35,0
-52.699930555060575,-38.33653285584012,6.842546006526085,1,828,86.56,127.13,418.06,11005.35,0.01629,25,11,8,38,42.69,1
-62.9927779077596,-50.09738188156702,8.30228494588891,1,558,56.12,319.7,479.3,17941.68,0.02091,25,13,5,61,58.87,1
-54.2597919205331,-55.57847699750328,5.745872030747465,11,422,83.09,187.36,313.08,15568.01,0.00511,24,23,5,30,74.38,1
-42.886654062910395,-60.92495069421354,8.01159124202761,11,665,103.25,236.33,889.38,24402.09,0.00668,27,14,11,53,47.91,1
-50.19227669101941,-52.47023816875458,3.726534745606595,11,20,3.6,70.65,124.85,254.25,0.2665,0,0,0,1,2.7,0
-70.12946170084541,-45.799210374019786,8.802692071850876,11,346,58.56,652.6,921.08,38214.38,0.01169,24,13,7,40,42.51,1
-40.66539305047696,-69.41494444804661,7.076304934063992,11,1368,140.13,210.75,472.18,29532.39,0.00727,16,12,8,29,59.18,1
-43.60189153759081,-55.53562515438398,1.7741833052667761,1,45,4.55,80.51,120.82,366.1,0.2,2,0,0,3,2.87,0
-66.77362849298643,-59.72007944183326,7.943648012990928,11,603,98.56,355.7,542.88,35058.16,0.01582,29,11,6,51,63.37,1
-48.01466733387145,-57.3099328322772,5.531312733002658,1,619,79.95,402.26,498.98,32158.96,0.01515,26,19,3,28,57.81,1
-53.21922193554839,-52.104603381694055,2.5782288143568373,6,102,13.23,118.21,147.41,1564.19,0.0839,2,0,0,1,4.74,0
-50.51520409208143,-44.55017642260756,2.4475542335044995,11,75,9.07,168.53,229.99,1528.88,0.1549,2,0,0,3,4.59,0
-47.2238353800378,-49.21317030596835,7.918481583769738,6,284,53.59,288.67,894.24,15469.13,0.01876,14,10,4,41,69.88,1
-48.148383318903065,-52.822231427225226,4.170035941937561,6,1145,120.9,355.77,687.55,43012.66,0.01043,21,21,3,41,54.05,1
-41.30007429994295,-50.78609091664987,2.134902023989246,11,58,10.63,139.11,204.92,1478.74,0.1041,1,0,0,1,1.58,0
-56.32638084749645,-49.76939415668282,4.897376589597702,11,87,10.77,129.86,191.12,1398.97,0.0718,2,0,0,0,3.35,0
-47.87104827579309,-53.240632981311364,2.17330741141305,1,93,12.4,46.15,111.66,572.39,0.1106,2,0,0,1,4.42,0
-51.89579887354683,-52.319444791834464,4.466868642912667,1,20,2.92,94.35,165.88,275.9,0.3626,1,0,0,0,1.03,0
-63.2216160272783,-54.2732713896292,5.294138087587208,11,299,39.29,225.47,250.0,8860.01,0.03674,22,17,3,46,31.56,1
-50.53945292688642,-56.04788930909395,2.062204501628134,6,83,9.77,81.26,195.15,793.8,0.1048,1,0,1,2,2.2,0
-53.78614922515018,-59.12515945592304,3.1245484258883622,11,72,8.03,136.16,266.7,1093.93,0.1358,1,0,0,0,1.5,0
-46.97856079673926,-64.714623641304,3.6700664042196554,6,39,7.52,138.94,190.31,1044.95,0.1207,5,0,0,0,6.16,0
-74.52513691372627,-43.42117979792265,1.5,6,435,76.52,491.9,824.38,37642.32,0.0162,28,14,4,43,62.34,1
-42.70813717915152,-43.68565449391671,5.3572359057664585,6,493,95.83,360.55,559.27,34551.47,0.00286,23,6,10,42,61.69,1
-58.211730154017175,-52.96225981567158,2.5418544757824777,11,9,1.68,166.79,163.34,279.57,0.5884,0,0,0,0,2.01,0
-54.30337570433751,-51.869810973640504,2.773094105631551,1,13,2.41,40.0,149.23,96.58,0.4322,0,0,0,2,4.2,0
-54.502710759881744,-51.90096894279814,2.052990540088145,11,86,8.69,116.52,144.23,1012.41,0.1249,2,0,0,2,3.5,0
-56.881469323398164,-56.71136124296224,5.778243861746951,1,645,114.27,251.18,452.45,28701.55,0.00243,25,11,5,31,94.14,1
-45.91318907087277,-52.44837913832667,7.397202717286275,11,1085,114.45,540.45,856.69,61856.61,0.01514,28,14,10,40,25.13,1
-65.69187250225671,-57.44925917673643,9.490487307740551,6,739,76.26,333.13,784.83,25402.64,0.00954,26,15,5,46,60.07,1
-49.921577362285454,-38.806954664326724,11.42874498706351,11,647,89.19,296.99,733.2,26489.32,0.01754,33,9,13,30,60.34,1
-53.12435341180261,-52.73129541742154,6.49211514371547,6,445,79.74,295.06,667.19,23527.28,0.01535,32,11,6,33,46.09,1
-45.42084543647883,-67.65907337303572,10.73476273951275,11,1076,115.47,254.33,747.42,29367.05,0.01305,31,7,5,43,35.2,1
-53.718510428148505,-53.063647968904,1.425306298308233,11,40,6.49,111.68,218.29,724.58,0.1317,1,0,0,3,4.93,0
-48.268430887677226,-47.20199419160056,10.301264789218123,6,422,68.09,372.14,870.31,25338.06,0.01481,29,5,6,32,70.13,1
-52.37209541648832,-48.82638671825261,1.780564443483105,11,64,7.19,87.62,109.37,629.72,0.1213,1,0,0,0,1.69,0
-52.498168921971605,-54.64053406352279,1.2654977202073885,11,71,8.18,93.6,129.71,765.79,0.1142,0,0,0,1,3.45,0
-52.016083152564526,-68.19311502408776,8.456664302115358,6,257,49.35,352.86,897.96,17413.94,0.02278,28,16,9,42,45.21,1
-57.01100210646863,-54.29596156518521,0.2,11,44,5.72,63.78,183.61,364.71,0.17,1,0,0,1,2.98,0
-68.38799633555705,-65.3942025762485,6.432440502159723,11,993,139.96,281.9,590.97,39455.43,0.00318,13,12,6,29,42.02,1
-40.64213125017937,-68.13004558762287,6.916716406096844,11,953,117.18,347.78,669.36,40753.63,0.001,21,16,4,43,56.8,1
-49.20627756291223,-48.636830348362935,3.0223275428545975,11,79,8.33,96.99,133.57,807.83,0.1578,1,0,0,1,4.55,0
-40.617740196238614,-45.64097615851375,5.478952784661587,6,695,95.37,346.49,729.72,33044.16,0.02173,30,10,9,44,62.82,1
-39.94019081641659,-55.719721983357104,2.1067020529778544,11,29,3.03,134.15,217.2,407.1,0.3083,0,0,0,1,2.91,0
-70.58344884649065,-47.25926679874156,8.919157118932059,6,733,75.46,375.71,845.45,28350.59,0.02265,23,16,5,40,81.77,1
-55.2591074571202,-53.96734637578727,4.047126279542768,6,65,7.03,67.8,133.56,476.54,0.1154,0,0,0,1,2.49,0
-50.81412386114532,-54.12534370383801,7.907289991246847,11,929,112.06,501.26,879.21,56171.4,0.01273,23,15,4,32,86.89,1
-53.59731524607947,-58.10442461905019,6.276691491026505,1,648,97.59,315.88,595.68,30826.95,0.01211,30,6,6,31,62.32,1
-77.47589271482303,-73.1805909894679,7.213687572270109,11,173,30.72,416.43,979.37,12791.28,0.03782,23,7,12,46,69.57,1
-58.58510612815164,-41.456075643947614,9.412607981070003,6,919,106.35,240.41,535.17,25567.3,0.01211,24,12,8,43,81.25,1
-52.29878167359234,-55.238729818077765,3.281740228047817,6,77,12.39,40.0,94.26,495.6,0.0985,4,1,0,0,0.2,0
-45.81976681468446,-77.30424069555593,4.312337444249125,1,697,70.02,428.21,728.94,29982.1,0.00583,30,9,2,48,57.68,1
-59.94676492132454,-46.863679364615884,5.110343617232341,11,760,109.04,263.13,362.69,28690.77,0.01034,27,10,7,42,81.95,1
-54.895236699210926,-53.584455819951174,1.4694844976123955,6,49,6.71,130.06,220.23,872.16,0.1398,1,0,0,0,2.84,0
-65.98631118899107,-70.01648457702991,8.981541296756225,11,381,54.5,296.59,857.79,16163.55,0.02289,35,14,5,34,38.32,1
-67.78622890931831,-43.32337534034117,2.1509058366600824,1,44,5.8,91.38,200.72,530.26,0.2129,1,0,0,3,3.52,0
-48.712122963602525,-59.351984089495595,0.9202813028055754,11,59,6.88,120.76,202.78,830.31,0.1478,0,0,0,1,1.22,0
-70.92672376051338,-44.72950655682306,2.3111311506955237,11,58,8.7,89.24,131.22,776.28,0.132,1,0,0,1,0.97,0
-36.32817833509903,-56.45481736254147,2.2921778112796236,6,77,9.9,124.53,192.2,1233.1,0.0823,0,0,0,2,4.73,0
-50.39428636955278,-47.77352998866341,0.2,11,54,8.99,117.78,202.89,1058.81,0.0949,1,0,0,2,5.26,0
-51.04258117878311,-52.36188551868252,1.1158765729914701,1,109,11.76,54.13,129.8,636.25,0.0865,2,0,0,2,3.15,0
-50.382930159211405,-56.8857253184397,0.2,1,44,7.65,154.1,149.75,1178.41,0.1443,1,0,0,0,4.46,0
-55.23921925985207,-65.09585547134637,6.40501273410022,1,563,68.22,228.06,469.71,15558.21,0.01526,31,12,7,45,73.68,1
-55.11250926590547,-64.10699892566171,11.511273192302195,11,738,74.84,253.28,422.56,18954.89,0.01318,23,9,9,25,50.2,1
-63.47403208316686,-67.21811257214975,6.146483913869289,1,890,89.61,566.32,1062.13,50747.88,0.00828,26,19,6,33,79.43,1
-57.64142445032384,-47.15507659586231,1.4121479625330748,1,47,9.12,106.99,220.76,976.1,0.1357,1,0,0,2,0.89,0
-42.145688363220614,-51.745712627823245,1.8222302992711796,6,53,8.26,96.13,235.52,793.99,0.1515,0,0,0,1,1.92,0
-35.23479981157739,-60.66085064617353,8.723176488834511,6,326,43.82,336.77,586.15,14757.45,0.01911,23,11,5,39,105.21,1
-67.71476342965619,-58.33315462873881,6.487564554619171,11,748,76.44,226.89,623.33,17343.36,0.01593,13,18,11,32,55.82,1
-53.324719875978744,-42.882851924144894,4.1746846667413955,6,58,9.24,65.87,181.94,608.82,0.0901,1,1,0,2,3.01,0
-43.54216022163649,-54.148055835346135,1.838375607536181,11,81,12.01,94.15,184.08,1130.91,0.0561,0,0,0,1,5.01,0
-58.0020398917344,-62.22962293124155,6.409187989277997,11,556,82.0,353.27,590.03,28968.83,0.01535,35,9,6,38,58.46,1
-50.49144421488771,-48.00227630492114,2.2413070207581427,11,77,11.0,152.38,227.74,1676.05,0.0951,1,0,0,2,5.52,0
-49.248946509150024,-60.10158919987402,6.930737330543566,1,601,91.63,442.01,1026.18,40503.56,0.01147,23,17,9,44,57.19,1
-53.626570675637396,-46.79093932163999,3.688349920605349,11,18,1.81,48.87,112.18,88.47,0.5483,2,0,0,0,2.9,0
-58.917544975339254,-62.38125457173373,6.659920875951883,11,808,95.62,262.43,849.98,25094.25,0.00965,29,13,7,35,111.21,1
-49.186502018448316,-52.82729313365342,2.3532833698714133,1,91,11.67,102.98,128.76,1201.49,0.095,0,1,0,2,0.42,0
-47.32261509509658,-47.558661618365875,2.095143667658152,11,69,10.1,139.39,197.96,1408.51,0.0973,0,0,0,0,4.55,0
-46.85455893935172,-43.468974305100076,3.6794816578196787,1,1310,131.32,372.56,653.57,48923.18,0.00832,28,12,5,48,43.12,1
-35.48159645969272,-53.574268784261,0.8592653897131757,6,89,10.64,112.04,119.92,1191.88,0.1291,0,0,0,0,0.2,0
-65.6270728510425,-68.11683290267625,6.702420445446787,1,516,80.79,252.17,421.51,20373.39,0.01006,21,10,7,40,46.5,1
-74.98276367576271,-65.95104919840084,6.869140483885322,1,1057,117.97,420.94,783.3,49657.59,0.00279,29,16,8,43,80.03,1
-46.944588037234794,-37.43516773397434,1.7766653404677681,6,49,9.17,97.2,103.01,891.71,0.0811,2,0,0,4,2.76,0
-50.3603106064689,-56.14114901413932,5.702898635548571,11,997,131.3,370.19,483.26,48604.85,0.01202,24,12,7,37,63.82,1
-39.2165345716524,-47.45728978795333,2.964449957495421,1,15,2.94,121.34,190.96,356.49,0.3563,2,0,0,0,2.91,0
-49.41205852052609,-58.20002497593418,2.2891702866438326,1,50,5.22,142.34,163.3,743.03,0.1587,1,1,0,1,2.98,0
-54.00229043407701,-61.544177486184935,5.175117549299387,1,1067,121.87,343.26,709.14,41832.87,0.0115,31,12,6,31,104.5,1
-59.74008017593951,-53.85091994231803,7.3170598350661535,6,666,94.98,269.59,651.11,25606.33,0.01681,21,9,8,39,57.43,1
-53.806279675617326,-47.43644346410411,2.5288298624294874,1,334,58.3,214.16,311.36,12486.01,0.01786,38,11,10,37,84.48,1
-75.35400548731546,-64.38951978148845,5.578112118294701,11,479,57.99,218.4,774.38,12665.33,0.02294,30,12,8,43,25.47,1
-55.69512306035489,-65.42251409221467,3.894131767833166,1,317,48.72,416.26,956.61,20278.86,0.01404,21,16,9,40,94.44,1
-62.09896407233664,-77.7958620570664,8.441666456357083,6,705,77.42,411.52,664.42,31860.76,0.01358,25,8,5,37,82.28,1
-48.87477285128369,-57.603642715877584,1.3527335085385366,1,99,10.0,109.16,146.16,1092.12,0.0872,2,0,0,5,3.52,0
-73.87772100038897,-42.9519623196107,7.986132438196446,11,427,55.37,313.05,487.77,17332.87,0.02576,24,11,7,29,112.54,1
-53.67649044910723,-50.97623749828551,2.24673839034119,1,64,12.86,96.09,132.34,1235.69,0.084,3,0,0,2,1.8,0
-57.08896060685143,-53.198018795037136,4.209899255927383,1,26,2.83,93.95,182.65,265.83,0.3485,2,0,0,1,0.2,0
-56.51917621720371,-36.79004352340101,3.107292224986444,11,77,9.35,89.46,196.53,836.57,0.1143,1,0,0,0,2.3,0
-43.40123942165931,-46.16324583138556,2.404652161503944,6,113,12.06,66.01,89.08,796.18,0.062,1,0,0,3,1.93,0
-59.711352807019836,-53.070108607065414,2.299787190377501,1,45,8.36,156.5,184.79,1307.95,0.1205,1,0,0,3,5.65,0
-75.51855048607307,-64.0183900886989,7.0559491373666,6,704,90.61,330.47,855.37,29944.76,0.00824,26,8,4,34,65.58,1
-53.55975523030048,-48.630029153183585,0.3944607217910159,1,33,4.57,116.52,198.14,532.98,0.2199,0,0,0,1,2.38,0
-70.09876617539899,-59.993114923840665,8.245037515141854,6,460,49.68,304.72,561.22,15139.57,0.02062,30,15,9,34,70.28,1
-48.660843926329434,-58.04926442327205,4.188485822234046,11,438,87.49,421.97,983.86,36919.4,0.00401,20,14,6,35,44.41,1
-47.9247716606228,-64.75763358235625,11.945390247800852,1,359,41.02,269.85,631.44,11069.1,0.0327,23,13,6,41,59.69,1
-62.93892250512373,-47.255694988466075,7.404837685884589,1,1256,132.69,432.1,933.44,57335.39,0.00823,26,12,6,44,57.37,1
-57.25153349169493,-50.942244273421245,2.876404571487228,6,75,11.38,108.4,200.46,1233.07,0.0544,1,0,1,1,1.48,0
-48.21573347937047,-48.406994964063585,3.037529828193944,1,60,9.26,135.06,199.28,1250.76,0.0941,0,0,0,0,0.62,0
-32.0,-51.02224265810908,5.889256033524991,1,732,96.26,340.24,543.54,32751.53,0.00696,22,14,11,33,68.13,1
-52.227674573989034,-62.566789360016664,6.633376292129186,1,234,30.39,258.55,428.12,7857.42,0.03414,22,11,9,38,77.95,1
-62.2086597500977,-43.52903139886759,9.137698700163869,1,384,47.87,349.05,641.82,16707.76,0.02716,27,10,6,33,42.61,1
-45.288353407923275,-47.831868865616755,2.371241424270331,11,62,6.56,122.58,173.42,803.69,0.1455,3,0,0,3,2.77,0
-65.65057867307493,-46.70735911314498,3.191500492744739,6,566,72.34,411.83,708.4,29789.97,0.0146,21,15,8,40,63.76,1
-56.396359343484775,-72.17195618398377,9.204087874221123,11,782,84.04,438.97,706.03,36889.1,0.01118,24,11,6,38,42.68,1
-56.39124648141815,-56.41604740113863,3.4064581208123634,1,38,7.49,105.0,152.56,785.93,0.1149,1,0,0,4,4.02,0
-51.90344131549984,-39.37393803819577,6.991114845057956,11,1010,127.72,385.25,837.99,49203.11,0.001,23,11,9,33,62.56,1
-73.0565284162319,-53.0072055833854,7.908089521416146,11,639,80.45,258.93,659.07,20830.79,0.01511,32,16,7,35,65.59,1
-53.15687579015706,-41.7141119200941,3.0714492255163437,11,52,6.39,100.64,168.44,642.81,0.173,2,0,0,1,5.17,0
-65.3930274307643,-43.83195579868086,6.366849007630704,6,856,100.48,311.3,690.78,31278.09,0.01045,17,10,6,48,49.91,1
-45.96769054057643,-48.48708260652351,3.082746440658099,1,40,4.15,102.22,160.03,424.44,0.2371,2,0,0,3,4.64,0
-58.63380434947423,-49.36921825134004,1.5629915714042442,1,25,3.54,132.59,232.56,470.0,0.2767,1,0,0,1,2.82,0
-61.57350142488447,-38.124611952317096,9.298697743923574,1,1273,136.5,280.84,1009.28,38334.23,0.00887,26,12,4,37,62.95,1
-64.13182022634037,-51.247839829958394,5.248349835520831,11,578,75.69,264.43,547.56,20015.53,0.00879,25,11,3,39,102.84,1
-61.03635311609276,-73.68454757170367,7.447533292183985,6,507,81.46,399.71,788.51,32561.82,0.01025,21,10,4,39,91.05,1
-42.27655707826013,-65.85485822434232,7.392372808276219,11,780,88.75,345.97,676.6,30703.45,0.01044,22,18,10,35,81.79,1
-56.68776999650542,-61.3907703670024,2.6700455285606357,11,33,3.87,85.08,141.71,329.24,0.2824,2,0,0,1,3.08,0
-64.07747983405392,-66.63002448267773,1.6057279958464443,6,59,8.48,140.86,188.13,1193.9,0.0984,1,0,0,1,2.57,0
-55.35458205826036,-58.10188023170155,6.622990593594991,11,1027,126.49,370.75,448.4,46895.41,0.0047,28,5,6,40,53.67,1
-52.70544541162191,-45.93531169596559,2.9598303064648266,6,49,5.23,77.01,183.58,402.87,0.2049,0,0,0,0,0.41,0
-52.2007480137236,-47.373782699441165,2.0167692920345393,6,92,9.7,110.22,219.18,1068.7,0.0712,0,0,0,2,1.55,0
-53.978248697769864,-67.19537631772275,6.476741161251307,11,646,106.66,497.69,746.35,53081.6,0.0109,23,7,14,41,101.02,1
-55.21126535677392,-53.75384874532544,9.448457813356598,1,418,48.12,493.53,1028.06,23749.31,0.02097,25,11,2,45,34.69,1
-55.10029797726943,-56.76818294965464,7.500971095393638,1,692,110.75,482.94,619.06,53486.66,0.02214,23,7,5,42,61.92,1
-59.954120040247716,-50.934872646897695,1.1197573566888368,11,81,9.21,77.79,159.81,716.82,0.1195,1,0,0,2,1.9,0
-69.9564601067009,-59.36820237483084,8.07205649206091,11,883,101.83,424.3,608.73,43207.52,0.01309,25,11,8,51,62.13,1
-35.0,-49.949854684251015,2.2225964152438373,6,101,11.57,135.3,189.31,1565.53,0.0841,2,0,0,0,6.19,0
-52.5098855382379,-57.52584444128929,4.302540230428454,11,791,123.92,229.24,551.02,28407.28,0.001,27,16,5,30,43.53,1
-59.5977696344606,-49.155516035469674,6.184530670932316,6,224,32.96,382.23,744.57,12598.31,0.03146,21,10,9,40,45.21,1
-56.25773563039382,-54.6658567131741,2.643301168647696,6,119,14.98,55.15,117.47,826.28,0.0755,1,0,0,2,4.3,0
-38.45041329343425,-65.43139904725246,8.606239455553906,11,465,58.9,252.85,927.18,14892.38,0.01983,27,16,3,37,34.49,1
-54.782383344506016,-56.869600307152645,0.7162751119054447,6,27,4.96,122.44,195.72,607.15,0.2314,1,0,0,4,2.36,0
-49.668101276244464,-55.674945671578904,3.518254898709485,6,416,57.17,439.58,869.07,25128.71,0.0283,24,21,5,40,49.37,1
-58.85971608130294,-50.855963568621924,6.193716658799887,1,856,108.28,286.57,819.32,31029.9,0.01496,26,11,9,32,80.9,1
-64.33024372367173,-77.2884859969101,7.856482520632957,6,685,92.5,392.51,692.74,36305.53,0.01476,17,11,8,48,62.26,1
-56.944628514810546,-51.8105552663117,2.1398619364229865,6,46,9.06,86.86,175.08,786.64,0.1216,1,0,0,1,1.66,0
-53.093572159347936,-58.664684687113855,5.957702147889215,11,204,30.63,175.49,548.54,5375.5,0.03048,35,15,5,39,42.3,1
-54.122505768978094,-55.54640025751677,7.679434919820812,6,276,50.2,206.26,421.74,10354.81,0.01479,36,12,6,43,59.42,1
-58.2893182094157,-49.881211381525205,8.42780635154463,1,840,109.32,385.9,523.11,42187.27,0.0126,23,10,12,42,108.31,1
-66.73187733572232,-59.14542496018268,6.131204976387083,6,533,76.03,251.04,461.17,19086.13,0.01365,21,19,2,38,83.58,1
-52.567750095845525,-52.06774508176498,2.3033716297509783,6,85,9.32,127.41,236.26,1187.09,0.1006,0,0,0,0,3.48,0
-63.243797728067676,-54.8260015674955,1.1282244422090317,11,60,10.35,46.77,106.55,483.92,0.1218,1,0,0,3,2.08,0
-59.445008958778025,-66.43434219201765,9.366625727538205,11,367,69.48,355.3,742.97,24686.87,0.01427,30,9,7,36,71.06,1
-35.87136462332273,-60.3667077754356,3.2309033747523497,6,808,106.38,424.83,677.12,45194.25,0.01276,24,15,4,39,40.59,1
-56.96065831772309,-45.65393271574315,5.477437741598473,1,1200,150.82,337.54,838.36,50906.83,0.00477,29,10,8,37,74.48,1
-66.1297636713735,-55.37250565466144,2.714880226668654,1,485,77.65,276.63,680.66,21479.63,0.01345,22,13,4,39,70.53,1
-61.39583869189145,-57.941090197481834,3.567458299906123,11,292,32.64,264.92,521.71,8646.55,0.0359,32,11,9,47,71.75,1
-51.24785908111878,-50.924969352394754,1.936899922519696,6,49,7.29,74.71,163.01,544.33,0.1125,1,0,0,0,0.55,0
-66.73325872493271,-49.55106523009445,9.474141429605304,11,897,118.07,453.5,805.85,53545.02,0.01888,18,16,5,35,56.91,1
-51.75698149488137,-53.39504644985478,8.080188578236653,11,790,92.24,340.34,641.32,31391.72,0.01425,16,10,11,32,56.84,1
-42.54880964116592,-58.268853365839526,4.320632597205721,6,42,6.73,126.47,178.72,850.59,0.1435,0,0,0,0,2.51,0
-47.36231709153104,-47.61103414117079,3.857337583999806,1,66,8.31,139.41,258.35,1158.14,0.1206,0,0,0,5,2.24,0
-63.97396675686796,-47.8166451260757,4.5359813885033455,1,426,85.19,160.95,620.79,13710.46,0.0204,23,11,4,36,88.72,1
-48.23796302040864,-54.83115788632852,2.363526288121647,6,107,13.99,110.25,155.89,1542.4,0.0789,0,0,0,1,0.93,0
-52.43998014810337,-51.78660851924552,2.7179671304464326,1,861,108.2,353.96,713.3,38299.7,0.00695,25,11,12,34,37.32,1
-56.37240977555853,-62.45671653341583,4.3294991027770235,11,708,86.08,465.95,687.63,40110.9,0.00661,25,13,11,35,50.74,1
-49.84387389739932,-58.458379689672206,10.636974199662987,11,1021,125.84,289.94,722.23,36484.69,0.01992,29,17,7,37,53.74,1
-46.58276173363094,-60.26860804920415,3.4769641504287128,6,28,4.47,102.18,153.3,456.22,0.2456,0,0,0,1,1.75,0
-46.966348677381646,-43.874197206966265,1.4061528587025616,6,39,4.69,77.73,204.53,364.47,0.2174,2,0,0,2,3.77,0
-55.490437168760735,-56.462207276279905,7.641395263711818,1,481,71.69,304.81,651.0,21851.71,0.01699,24,16,11,49,24.41,1
-48.30090831433784,-68.70127966946696,4.962899285930508,1,830,97.62,425.34,783.16,41520.58,0.01259,23,13,4,50,67.09,1
-47.93160831604023,-51.562790573029055,2.0468052660312646,11,41,4.27,91.92,176.92,392.18,0.2213,2,0,0,2,2.3,0
-40.68812303086567,-54.53609790911396,2.6458719782825995,6,52,6.22,108.72,169.15,675.99,0.1544,2,0,0,1,4.44,0
-53.307306943630465,-47.07640423001406,2.194209534348269,11,50,5.18,95.2,207.44,492.79,0.2149,0,0,0,1,2.03,0
-50.214425692925694,-50.51738461101748,2.523864421189582,1,53,8.27,143.82,160.0,1189.61,0.0841,2,0,0,3,3.12,0
-45.621403963665465,-49.64762730049755,1.103127090717214,6,23,3.51,86.18,197.92,302.49,0.2655,1,0,0,1,3.74,0
-59.74459641587015,-70.19744476700912,6.843612490037016,11,204,31.4,388.26,774.46,12190.52,0.02975,31,9,10,39,65.66,1
-75.85340667149376,-55.955291695347796,6.919689745938284,1,707,93.17,488.17,718.59,45482.55,0.01989,21,9,3,36,44.98,1
-49.35426161776149,-52.12056729025478,3.252784437364372,11,16,3.09,141.69,225.98,438.34,0.3149,0,0,0,2,2.58,0
-57.433513507211906,-37.361115972559034,4.144936027540611,6,412,41.77,416.05,854.83,17377.23,0.01029,29,9,11,39,84.14,1
-56.030309671067506,-60.690147027822285,1.8565122909168705,6,122,13.36,115.53,131.89,1543.03,0.0691,2,0,0,0,2.13,0
-48.07669091096394,-55.500560795818515,9.720987291701716,1,623,100.12,403.76,903.56,40424.26,0.00714,28,17,7,32,52.58,1
-52.65789802949235,-59.118687869155345,2.2008265208104105,6,103,17.54,104.71,184.35,1836.24,0.1092,0,0,0,0,4.35,0
-60.26416037827443,-56.4587224453267,2.279116793449141,1,93,12.38,94.04,144.82,1164.67,0.0844,0,0,0,0,2.13,0
-45.09678166476502,-40.55418417734784,2.6201609333790437,1,66,10.97,110.85,219.07,1215.54,0.075,0,0,0,1,5.15,0
-42.84459063354113,-61.61364836410597,4.455486543963788,11,87,9.01,98.72,155.6,889.19,0.1085,2,0,0,1,6.22,0
-51.83188665136364,-57.09998890179221,4.157263625336007,6,169,30.0,403.01,723.69,12090.28,0.03247,28,13,7,38,102.23,1
-59.446530028732674,-66.90911531786263,6.708812004482679,1,704,108.61,180.61,623.91,19617.19,0.01342,26,4,6,37,76.26,1
-53.0726167218075,-58.01642807289152,1.371853262907933,6,72,8.07,56.69,129.8,457.24,0.1594,1,0,0,1,2.19,0
-62.341154280221325,-51.32385279750676,2.5196500951365697,6,42,7.57,89.17,95.17,675.39,0.1184,2,0,0,1,2.74,0
-39.459867232738475,-39.4931789485568,6.0427069690782895,6,572,81.94,267.36,411.14,21907.39,0.01506,21,4,10,45,64.75,1
-62.834829829179384,-47.21833785983071,3.1067331774117264,6,95,10.82,119.91,178.18,1297.62,0.1119,2,0,0,5,2.0,0
-43.126635074372665,-45.73304863569659,2.5794960630914496,11,64,8.43,66.39,132.12,559.5,0.1135,1,0,0,2,4.36,0
-50.13954144774245,-45.307982067266714,5.3638300181722,11,767,110.58,314.94,570.29,34824.35,0.00938,25,9,8,47,73.8,1
-65.27189639402245,-58.655422801618045,2.646131640956948,6,135,13.81,107.34,150.28,1482.57,0.1006,1,0,0,0,3.55,0
-55.23764968759978,-42.39057173262744,3.045242204428457,6,27,4.09,124.96,224.43,511.53,0.257,2,0,0,3,4.86,0
-50.49259344697875,-62.91254661474351,1.1875611477994765,11,44,6.76,141.38,252.48,956.24,0.1442,1,0,0,1,2.68,0
-49.2337880002916,-59.26464146515065,1.195767734406757,1,23,2.36,40.19,167.39,94.75,0.4258,0,0,0,0,4.81,0
-47.69090298497098,-50.05089004893373,1.8371477778632945,6,45,5.44,112.2,190.43,610.39,0.1829,2,0,0,2,2.68,0
-56.39885445087806,-59.943952568380666,2.246809454605595,6,96,11.4,160.47,242.68,1828.85,0.0897,0,0,0,4,3.64,0
-50.18320764099923,-52.62871992188686,2.0153558103842935,1,23,2.73,125.2,236.12,341.39,0.3268,1,0,0,2,3.95,0
-43.88055768960858,-51.72834301210458,7.555886795080077,11,433,84.92,162.8,646.74,13825.73,0.00348,31,5,4,37,71.12,1
-61.32151332040238,-49.72673852787896,2.409927804191395,11,30,4.44,79.75,174.97,354.0,0.1995,1,0,0,2,5.08,0
-51.136007618242374,-58.14994123430549,4.6525552757647715,6,442,77.46,249.27,601.18,19307.44,0.00975,20,10,4,45,53.39,1
-65.91734063849535,-47.54554136998188,7.533294897660345,6,718,102.12,430.7,927.04,43982.9,0.001,25,9,8,37,43.12,1
-42.38939306204576,-58.280098922160654,9.028313288817051,11,811,95.43,459.19,870.67,43819.12,0.01266,23,13,7,36,70.27,1
-45.60765813685199,-53.64235293392003,8.066364405850512,6,877,95.57,590.07,924.33,56393.46,0.00946,18,15,7,35,70.17,1
-59.31944336736639,-58.22713064899413,3.7337341475298857,1,827,100.34,335.59,671.12,33672.83,0.01743,34,9,9,44,76.62,1
-52.69472566448115,-52.51066897456836,1.8587947470321646,1,371,52.97,419.02,746.55,22196.3,0.01617,18,10,7,41,51.51,1
-66.11157955864925,-63.71605478083059,8.54797894766828,11,962,130.93,291.5,640.89,38164.48,0.00438,23,11,5,40,95.82,1
-65.21262325455838,-62.96511421518089,3.08499005314905,11,419,68.87,332.64,734.09,22910.42,0.01606,33,18,12,35,76.04,1
-49.85664252589396,-50.1997832553842,8.465541560848367,6,562,93.7,309.64,778.58,29013.2,0.01453,25,11,9,29,79.9,1
-58.83911446264022,-48.63768376530728,7.253147959150839,11,260,38.32,154.37,250.0,5915.14,0.03019,30,4,10,40,57.58,1
-51.998109271382745,-54.263414044577644,2.061150660053383,11,8,1.0,113.26,217.54,113.26,1.0,0,0,0,4,1.67,0
-64.16898808666413,-46.6633784936202,6.370507816667963,1,835,94.67,334.24,853.26,31641.98,0.00696,28,14,5,19,65.06,1
-58.18397609261345,-53.96841774055359,3.918906048695304,1,81,8.81,85.73,129.3,754.97,0.1202,1,0,0,2,0.9,0
-70.47690145841474,-48.18378667963617,3.806422922076098,1,794,99.23,497.73,758.25,49391.71,0.01073,26,14,3,47,48.46,1
-58.788726442832775,-53.88365472848711,0.6521298801945832,6,26,4.78,181.71,255.11,869.45,0.2016,0,0,0,1,5.02,0
-50.354160397938344,-51.414440434889116,2.2263849452953757,6,72,9.3,118.65,209.74,1103.8,0.0569,0,0,0,1,0.94,0
-72.03794171849135,-47.97583511006621,6.490961335116497,1,1203,124.81,343.37,812.41,42856.25,0.00985,31,16,4,33,67.16,1
-48.47444798733162,-48.86272199849437,4.29072273868117,1,52,6.91,90.33,147.75,624.1,0.1629,1,0,0,1,3.7,0
-61.0040231411261,-49.2571663672707,7.685825368197796,11,548,72.58,381.03,599.39,27653.67,0.02113,20,19,6,38,47.23,1
-59.52701866154962,-38.54897319993408,2.4001546261285633,11,85,8.95,103.57,166.61,926.61,0.1275,1,0,0,0,3.25,0
-50.20455615089522,-70.43818162492781,3.143992678531235,6,56,6.95,75.1,128.49,522.2,0.1303,2,0,0,1,5.04,0
-38.564261655113434,-54.19980018614092,5.00772461551088,11,465,83.51,478.25,848.09,39938.27,0.02541,30,8,9,50,74.87,1
-56.60118756823332,-56.88838249663039,1.5,11,562,72.2,345.47,718.79,24944.12,0.01244,17,7,4,37,76.08,1
-72.7438580762569,-63.91436778287385,4.542288629822009,1,517,68.74,120.0,444.42,8248.59,0.0127,30,13,8,34,58.6,1
-45.4373395477517,-47.7217146087728,1.328554813973731,11,34,6.38,96.12,161.97,613.62,0.1595,2,0,0,4,3.44,0
-48.10368334025712,-49.66868991232471,1.0482945862346014,11,85,9.07,143.96,243.53,1305.82,0.0781,2,0,0,1,1.53,0
-65.3658481192855,-62.49618039392943,7.203360993330267,6,514,52.57,214.43,412.47,11273.19,0.02177,18,9,12,30,62.87,1
-57.533741148060436,-57.234310649762755,2.6020906248880817,11,35,5.82,142.37,120.32,829.14,0.1645,3,0,0,2,3.24,0
-56.49415073108575,-70.2736287736149,2.4240391195478734,11,560,71.49,290.95,548.47,20800.62,0.00951,29,17,4,39,48.87,1
-61.6348504152792,-53.629216988051816,7.33489866155264,1,821,86.58,415.56,557.37,35979.12,0.00585,26,13,3,42,41.47,1
-71.04355195346254,-58.91545362042418,4.188000076013551,1,788,118.9,344.65,538.0,40980.26,0.00653,22,7,8,43,46.3,1
-64.73738562478046,-65.27036486460835,11.351921140706724,1,407,78.07,150.16,482.52,11722.15,0.00935,28,16,8,43,57.61,1
-60.728181186470096,-58.03966542486887,3.3361781757416646,11,1314,155.6,207.72,854.2,32322.39,0.001,26,12,7,39,59.96,1
-45.87960300087529,-60.6326507634412,3.162145281490603,1,68,7.83,86.42,142.92,676.64,0.1567,2,0,0,1,3.04,0
-47.359438696439426,-65.7713697299977,9.248864775631736,6,669,118.16,499.83,880.21,59058.38,0.001,25,13,12,44,66.99,1
-64.06596843781648,-66.58580614128782,9.625311804390488,6,876,100.56,299.21,678.18,30090.02,0.02096,20,13,2,40,93.81,1
-52.01614998287251,-47.268641913411365,5.733203163212205,1,371,53.02,372.69,725.61,19760.79,0.02435,28,13,8,38,75.61,1
-53.34533713444651,-55.84800665142684,6.687677512386623,1,633,107.54,543.82,663.55,58480.64,0.0144,16,7,8,36,40.93,1
-60.654811822195256,-62.32598801195003,7.854909816437463,11,656,82.57,304.12,729.59,25110.05,0.01881,29,13,5,49,80.4,1
-50.4503732221664,-53.55235831832462,2.1672433016701254,11,79,12.09,128.49,147.17,1553.45,0.0772,2,0,0,2,2.26,0
-47.785288250524694,-72.42484715038023,6.244190248012223,11,1010,115.04,244.63,719.51,28142.09,0.00331,28,11,5,49,77.01,1
-56.506768097807516,-49.26878365217715,3.790891452639408,1,8,1.46,107.9,173.29,157.47,0.7071,0,0,0,1,1.76,0
-60.57012387029583,-56.31451287333077,2.319549972872834,11,94,11.56,144.45,219.69,1670.23,0.1027,2,0,0,1,2.51,0
-49.733967730946546,-56.01152714468494,3.2952302186437135,1,26,4.67,64.01,122.58,298.73,0.1889,2,0,0,0,1.37,0
-57.98489346635867,-63.87199400133614,3.8360485972587,6,117,13.58,106.77,187.7,1449.83,0.091,2,0,0,0,0.78,0
-50.00578277990223,-42.850031367679776,3.7044403717446444,11,602,96.68,400.94,792.9,38760.79,0.01723,25,14,6,41,54.52,1
-48.60017728566639,-57.22224204574649,1.9765533575198457,11,49,7.62,118.7,214.91,905.06,0.1303,3,0,0,0,1.94,0
-60.01091147059757,-50.62220774435977,6.306494116663392,1,587,72.68,253.75,524.14,18442.02,0.00973,20,10,6,35,33.49,1
-61.507843764011525,-50.86773421953269,1.8562443861676932,1,75,9.1,104.89,176.34,954.1,0.1039,0,0,0,0,3.8,0
-48.1469654234565,-68.43286862166,1.4963105963668923,6,59,8.56,160.9,180.0,1376.64,0.1356,3,0,0,1,4.94,0
-41.02255487055318,-67.7450006650085,3.5993517422876558,11,57,6.67,65.85,138.62,439.35,0.1451,0,0,0,2,2.38,0
-42.29105089063813,-49.677029325301824,0.2,11,104,12.38,117.03,187.06,1449.23,0.067,2,0,1,1,0.46,0
-59.9682870887266,-42.25847693216268,3.144514088682196,1,43,6.08,91.15,80.0,554.49,0.1697,1,0,1,1,3.18,0
-50.33863327344307,-55.48791089179123,3.248002262735898,6,55,9.74,119.57,183.25,1164.48,0.1216,2,0,0,2,3.58,0
-45.42405704741273,-52.08600402707147,2.2619882771201207,6,87,10.59,100.87,111.72,1068.33,0.0825,3,0,0,1,1.35,0
-73.5462668519261,-50.36312625267878,6.4375629362920215,11,1180,122.89,214.37,681.14,26342.7,0.01004,31,10,6,38,73.96,1
-46.63671223204801,-51.299439472764604,4.661941781188503,11,56,6.2,126.68,190.35,785.49,0.1769,2,1,0,1,2.66,0
-38.74811154079739,-61.63186001744064,4.843546976493577,1,391,71.26,207.22,596.32,14766.72,0.01366,25,15,7,36,47.29,1
-52.44709409587145,-55.062747202170875,1.792476703996054,6,90,9.41,109.16,208.25,1027.56,0.1157,4,0,0,4,1.54,0
-68.91488403007921,-58.59489735310575,7.7955981590374765,6,1217,144.09,239.52,664.97,34511.42,0.001,24,10,3,35,55.08,1
-42.14085809027551,-53.669905358269965,1.5523229971576231,1,63,11.58,155.14,290.74,1796.6,0.105,2,0,0,1,1.33,0
-51.572896012100564,-58.03063833307226,3.4973845837063675,11,77,9.31,124.99,174.73,1164.01,0.106,0,0,0,1,2.94,0
-53.7277665685811,-64.0882868856005,2.8793391662842396,11,52,5.99,116.59,204.24,697.96,0.1934,0,0,0,3,0.89,0
-48.34009367475679,-44.54301769679056,1.9663657508406505,6,77,8.67,85.9,178.47,744.84,0.1379,1,0,0,1,4.84,0
-46.69152877149154,-58.34725758718525,2.2377531414630534,6,51,5.15,125.24,135.93,644.99,0.1815,2,0,0,0,2.82,0
-55.56984023433979,-45.84144591671669,2.83654422427598,11,116,12.31,151.17,132.37,1860.29,0.0888,2,0,0,0,3.59,0
-42.05980457549027,-45.222514874635245,2.2890377206293184,1,43,8.04,153.41,259.86,1233.98,0.1006,3,0,0,0,4.37,0
-57.503325640594106,-65.12572418338914,7.396261421722409,6,840,87.13,140.38,558.87,12230.7,0.00958,23,7,8,33,65.95,1
-48.66906242387593,-44.45008673547286,4.654767939981626,1,857,109.92,224.26,445.89,24651.08,0.00747,30,16,10,45,43.03,1
-61.922066283104826,-55.21065430781652,8.627049187011984,11,546,105.25,276.62,713.12,29113.3,0.01417,19,12,4,31,78.2,1
-50.8034314021019,-43.946906231360686,1.170548185337592,6,84,9.84,152.34,209.77,1499.37,0.1053,0,0,0,4,1.95,0
-47.47548332892045,-67.85377010517534,6.706909468367295,11,650,101.72,194.4,853.31,19774.41,0.01746,27,19,4,39,62.89,1
-63.09922362220179,-58.26010110170389,3.108396191459123,1,46,7.43,107.91,187.11,801.31,0.1649,1,0,0,0,2.44,0
-53.32120949107859,-48.452482347710365,2.333401692350382,6,71,9.96,69.49,127.32,692.37,0.1081,0,0,0,3,2.96,0
-74.61988343208218,-76.00973925673856,8.176490080576915,11,579,93.52,225.62,715.25,21101.47,0.00691,25,13,5,30,47.31,1
-41.79280434764623,-52.81316690676189,2.722899163003838,6,34,6.12,133.16,220.08,814.55,0.1635,1,0,0,2,3.41,0
-54.24168519611003,-54.97495152287217,2.334344187375851,1,71,8.54,151.51,201.89,1293.34,0.1197,4,0,0,1,3.53,0
-67.32660109450774,-51.14319277786496,7.865627657152688,11,544,87.12,198.45,592.15,17290.04,0.0061,16,9,8,49,75.78,1
-43.75084404777168,-48.135109977088106,1.9792682086017164,1,28,2.95,98.24,157.96,289.94,0.3047,1,0,0,2,1.58,0
-56.72742367173062,-66.99790745981288,5.297282938247776,1,466,75.28,219.29,721.5,16507.77,0.01419,34,12,10,40,94.38,1
-48.313113705267966,-52.55225523172618,3.01478423696241,11,80,8.82,77.67,113.5,684.85,0.085,5,0,0,1,2.51,0
-45.43836123156247,-50.559570924147515,2.164960977264682,6,43,6.73,104.78,195.15,705.21,0.1211,1,0,0,3,3.89,0
-51.93313399620207,-63.33638552724352,2.0816149303840765,6,27,3.15,194.38,216.41,612.88,0.3501,4,0,0,4,1.15,0
-69.41897032275837,-71.37391318230522,6.535443956146773,1,665,76.89,217.6,436.15,16731.34,0.01818,25,7,7,47,61.16,1
-39.79464692895904,-54.09030610637393,3.063398837662747,6,50,9.44,134.28,232.1,1267.62,0.0838,2,0,0,0,2.0,0
-64.76719579159493,-61.82386784619559,7.4942566082911615,6,827,89.93,207.48,479.55,18657.71,0.01554,16,13,5,46,112.69,1
-50.840714948371435,-53.339738332323904,1.659376292835855,1,56,7.56,68.09,162.21,514.59,0.1437,2,0,0,2,3.7,0
-49.75267793584615,-44.86998076984638,1.0398664701482194,6,24,3.39,127.66,227.92,433.16,0.3058,2,0,0,1,2.4,0
-68.78106766245526,-68.29419449737067,4.215879033936099,1,846,89.24,302.34,795.04,26981.92,0.01716,31,6,12,37,48.81,1
-57.961058306347795,-60.17990499829609,2.889527186243045,6,715,79.54,413.6,867.41,32897.15,0.00796,27,11,6,36,52.9,1
-62.08776519533412,-52.0080518701268,8.7493089078231,6,464,57.91,399.96,1035.12,23160.84,0.0224,20,9,7,59,52.23,1
-55.108850180558605,-48.8608033163815,3.383784961261961,6,73,11.75,40.0,134.42,469.96,0.0981,2,1,0,1,4.66,0
-65.97034055640513,-59.431323310888985,4.222264279782093,1,839,138.11,324.35,601.05,44796.75,0.01195,21,15,7,24,43.7,1
-51.80636727154053,-49.58925237321747,7.535076794693127,11,962,108.82,226.57,663.73,24655.59,0.01165,28,14,5,32,64.62,1
-58.22862792543887,-63.116786890389676,1.1556051967166947,6,54,6.0,117.11,187.0,703.06,0.1678,1,0,0,2,1.5,0
-67.17933588012447,-64.47096183947313,7.876694774136681,11,908,101.68,483.27,912.07,49139.1,0.00629,32,10,11,32,38.82,1
-48.99724226210961,-47.64805562112025,2.4369949841632232,11,18,1.85,117.1,173.54,216.58,0.5071,2,0,0,1,2.81,0
-45.79221569840558,-52.303342215127834,1.8692282948087766,11,7,1.22,92.48,154.92,112.71,0.8156,0,0,0,2,2.28,0
-55.4308753773061,-54.15089517501048,10.682082872913696,11,578,103.6,370.66,543.83,38399.74,0.00778,23,12,10,31,51.83,1
-37.46302071898683,-48.14708228620442,1.3469846180673697,6,68,10.57,131.89,194.29,1394.61,0.0922,1,0,0,3,6.15,0
-58.30600623123354,-63.870678467195305,6.733380988013268,11,624,94.46,256.1,557.16,24190.03,0.00802,24,18,8,35,68.31,1
-61.331991796945005,-51.29200393683972,8.784216720976197,6,410,53.37,126.99,654.53,6776.86,0.02319,32,13,8,35,55.44,1
-65.07991033070562,-38.677264603853764,8.779810097480073,6,966,125.36,330.35,799.14,41411.84,0.00955,32,15,6,36,57.8,1
-44.540203776959665,-58.26347064753679,0.41539424734593355,11,103,10.51,139.21,228.11,1463.75,0.0971,1,0,0,0,0.95,0
-63.617177868284834,-56.44197619503227,2.1515139219731036,6,105,10.99,187.18,234.75,2056.52,0.0662,2,1,0,2,4.36,0
-61.84843441661737,-53.98138805535269,9.532957690949683,6,653,101.54,388.3,540.13,39428.56,0.01195,25,8,6,36,116.95,1
-52.47785835838011,-57.41146303210751,9.234259514959728,11,313,35.2,461.59,460.6,16248.79,0.0319,29,14,6,36,15.0,1
-49.22077878394214,-60.92482716028455,4.235073962514275,1,57,9.92,142.54,303.66,1413.81,0.085,2,0,0,2,1.56,0
-49.53597932243658,-56.94579524930562,3.149877973492567,1,47,5.52,129.8,197.02,716.67,0.1486,0,0,0,2,1.06,0
-51.96369485938686,-57.92510667909217,2.594511493367573,6,59,9.86,58.66,113.43,578.29,0.0604,2,0,0,3,4.31,0
-53.4625960086602,-68.64898411485312,7.309536022636966,11,462,85.09,287.84,683.03,24491.66,0.01653,31,15,7,40,81.7,1
-49.61691689548918,-46.685886078083605,3.0469595150160385,11,34,5.29,89.11,167.21,471.52,0.1703,0,0,0,0,5.04,0
-45.89355924026762,-58.303983395398895,4.313736070314719,11,94,16.72,95.25,80.0,1592.08,0.0841,0,0,0,1,2.61,0
-60.34316917659312,-50.748148561077954,4.994022816381907,11,40,4.78,139.42,165.97,665.83,0.213,0,0,0,1,4.41,0
-60.42500730845297,-43.85601476917728,3.535435761238798,11,549,58.0,254.07,596.47,14735.8,0.00645,25,18,12,37,35.13,1
-54.949360922519894,-43.689642237708156,4.121924127955231,11,57,11.2,87.44,184.04,979.42,0.081,4,0,0,2,3.36,0
-55.13506488243522,-45.17878819929662,1.1572460507174895,11,54,6.77,99.81,139.58,675.62,0.1238,2,0,0,0,4.11,0
-54.12058673468522,-61.271291407277914,9.824711673840923,1,939,107.14,208.47,326.63,22336.15,0.00945,32,12,11,47,54.82,1
-64.39843386874304,-55.2322713792944,3.6467446054496966,11,64,10.23,184.82,304.96,1889.96,0.1064,1,0,0,4,4.11,0
-80.76149272684103,-56.045323899361584,4.884949796168227,11,559,87.14,257.35,721.92,22426.26,0.00748,29,10,11,47,72.95,1
-54.22115966881629,-60.1807199480083,5.619620157610664,11,494,87.6,285.62,791.25,25019.78,0.00998,28,13,9,47,109.13,1
-60.95477780522687,-54.31503264766973,2.84062202849121,6,101,10.78,69.5,172.32,749.52,0.1012,2,0,0,4,5.27,0
-39.85392707678375,-45.509222193746346,11.01314455161231,1,689,102.01,226.01,634.46,23054.18,0.00221,24,11,10,35,63.39,1
-50.69763009443468,-51.58024846353175,0.7401897364635075,11,116,11.74,111.61,167.09,1310.76,0.0897,3,0,0,0,2.77,0
-57.973802294624946,-54.40531991150639,6.619518299383454,6,391,60.91,437.69,783.05,26658.61,0.01637,29,11,6,38,111.67,1
-46.25228762062457,-58.68373844438665,6.82916101102265,1,394,46.04,285.05,725.77,13123.87,0.02254,27,17,10,37,57.77,1
-47.697907933768796,-56.54620596401562,9.562859691170535,11,403,78.58,192.21,493.93,15104.27,0.01477,20,14,3,37,61.84,1
-49.87866201947098,-49.017182557683434,2.1996820268389277,11,77,10.22,114.15,180.68,1166.58,0.0982,0,0,0,2,2.46,0
-62.8448002344097,-53.03115279392198,1.963261939656697,6,83,8.83,63.16,160.36,557.66,0.1332,1,0,0,0,2.94,0
-48.17944368105033,-52.02213415389035,2.26231636159472,1,60,6.04,137.44,179.12,829.79,0.1198,2,0,0,2,1.12,0
-63.15022308746537,-58.18102344611438,6.033281772241578,11,451,74.44,291.69,546.53,21713.81,0.0071,19,15,5,47,52.57,1
-58.92275275913835,-58.184034618115724,5.623108751146831,11,741,95.79,397.04,884.78,38030.7,0.00869,22,11,8,38,107.86,1
-52.27250440339388,-45.64147833509059,3.63138676195831,6,67,9.06,135.26,130.37,1224.85,0.1071,2,0,0,1,2.1,0
-55.07624459342823,-46.76500898714168,3.0181848827845017,11,93,13.19,122.49,146.19,1615.29,0.0729,4,0,0,3,2.04,0
-44.12817288755964,-52.013688781787984,5.960437551583,1,722,115.47,262.8,425.99,30347.18,0.00909,25,14,5,43,65.36,1
-51.29881253404568,-62.026354509030725,3.592871618092712,1,24,4.79,75.14,129.67,359.99,0.1512,1,0,0,2,1.34,0
-65.52812314658428,-57.73897488145818,0.8537663110300195,6,40,4.05,73.5,95.98,297.65,0.2478,0,0,0,1,6.37,0
-50.69915795736759,-62.49110817690114,2.741139692000022,6,40,4.49,136.79,267.46,613.52,0.2181,1,0,0,2,1.28,0
-63.49696850375684,-54.30104598545749,7.406216401056234,1,696,81.58,376.3,834.32,30700.48,0.02265,29,11,5,38,46.32,1
-69.0290069085578,-68.18476125318608,5.526049237902256,6,713,101.37,168.4,730.7,17071.71,0.00475,21,13,8,47,37.63,1
-59.48657729954955,-59.46781618397082,10.394736238412618,11,308,34.77,432.99,883.6,15054.82,0.03034,28,10,10,40,64.43,1
-39.37215672503429,-63.005960507637326,8.650874322297296,6,700,103.92,351.1,436.9,36485.88,0.01373,22,10,4,47,81.18,1
-57.24880562135932,-50.07823584914283,8.691554873056935,11,443,86.81,120.0,407.51,10417.02,0.01057,24,8,10,48,63.51,1
-62.83634861846742,-46.76299247339975,6.614897331438355,11,866,88.92,404.3,842.63,35949.9,0.001,30,9,9,32,17.4,1
-52.06834114393229,-78.30986133457994,5.848653640307764,1,538,80.77,558.09,835.72,45075.7,0.00853,26,9,3,46,83.04,1
-55.76809366721655,-52.15176559338971,2.0464484226943833,1,65,11.34,83.86,161.38,951.33,0.073,0,0,0,1,4.59,0
-57.71906055519456,-42.842180800081366,3.288845713152274,11,21,2.7,109.03,152.83,294.06,0.3592,1,0,0,0,1.86,0
-46.61596748623235,-56.69640346958377,2.062426693015871,11,33,3.31,110.34,141.5,365.17,0.3075,0,0,0,1,3.38,0
-66.12271397808985,-67.38944306365028,7.3230781532130536,11,779,119.19,378.73,848.71,45140.04,0.01006,25,17,12,46,75.27,1
-38.905893515646696,-47.821472638783135,7.241552170475276,11,644,66.43,484.93,922.72,32212.46,0.00895,26,16,7,41,42.12,1
-59.135514505302844,-60.928306068773416,4.438592003620203,11,941,111.22,338.32,704.11,37627.76,0.01743,27,14,9,47,68.03,1
-67.34778127708698,-60.12496124546662,3.2900847103405724,1,523,89.81,208.78,342.14,18750.32,0.01174,19,12,9,46,90.9,1
-52.65884745197473,-55.880553498877426,1.1327871086980017,6,66,6.76,109.4,114.4,740.08,0.1293,1,0,0,1,5.02,0
-50.39377744879099,-51.10763094447836,2.8621249759426974,11,38,6.91,126.51,231.61,874.26,0.1733,1,0,0,1,4.47,0
-62.90141018934278,-78.80977756648016,8.933925840677672,1,469,68.66,167.14,466.65,11474.88,0.01526,22,9,7,40,77.79,1
-49.3281662586427,-54.455501839661096,2.8509129698101026,11,98,10.89,71.93,94.75,783.21,0.0816,1,0,0,1,2.97,0
-60.31205756335228,-50.00095825863842,1.5,6,822,95.11,151.35,289.81,14394.92,0.00695,28,9,9,47,90.34,1
-36.52569598253618,-71.35092548512026,3.2115166266797477,1,310,35.02,264.42,634.55,9261.26,0.0248,25,7,3,31,90.52,1
-55.10782420622899,-72.1370354159689,7.614223094234966,1,693,79.69,120.0,355.56,9562.39,0.0168,30,11,7,38,71.74,1
-47.72480490942664,-55.721190727323496,1.627440890918435,11,57,6.98,133.1,199.51,929.3,0.1423,3,0,0,1,1.18,0
-52.42064573428592,-55.06264509344368,1.6170280938860255,1,44,5.93,90.19,158.42,535.27,0.1488,2,0,0,3,4.05,0
-62.6098434505943,-39.362558213780005,2.3187801736945204,6,54,9.56,128.57,279.21,1229.61,0.0787,3,0,0,1,1.46,0
-52.5143506311328,-49.351847844820306,3.0118959120492432,6,22,3.2,49.76,80.0,159.05,0.3368,0,0,0,0,1.1,0
-69.5183530123756,-45.48799367746035,6.015301496713582,1,693,72.62,431.02,947.88,31301.46,0.00712,29,15,7,40,48.5,1
-68.86331517560814,-64.05338983920619,10.587432830009174,6,612,90.02,502.34,913.93,45221.83,0.01246,16,9,8,40,42.39,1
-56.55321767794315,-50.20854040236827,5.563508349192809,1,671,94.97,451.29,1064.28,42857.49,0.00484,19,11,7,46,61.24,1
-46.28894151100389,-66.10284850680476,4.850670639072389,6,909,120.82,395.34,827.25,47765.47,0.00948,22,11,8,38,70.39,1
-35.0,-51.33891653331185,3.9933015621257555,11,65,6.62,170.33,259.12,1128.16,0.134,0,0,0,1,4.41,0
-51.78205602938516,-47.40582684464734,3.5987676223629723,6,101,11.83,84.41,155.86,998.67,0.0695,2,0,0,3,1.44,0
-35.0,-50.089131599220515,2.6554642443691434,11,43,8.49,85.5,169.96,725.77,0.0721,0,1,0,3,4.95,0
-61.47665263682801,-46.051383440094924,2.4824717517178225,1,58,10.73,108.88,185.41,1167.85,0.084,1,0,0,4,0.84,0
-32.0,-55.4012228317816,11.881424567852468,6,261,41.73,420.33,516.47,17540.63,0.02876,22,15,8,34,46.29,1
-59.07869937427796,-50.98779387030641,8.642587398761153,11,784,89.25,270.46,804.07,24138.42,0.01539,18,12,7,32,54.16,1
-55.26752431630464,-55.57421965248044,3.631357152253318,11,63,10.39,93.99,140.98,976.35,0.1109,2,0,0,0,3.81,0
-64.90884315817267,-54.13966885935584,3.2587280206543343,6,30,4.75,167.69,242.17,795.99,0.2246,1,0,0,0,5.0,0
-62.08931639006887,-64.82693130997698,8.733866078076911,1,637,90.22,441.58,985.74,39840.32,0.01335,24,9,10,33,55.95,1
-56.08720857364553,-59.19406235509007,2.6262811372375694,1,96,10.53,74.17,148.9,780.66,0.0949,2,0,0,2,2.97,0
-58.08238866042192,-49.36611853130478,4.054627160441985,6,389,61.27,420.46,676.48,25760.78,0.01466,25,11,4,35,41.28,1
-60.198614668176376,-63.23718254450753,7.6262304437381125,11,476,54.53,267.87,499.23,14606.75,0.02871,31,16,3,37,60.91,1
-70.02481514404029,-57.16036321951072,3.505227350275784,1,634,102.68,337.86,622.48,34691.01,0.01513,26,14,10,36,65.19,1
-64.26728812476934,-53.02876681392678,4.0698610561568005,1,477,64.42,350.09,823.72,22551.42,0.01523,22,12,3,56,97.22,1
-61.981620695678686,-61.118282246369795,9.12889326868791,1,1227,126.61,232.58,665.86,29447.85,0.01119,30,11,5,47,44.25,1
-46.82258156509406,-48.36684876865414,2.9109711090300117,6,39,5.44,113.97,213.35,620.1,0.1531,1,0,0,1,3.91,0
-46.425186046335966,-46.39601817128455,5.854990702303457,1,691,74.08,324.37,666.6,24027.61,0.00935,30,4,6,40,83.35,1
-62.3187280761424,-49.712317296298075,3.3374045848024285,1,445,79.43,263.14,496.63,20900.05,0.02148,26,10,9,43,49.08,1
-52.99427725763058,-54.36341123706582,3.301357236355549,1,63,7.34,128.33,193.69,941.32,0.1412,1,0,0,1,3.03,0
-49.60597579805285,-55.65310544887215,3.4265600692170586,6,52,10.33,128.86,189.23,1331.42,0.1199,1,0,0,2,2.33,0
-61.43912001893583,-49.81410171784431,3.5878045542987684,11,1134,121.94,345.63,681.4,42146.41,0.01342,12,6,5,54,95.1,1
-55.57584191337111,-44.92397314168476,2.9214507405553376,1,32,3.76,126.29,199.04,475.05,0.2438,0,0,0,0,5.08,0
-62.705755802507426,-56.95382342913375,5.555694834506758,1,534,89.99,438.14,828.72,39429.68,0.01383,33,11,9,34,46.08,1
-51.91240368404929,-47.706771689776005,2.4698151428541473,11,54,7.5,113.03,199.7,847.88,0.1289,1,1,0,1,4.48,0
-45.19767857409936,-65.48729389625763,4.541515021998443,11,685,95.65,373.85,765.0,35757.82,0.01108,26,15,12,34,48.93,1
-63.433228568458645,-45.5925526890141,4.738967444931483,6,209,40.76,551.83,558.27,22491.41,0.02525,28,13,5,30,63.23,1
-56.82541676552139,-51.091918398059555,1.7128823647928941,1,47,5.3,92.44,176.43,489.68,0.1714,1,0,0,4,4.2,0
-65.29847520519337,-47.882712392431245,6.605848265604663,6,899,99.76,353.48,824.88,35264.9,0.02057,26,11,9,35,46.61,1
-55.31856331356453,-53.113665608842304,1.4961374163824852,6,9,1.26,100.85,197.65,126.89,0.7946,1,0,0,0,5.2,0
-43.18205902983716,-45.652991391226564,4.633160518003324,6,74,10.23,102.17,114.94,1045.21,0.1114,0,0,0,3,2.1,0
-49.79469874718681,-51.96806196023736,1.05753314915434,11,46,6.25,83.5,101.65,521.51,0.1758,1,0,0,1,5.85,0
-57.69918987390279,-58.74484310898616,2.1817935278674154,6,29,5.64,118.84,106.69,670.28,0.1831,0,1,0,0,1.62,0
-58.40282990358812,-47.087084742687324,6.101517179051531,6,714,95.95,425.55,672.82,40829.19,0.01249,23,6,6,38,75.74,1
-56.12916932087664,-37.313183478442554,3.1062302058843456,1,76,10.49,89.67,166.08,940.45,0.0899,1,0,0,0,2.17,0
-64.88725317104992,-63.92725497760807,2.0602041505105926,6,62,10.07,105.31,259.21,1060.48,0.0939,3,0,0,3,3.52,0
-55.23149542044661,-48.33921697721734,4.1803071059783345,1,67,8.61,126.27,145.01,1086.94,0.1191,2,1,0,4,1.14,0
-62.34045574422722,-60.110775556379856,2.049561362174147,11,99,10.57,91.51,175.26,967.34,0.0948,1,0,0,1,2.7,0
-59.703957331211065,-58.59677132068302,3.3117590984793583,1,82,9.45,58.72,107.36,554.71,0.1462,2,0,0,2,1.51,0
-55.6709042507973,-55.862484551597504,3.2342234990261365,6,69,8.81,141.31,226.01,1245.11,0.0899,2,0,0,0,4.35,0
-59.31091541815903,-43.13914821281075,1.258262187848633,11,49,5.77,149.68,244.35,864.14,0.1542,1,0,0,4,3.48,0
-62.25172657819512,-60.72776558221662,2.5571276134535608,6,56,9.06,117.3,202.35,1062.51,0.0972,1,0,0,2,2.92,0
-50.86836329534312,-58.92751368655795,1.2869644148012926,1,41,8.0,141.37,204.98,1130.36,0.1523,2,0,0,1,4.21,0
-62.817099618701306,-53.0686208009178,3.211150156934524,11,82,9.04,102.92,165.72,930.76,0.1115,1,0,0,1,2.17,0
-51.538116886572276,-48.543582978631655,3.072415582563194,6,84,9.81,139.37,187.56,1366.89,0.1131,0,0,0,2,4.53,0
-47.77882240518945,-56.87121732042405,7.103735099885019,6,932,126.78,453.62,569.89,57508.09,0.00497,25,8,8,37,71.64,1
-45.78712455458319,-59.08090929682079,3.670998613556639,11,502,90.26,279.17,273.23,25197.77,0.00479,24,17,5,45,70.71,1
-64.16195350343477,-57.08698928633103,4.1743592401868215,6,55,10.32,129.16,151.42,1333.41,0.1028,0,0,0,1,1.42,0
-32.0,-71.25059602131684,2.558674963314046,1,570,68.47,287.63,602.21,19693.28,0.01564,27,19,7,37,54.72,1
-61.36008233254503,-52.380901010975606,3.099101489832622,11,693,117.14,314.79,683.54,36872.89,0.01692,27,16,10,39,93.27,1
-53.49876707377263,-51.912886871081795,5.432894936026033,1,896,163.94,308.95,576.37,50648.34,0.00894,24,11,4,37,37.91,1
-53.87397578933232,-49.67117846015093,1.531047044325802,1,102,10.9,121.74,193.33,1327.25,0.0691,4,0,0,1,1.47,0
-65.86723410264695,-51.69052945649995,6.500489088300977,6,784,79.44,340.13,705.93,27019.53,0.02082,27,16,5,34,55.29,1
-48.62329633867283,-45.29736513126381,1.5341876808158146,1,32,5.61,61.43,134.89,344.57,0.1774,0,0,0,2,1.03,0
-59.168274345983605,-58.767580189085976,4.39188003685945,11,700,87.84,499.81,658.07,43904.16,0.01262,20,5,5,48,80.8,1
-44.66379295667923,-47.4343268447133,1.050758519348684,1,68,7.07,120.37,195.99,851.26,0.1191,1,0,0,7,4.86,0
-51.484403835054636,-51.83046777093973,2.1574791513006124,11,52,7.65,96.07,181.18,734.86,0.1477,3,0,0,3,3.04,0
-43.958803551240806,-52.15857972844419,2.747556984688794,6,41,6.12,124.88,200.21,763.76,0.1682,1,0,0,3,2.01,0
-52.56947559598607,-45.54817757477611,5.596483189126836,11,489,91.81,515.89,1097.54,47365.14,0.00794,27,11,10,45,89.94,1
-52.294853832692255,-62.838050269572136,8.738471367687772,11,295,30.0,494.85,598.06,14845.51,0.0384,23,13,11,27,84.35,1
-67.83635081032912,-62.609941317329266,4.1557812023821565,1,557,68.24,240.15,466.77,16386.48,0.01665,24,12,2,29,56.21,1
-52.70797156853764,-48.61648810473885,7.6966845442874945,11,669,72.0,470.45,889.26,33872.2,0.00922,21,12,5,41,59.4,1
-56.365217567405516,-59.06673860620523,1.029784377902521,11,60,7.33,109.49,199.05,802.92,0.1419,0,0,0,2,3.93,0
-53.022798221161814,-54.47005667403437,1.1200193340963043,6,111,13.16,127.66,145.79,1679.53,0.0792,2,0,0,1,3.38,0
-44.30571204350282,-45.887132540759545,2.689836394352477,11,122,12.94,113.07,232.33,1463.43,0.0371,2,0,0,0,3.46,0
-62.039555452203224,-45.9616571342815,1.7429704341495336,1,46,7.3,109.49,180.07,799.66,0.134,1,0,0,2,3.07,0
-53.475032853537336,-57.04291097397351,3.559118660208185,6,16,1.65,110.35,145.32,182.08,0.5955,1,0,0,1,3.59,0
-68.21669392898826,-65.53360840927255,6.180919190665169,1,772,89.95,307.53,1009.63,27663.74,0.01234,30,13,5,41,41.53,1
-52.84059671548121,-61.05024032399108,1.5474633337043144,6,9,1.0,105.76,201.42,105.76,0.9574,2,0,0,2,3.36,0
-50.86932743492307,-50.592122873771444,2.663070207932701,1,6,1.0,67.86,94.87,67.86,0.9983,0,0,0,2,3.77,0
-77.4789295050752,-53.377516942018474,6.214275815512037,11,872,112.2,217.79,515.54,24437.0,0.00275,22,21,9,36,80.09,1
-70.06370943749805,-35.5770338153993,4.163923798336842,11,781,93.92,283.35,914.98,26613.21,0.00806,20,8,5,41,65.26,1
-42.34302943549905,-49.70404559733965,12.769297506863227,6,572,60.82,383.23,522.49,23307.59,0.01566,25,14,6,43,56.58,1
-50.16591972333218,-46.32787243192113,6.850489582597596,11,755,126.14,431.49,1000.3,54429.63,0.001,26,14,2,39,83.21,1
-46.94408096975398,-47.304890915965615,3.5905735873738482,6,26,2.74,109.94,165.57,301.65,0.3581,1,0,0,1,4.61,0
-47.60754272329709,-50.276136384544046,2.4076417931621212,11,37,7.06,83.38,191.59,589.03,0.1412,3,1,0,1,3.33,0
-50.352972035810915,-48.84065649703855,2.1007089382500936,11,100,11.64,115.08,189.8,1339.88,0.0442,1,0,0,1,3.08,0
-61.6636638292043,-76.07162933874562,4.380237238802968,11,586,73.89,516.35,1068.71,38155.2,0.01103,28,15,5,44,88.23,1
-53.5167384912052,-52.77265761175375,7.3830940509010725,11,447,68.57,261.91,592.69,17960.33,0.01595,24,11,6,36,65.82,1
-67.41628580059711,-61.37638214512037,8.381400050412443,6,604,79.37,467.96,821.9,37140.96,0.0119,27,9,8,52,77.82,1
-34.38470448478462,-45.06459977546074,4.5511718689262635,1,760,93.69,432.89,781.19,40558.1,0.01768,31,14,12,43,67.24,1
-38.36305202793138,-54.75232050990493,11.4523653147835,11,576,87.08,447.13,989.22,38935.73,0.01324,19,12,5,51,39.99,1
-46.02737135991647,-51.72023894323589,1.6629663467761089,1,93,13.0,84.6,190.57,1100.08,0.0793,0,0,0,1,0.2,0
-45.16334241015309,-48.650688546714775,2.186574167316406,11,39,6.64,114.05,152.64,756.75,0.1355,3,0,0,1,2.05,0
-57.843958069400514,-58.63949496272727,1.6927561945405838,1,34,5.53,82.09,86.24,453.69,0.1717,2,0,0,2,3.8,0
-67.0318743673336,-57.42657705712155,4.259176510439832,11,957,123.6,437.54,828.34,54078.56,0.00949,26,9,9,38,76.06,1
-51.43574557065635,-54.62216384566001,1.7179221263316378,6,54,7.96,163.35,296.18,1300.87,0.1258,5,0,0,0,5.16,0
-43.33287788957105,-46.90890336766898,2.7188193710468003,1,85,10.0,68.41,158.7,683.8,0.0952,1,0,0,1,5.64,0
-60.03536635808819,-66.274217373756,7.61382069476995,1,527,81.77,464.72,874.06,38002.14,0.01894,29,11,14,46,80.78,1
-53.801225196859704,-50.63876189192358,1.685030693333979,1,57,5.98,104.71,187.72,625.91,0.1532,1,0,1,1,3.13,0
-45.65470368750327,-65.2827688019894,3.9515216765584,6,987,100.58,229.82,887.67,23116.35,0.00945,23,8,9,46,48.3,1
-84.84208376946523,-56.775526798381335,6.9830541763597855,6,603,107.43,405.44,1025.75,43555.21,0.00711,29,14,8,44,63.74,1
-55.9179018980487,-53.035131915903904,3.350487203201909,6,80,8.33,92.42,167.29,770.05,0.1247,2,0,0,2,3.41,0
-58.532578854825346,-63.34223348625255,3.8190393359152313,1,45,8.69,110.28,148.02,957.88,0.1433,1,0,0,2,4.45,0
-61.218475515430626,-46.78850837359652,2.49163237228111,1,54,9.61,92.49,129.59,889.23,0.1346,1,0,0,1,1.78,0
-48.425044355505406,-47.31441053134487,1.8480909119801798,1,29,3.32,72.06,142.77,239.04,0.2884,2,0,0,3,3.98,0
-42.152191035423655,-69.62633341055023,6.95383984948928,11,722,94.18,508.33,1005.04,47873.68,0.01263,21,9,5,49,72.58,1
-47.83716852040871,-57.35639325542805,4.729795115194971,1,21,3.51,176.42,218.35,620.1,0.2529,0,0,0,2,1.68,0
-45.323697646853184,-51.72468478631685,5.105192239719855,11,301,38.0,288.87,699.61,10977.43,0.03191,17,11,9,37,44.04,1
-59.40250833983169,-56.071829031774904,8.410755194613271,6,780,99.16,406.54,640.45,40312.37,0.00339,24,15,8,42,60.59,1
-63.4029829554221,-46.61683349180163,1.097928960755945,1,47,9.01,98.08,149.21,883.66,0.1077,4,0,0,1,3.43,0
-59.53242057949214,-58.265415387006364,6.2920609785063135,1,916,120.14,360.32,923.22,43287.97,0.00869,21,19,5,36,62.55,1
-52.643563061539545,-47.83472881358239,6.066527547845046,6,679,79.89,484.66,890.27,38719.16,0.00498,31,15,6,44,18.51,1
-41.99420088162002,-57.4367652961055,3.5478855467234913,11,872,88.82,258.59,424.04,22969.27,0.01027,25,10,5,37,88.8,1
-64.43420562258125,-57.836349479221234,7.64507548677096,11,613,70.09,377.74,729.72,26473.86,0.01299,33,11,3,37,53.79,1
-56.4317684703672,-63.73491814847932,1.5874367894213197,6,592,84.2,520.39,937.91,43815.3,0.01027,38,12,10,37,37.54,1
-48.65812598594738,-54.77549688433946,2.1285738723053607,6,12,1.25,114.86,150.34,143.65,0.7863,2,0,0,1,5.07,0
-43.34801062065625,-51.65041367649108,2.2718848182843603,1,85,14.69,157.28,216.52,2310.07,0.1066,0,0,0,2,6.14,0
-54.94556615697174,-46.58173452899541,6.973262405953579,6,807,95.91,355.58,470.99,34102.73,0.01017,24,8,9,41,57.01,1
-47.817917483956364,-44.725661503597784,7.4639914932562395,6,543,66.11,417.88,905.0,27627.39,0.01933,15,14,9,40,95.56,1
-53.28361510513081,-66.97800237391523,7.7078667172373665,11,465,77.25,259.68,510.63,20060.84,0.02023,24,9,5,34,50.55,1
-63.47572933825198,-54.38218479747235,2.3118573148619035,1,43,5.22,114.37,184.37,597.05,0.2037,0,0,0,2,0.41,0
-56.638527129753484,-64.73448262680657,10.12489899406858,6,183,30.0,294.77,644.8,8843.02,0.03563,22,12,13,46,83.5,1
-54.854115401231034,-58.17761556930868,3.2063801464245856,1,37,4.51,85.17,165.75,384.36,0.237,2,0,0,0,3.05,0
-53.97420333452961,-52.58235475524484,3.1960047866482,1,65,8.03,78.9,181.28,633.93,0.1277,1,0,0,0,2.22,0
-55.39311533084296,-54.330003418795876,2.343461422284905,1,39,5.81,94.5,184.42,549.33,0.1815,1,0,0,2,2.98,0
-35.0,-55.249455170765664,2.1689494685279196,11,63,9.65,71.39,107.81,688.67,0.1076,0,0,0,1,3.09,0
-46.11601933297023,-34.980184218996214,5.07347399848412,11,586,101.24,429.43,701.51,43475.79,0.00631,41,15,8,45,77.84,1
-49.471614811622025,-63.69880705391819,2.711982549771612,6,66,8.0,118.04,164.13,944.83,0.0764,0,0,0,0,3.47,0
-52.50311074017081,-66.23131847065028,6.0428986257269095,1,677,71.54,241.88,595.13,17304.48,0.02009,26,14,2,41,28.96,1
-58.56477101256985,-69.52312648693939,8.82709711083367,6,847,93.91,256.98,606.87,24131.96,0.01983,22,14,2,44,44.37,1
-54.40475003177989,-56.78174591968724,2.5398317682231344,11,64,8.89,106.6,134.28,947.94,0.078,1,0,0,1,2.84,0
-49.09304216814183,-48.945294585694185,2.9386681674170094,11,64,7.82,81.75,175.85,639.25,0.1547,1,0,0,2,4.31,0
-56.99086884943582,-44.780208033578965,5.578382045890152,1,402,69.27,266.36,606.77,18451.83,0.01155,26,12,4,47,78.08,1
-56.56452198581956,-49.31547573278573,3.125744543089588,1,40,6.63,149.84,243.25,993.56,0.1711,2,0,0,0,6.39,0
-59.16983634051204,-53.11702637598471,2.667153287584841,6,79,13.41,101.86,201.22,1365.44,0.062,0,0,0,1,2.99,0
-57.14684283232232,-50.54189463191084,1.2384249376022014,6,46,6.13,108.23,164.14,663.7,0.1254,2,0,0,1,3.19,0
-34.52911257120938,-62.01529440134162,6.8244533435197114,6,282,52.75,413.15,741.26,21793.29,0.01733,24,8,5,39,51.4,1
-57.28952701497635,-42.83480761145647,2.2752682457866786,11,30,4.72,130.52,138.62,616.06,0.2161,1,0,0,2,1.76,0
-50.21364653770789,-52.11389559808517,2.457058917043255,6,70,8.8,129.45,198.87,1139.58,0.1094,1,0,0,0,2.1,0
-53.948039998350424,-55.21410235619292,5.2967891637911375,1,1075,134.25,180.26,653.81,24200.7,0.00534,25,8,6,34,76.45,1
-47.8622543989861,-55.38882010661456,3.730258457879696,11,54,6.91,129.55,231.71,895.75,0.1633,1,0,0,1,4.36,0
-48.88540556218765,-44.82100913088226,2.749605631014942,1,74,10.06,107.06,213.04,1076.71,0.1047,1,0,0,2,1.27,0
-54.43152256567889,-60.79696818522938,4.920762453308763,1,319,53.92,426.66,845.02,23004.94,0.01956,23,11,6,30,104.86,1
-55.433235124855976,-44.76596112884827,2.5515545633249594,11,73,9.41,78.44,192.54,738.51,0.097,4,0,0,2,1.6,0
-58.00023482644201,-49.82444200182041,0.2,11,76,10.07,72.13,134.73,726.44,0.0915,0,0,0,0,2.02,0
-47.792357138099945,-52.54173847664089,2.246771297382553,1,46,8.41,92.55,126.63,778.8,0.1185,0,0,0,3,0.67,0
-51.86952462919032,-59.65670090416893,9.561815413167638,6,884,96.92,384.39,706.28,37256.63,0.0122,17,7,11,44,66.23,1
-55.17399840371338,-62.497518656014165,3.00540011794415,1,194,36.28,387.88,733.55,14073.03,0.02942,29,8,10,49,74.64,1
-74.31130387540856,-50.63526837406798,6.504772804813832,6,625,101.68,241.87,648.13,24592.39,0.00492,24,9,5,35,52.46,1
-58.32715502706613,-48.312135711509065,3.6680033853265908,6,81,10.28,63.47,126.09,652.49,0.0748,1,0,0,0,3.75,0
-45.218816276535094,-61.89439798815519,2.5790998205458213,1,77,9.13,72.28,128.56,659.96,0.1179,2,0,0,2,3.14,0
-61.42903122880416,-56.74183017809799,8.634882372536396,11,475,80.36,458.88,1068.37,36877.28,0.01424,23,12,4,43,68.66,1
-73.39384894084841,-49.52882982305478,4.241645712780711,1,478,75.65,350.66,733.86,26528.48,0.01228,25,8,5,38,71.48,1
-35.0,-53.51654614320655,1.9758170937449973,11,47,6.73,133.54,247.6,898.62,0.127,2,0,0,3,3.02,0
-32.0,-67.13160333792531,4.890129713128964,11,968,143.67,283.44,674.63,40722.23,0.001,24,11,8,40,38.25,1
-53.82994845021126,-38.36404605464001,2.2750797124940076,1,19,3.27,126.81,206.29,415.07,0.3273,1,0,1,0,1.16,0
-51.852286874129454,-44.712320104541,5.602026611519706,11,642,98.89,333.59,609.44,32988.23,0.00862,23,9,3,50,62.19,1
-55.43096843767565,-52.39378409131952,2.2988638221583804,11,84,10.17,106.56,171.07,1083.98,0.0805,0,0,0,0,1.75,0
-43.97313226696808,-44.377252118635624,6.2501884256708236,1,1080,111.03,287.85,536.45,31958.87,0.0067,30,14,9,46,68.62,1
-62.77163175814485,-52.09973244503788,6.317672877638171,6,871,100.54,209.86,279.08,21099.03,0.00733,31,14,14,47,63.27,1
-66.06568053814598,-68.34875984951032,7.486066731348359,1,621,105.1,183.26,731.72,19261.15,0.00606,31,6,8,40,91.62,1
-51.02621782166886,-57.48733028076353,2.1970742060943578,11,39,7.66,132.48,160.44,1014.53,0.1318,1,0,0,2,0.86,0
-58.86116026544687,-60.730745150339494,9.626866130893324,11,363,42.64,157.79,665.44,6727.76,0.0194,32,12,13,40,85.07,1
-52.80990688792926,-45.56216835156413,6.263974970663785,11,821,86.21,232.94,555.73,20081.16,0.00881,25,21,9,44,45.93,1
-61.059579185913144,-55.5187051850648,6.650075467176886,6,715,73.79,344.13,905.44,25393.99,0.00992,30,12,7,24,69.8,1
-53.77686292787873,-48.18754419389026,3.0321761598451538,11,63,6.76,116.35,211.54,786.88,0.1422,0,0,0,4,2.8,0
-54.01258764709223,-62.99611161146787,6.038732663151454,6,592,101.35,350.69,519.45,35543.77,0.01595,29,17,6,49,100.33,1
-58.99989346567278,-48.02441109744849,0.8542168351857555,6,48,5.75,156.12,273.02,897.78,0.1789,1,0,0,1,3.41,0
-64.69037703590595,-46.11056500617799,7.72777841160398,11,521,85.46,445.4,801.64,38065.44,0.01757,22,13,10,33,111.67,1
-68.06509456300763,-52.18771088295029,9.930498974513586,1,257,34.57,487.1,700.59,16837.35,0.03346,26,11,8,40,40.92,1
-38.185349942304306,-53.132492211186246,1.8575733202915639,1,68,9.05,111.55,161.99,1009.32,0.0777,1,0,0,2,2.02,0
-50.025384764155845,-49.79713373868277,4.331300320577401,6,32,4.58,175.58,181.85,804.05,0.1987,3,0,0,1,0.24,0
-51.09413324172892,-49.858546904705776,1.4976922333494018,11,59,5.97,126.56,275.28,754.93,0.159,4,1,0,3,4.5,0
-59.21381949229908,-57.59445490558185,8.375403154281075,6,863,86.31,392.1,490.96,33842.78,0.00835,33,9,8,37,94.82,1
-58.5940114583238,-71.22337572083654,6.547410043177935,11,878,117.73,423.53,763.23,49862.39,0.00272,30,16,5,42,69.4,1
-53.79076193969808,-42.232876187835615,3.672112927476695,11,69,8.09,125.5,181.25,1014.97,0.1387,0,0,0,1,5.52,0
-43.658844700722035,-47.180114658254396,2.5815302792314894,1,91,10.14,111.88,210.99,1134.64,0.0701,1,1,0,2,2.76,0
-49.98896467274545,-55.304901504002764,2.9388165233616967,1,68,8.22,89.66,144.26,736.66,0.0857,2,0,0,2,4.77,0
-45.38908892021809,-52.308057150069814,2.357517575613395,6,93,11.98,140.76,238.76,1686.74,0.1083,0,0,0,2,5.42,0
-70.65259456770943,-53.204892292889745,7.99395837314699,11,888,110.25,216.87,545.36,23909.25,0.01137,25,12,4,38,72.13,1
-56.65597279188553,-41.418641008987635,5.4745519150339,1,583,73.1,362.59,794.59,26507.02,0.01359,27,10,11,33,68.44,1
-45.21413146476256,-54.750449647318945,1.8142933789270268,6,85,9.34,96.33,159.42,899.72,0.1116,0,0,0,1,0.2,0
-59.88409052723949,-59.54378825573076,5.309539515501102,11,927,104.65,367.93,757.7,38503.54,0.01437,28,10,8,47,77.31,1
-46.69556267344669,-43.13002539735862,3.0998267754606514,11,104,14.15,40.0,156.77,565.85,0.0738,3,0,0,1,4.72,0
-61.06595175524163,-66.9758007525462,5.465105072100405,6,398,45.67,341.68,584.96,15605.75,0.01892,23,12,7,40,76.46,1
-54.47270584279326,-53.016055042128194,3.2045764170575515,6,57,10.33,126.44,193.23,1306.59,0.1321,1,0,0,1,0.89,0
-55.37221297641597,-61.85257910395057,8.854443326462041,11,496,92.87,253.96,669.94,23584.63,0.00669,25,8,6,40,85.1,1
-57.183610743507835,-51.59218017301825,2.781829624418614,6,35,4.67,130.63,215.51,609.89,0.2313,2,0,0,1,4.43,0
-57.768745494848034,-43.95330632991228,3.4359426413015663,11,29,4.78,116.04,238.38,555.15,0.1723,0,0,0,1,1.08,0
-46.24643959223926,-54.11031496912994,1.4279482276263218,6,107,11.02,79.04,139.96,871.21,0.082,4,0,0,2,3.14,0
-49.66800227547423,-63.037929938814784,1.6384411191221906,1,56,6.01,159.28,181.02,956.65,0.1736,3,0,0,1,1.93,0
-56.883837181315805,-51.510482375952435,4.45062563218365,11,855,107.43,327.64,705.76,35198.69,0.001,17,9,7,44,76.51,1
-48.713749656866916,-36.15495184442552,6.705095835833784,11,424,67.83,245.31,583.54,16638.38,0.01687,27,8,9,39,77.11,1
-71.39507437932775,-58.36633754298984,6.798751966891519,6,640,98.2,355.68,710.15,34926.41,0.00448,24,12,9,34,77.72,1
-70.00785757612309,-46.74581823556646,6.458261873752237,6,340,67.57,458.58,801.11,30987.6,0.00482,25,9,9,45,66.55,1
-79.82457963297651,-63.47568882940688,4.853112934011099,6,566,93.61,337.87,792.75,31629.4,0.01915,31,9,10,35,52.57,1
-54.42731040491529,-67.7649566695373,5.485479744128312,11,181,30.0,251.24,501.88,7537.1,0.03356,26,9,10,45,77.55,1
-67.81346352508028,-45.120812738216486,4.1898018849188805,6,586,94.96,308.63,729.63,29307.87,0.01602,39,7,6,38,61.15,1
-57.19409397422818,-50.22298249222756,4.3873409462559465,11,46,6.53,128.65,179.28,840.17,0.1495,2,0,0,2,1.07,0
-51.739194020040955,-45.6967482727766,7.190220345232099,6,634,82.52,323.47,586.78,26691.62,0.0089,33,14,5,37,62.89,1
-63.18948972409298,-48.27547107615546,1.6498003663941367,1,77,11.15,75.2,105.58,838.38,0.0889,1,0,0,1,2.59,0
-44.97566596385635,-54.059534571021196,2.459253642182807,1,25,2.51,119.12,169.73,298.48,0.3771,2,0,0,1,2.73,0
-57.371476762882544,-45.74576830971051,6.534187663620296,6,1062,124.99,326.39,572.77,40795.88,0.00571,29,20,10,33,102.03,1
-51.45155013615447,-75.3133671083442,7.168455978915667,6,349,49.41,129.22,668.7,6384.3,0.02873,16,11,5,36,45.4,1
-53.969589943339905,-56.40488647968802,0.6643013095728973,1,37,4.35,112.64,236.53,490.02,0.2501,2,0,0,1,6.89,0
-54.131344654225686,-54.515443940039624,1.0444430786879104,6,60,9.03,114.78,185.04,1036.91,0.1026,2,1,0,1,2.15,0
-49.15009137754207,-48.58175271086382,3.0324013062378574,11,88,10.75,133.59,249.01,1435.75,0.1095,0,0,0,3,0.2,0
-52.79128259609969,-54.41977187752375,1.838421115576438,11,44,4.94,92.4,202.83,456.19,0.2239,4,0,0,2,3.06,0
-60.75414342784505,-51.05872033628728,8.411433009251825,1,794,109.82,414.68,767.28,45541.09,0.00705,23,10,6,37,57.02,1
-54.68241894797183,-55.25825852403115,6.05359234045511,6,826,89.99,353.67,583.04,31824.88,0.01077,25,14,7,37,42.87,1
-58.83623303102222,-66.05875691725272,7.768455464453832,11,382,49.19,120.0,557.71,5902.41,0.01819,32,16,5,30,78.2,1
-62.368182878425706,-55.49966685531934,7.232190960422903,11,380,62.35,298.66,422.72,18620.92,0.02562,19,8,7,34,73.6,1
-41.00563095486494,-50.77284270217401,6.504585835115603,11,1160,124.7,349.19,744.88,43545.73,0.00913,23,8,12,31,85.81,1
-56.35023377304442,-60.79534897020123,3.3070971156549622,11,76,8.7,104.94,97.56,913.32,0.1101,1,0,0,1,5.32,0
-63.782481848419266,-55.473671181234266,5.5464971364653275,11,982,102.29,414.92,989.46,42442.56,0.01257,20,15,5,32,74.72,1
-51.695849829539796,-48.56562935182389,2.5188618467249517,11,34,5.97,97.38,207.04,581.84,0.1638,1,0,0,1,2.76,0
-56.32981009666663,-54.272580925061,8.814134691152915,1,765,86.82,246.82,355.12,21429.52,0.01886,33,14,9,44,64.67,1
-57.19875198290807,-49.48479635025637,2.5055408427917976,1,90,9.16,133.01,197.24,1217.69,0.1181,2,0,0,2,3.62,0
-55.30877422112712,-59.79541304740598,6.8210322818570805,11,357,37.89,428.07,909.68,16220.87,0.03054,19,4,5,52,85.76,1
-60.10294842564482,-60.98220950332434,4.776552394781471,6,216,34.97,361.02,693.55,12624.23,0.02928,29,7,10,43,78.13,1
-60.15563986263854,-55.27333663201052,2.7990985918083586,11,737,87.16,361.42,608.69,31499.89,0.00682,26,12,3,48,69.49,1
-55.64036843302915,-53.898704871094886,7.078764047837511,1,792,90.51,353.46,459.09,31991.37,0.01281,23,8,6,41,80.76,1
-38.34902711077487,-55.260701963820544,3.039438520636648,11,34,6.27,104.91,123.58,657.81,0.135,0,1,0,1,2.62,0
-58.265925555371794,-38.553251694473815,9.979927880796684,11,434,66.09,409.6,701.52,27071.45,0.00457,22,13,3,51,67.12,1
-45.117320213882174,-44.352456007711965,3.121251610895056,11,128,14.73,91.86,80.0,1353.01,0.0574,0,0,0,2,2.81,0
-39.12185870633019,-67.25594513747123,1.699476378013526,11,481,85.77,349.18,875.14,29949.24,0.01645,29,17,7,60,26.56,1
-60.50690547600098,-49.25801135747804,8.508659173024313,6,324,58.19,340.74,849.46,19826.1,0.02035,25,12,8,44,68.22,1
-57.8661342629798,-50.973316608812375,2.1661111884885376,11,66,10.27,137.16,227.68,1408.44,0.0816,0,0,0,1,2.98,0
-57.35748860584213,-46.391907622622014,3.331831452096379,1,66,10.38,124.09,157.89,1288.7,0.0975,1,0,0,1,3.87,0
-52.22841280522036,-48.49729768619096,6.013083342025309,1,602,75.72,202.31,425.63,15318.76,0.012,34,8,6,46,47.19,1
-44.91837710405348,-55.60417976661602,2.189904691410569,1,75,10.3,106.34,140.71,1095.33,0.1331,4,0,0,0,3.12,0
-76.8546546591552,-69.16015973396236,4.302810884067279,1,773,129.22,120.0,380.08,15505.83,0.01331,27,12,14,39,45.27,1
-52.938190545665556,-54.688376404853486,2.295640563463717,1,50,6.54,98.43,175.93,643.85,0.1135,1,0,0,1,4.42,0
-61.89619599268823,-62.72402370957979,1.5,6,1005,107.62,347.6,551.18,37410.62,0.00198,20,12,4,35,49.14,1
-47.484883174794575,-57.90429113811511,0.5509614310820756,6,7,1.0,122.22,237.14,122.22,0.9655,2,0,0,0,1.5,0
-49.9144677612211,-49.37489371979731,2.694104108048832,6,74,8.33,140.84,212.73,1172.99,0.1406,0,0,0,0,2.45,0
-57.46833718302904,-59.129192134722025,4.115430273178595,1,56,7.83,128.14,208.7,1003.25,0.1226,0,0,0,2,3.18,0
-48.12286575804818,-49.70292574680913,2.6776513766213026,11,54,7.44,107.76,146.69,801.94,0.1336,2,0,0,3,6.38,0
-61.576859923773135,-49.3753093908308,2.592265600143177,1,48,5.97,96.74,174.5,577.74,0.1412,1,0,0,0,3.04,0
-50.1412994561847,-50.34617930602554,2.4716866643477333,1,67,9.29,86.98,172.73,808.16,0.1448,1,0,0,3,2.53,0
-57.784402237802354,-51.793555024086835,2.334235083346128,6,49,5.33,77.21,137.8,411.82,0.1595,1,0,0,1,2.08,0
-35.0,-63.16833853132613,3.3426872039772633,1,6,1.04,107.36,188.11,111.78,0.9699,2,0,0,0,2.86,0
-57.13503440450729,-49.16390144656832,1.0906306124414582,1,34,5.03,159.72,209.13,804.06,0.1822,2,0,0,1,2.41,0
-56.379368744809774,-60.46922352745711,2.9134732931055045,1,48,8.3,129.76,215.87,1076.84,0.0822,4,0,0,2,3.45,0
-52.89077316289701,-60.2026833042054,1.1639382449445943,1,13,2.19,119.72,141.58,262.13,0.451,1,0,0,2,3.69,0
-69.7274444174277,-46.51727712255516,2.931906537310524,1,522,85.82,260.52,661.22,22357.18,0.01122,29,17,6,45,71.94,1
-56.33871524472151,-53.6205879436542,9.257555848943705,11,832,108.93,484.43,593.54,52766.55,0.0043,23,10,3,34,65.23,1
-47.191324325604285,-61.24643797900836,2.0989561825809107,6,44,6.5,116.49,154.0,756.9,0.1433,1,0,0,1,3.52,0
-57.38534099961575,-58.408996211898035,7.418286868573803,11,496,80.31,354.84,1067.01,28496.73,0.01078,21,16,3,40,67.29,1
-54.77142575087419,-49.63950516891686,2.0555554762069015,11,65,8.55,78.28,152.43,669.45,0.12,1,0,0,1,3.41,0
-53.274589673626295,-70.19394135036787,9.447983026895661,1,666,75.55,429.39,531.68,32442.4,0.0149,25,9,7,26,63.12,1
-56.66725595144799,-68.87408196103613,1.1863718909958367,11,74,8.7,197.43,237.85,1717.23,0.1193,1,0,0,2,3.43,0
-63.11244976611911,-46.90680078378958,1.1315085664776137,6,82,11.01,146.88,209.71,1616.46,0.1217,1,0,0,1,3.95,0
-73.5239413763393,-62.17230859642583,6.529376671948991,1,667,67.54,284.42,806.63,19208.38,0.02399,34,13,7,37,79.58,1
-37.85896247940915,-53.67628282864149,6.49351369008815,6,807,116.13,364.58,834.65,42340.15,0.01197,22,16,6,37,66.21,1
-45.97567734364126,-49.0577884035887,3.539143831484181,1,49,7.55,139.04,273.46,1049.23,0.0854,1,0,1,0,4.31,0
-70.60765024887505,-51.86964966849792,7.517985522141323,11,993,105.69,284.63,555.03,30081.93,0.00743,26,11,2,45,50.9,1
-58.77243054162664,-49.674245370911514,2.263394475551671,6,85,9.19,82.94,121.78,762.01,0.1048,1,0,0,3,2.95,0
-60.74119827495398,-48.45470755905018,2.0632044398921705,6,61,7.28,87.19,264.46,634.94,0.1514,2,0,0,2,1.94,0
-53.62995501280909,-55.883667544523895,2.0969261389938554,6,33,5.39,119.98,160.08,647.01,0.1886,2,0,0,0,3.56,0
-76.18738426893687,-56.13580844536692,6.394229734487194,6,620,94.5,258.7,523.41,24448.48,0.00946,27,11,3,32,83.74,1
-60.10277585810587,-40.63546567278285,3.0343955056218115,6,723,73.34,431.26,881.58,31627.79,0.0211,27,8,5,41,100.67,1
-45.892144463711546,-45.60022288283167,7.361572848703151,1,715,73.75,389.4,771.2,28717.89,0.01913,26,16,9,41,67.49,1
-61.035225758409325,-53.93969559109817,2.3187765612080917,11,59,7.14,99.45,152.64,710.24,0.1615,0,0,0,4,3.98,0
-51.12711905644057,-51.42582773442246,4.110900936414377,1,54,10.53,117.07,99.18,1233.09,0.099,1,0,0,1,3.04,0
-54.19129600148344,-60.98866204988828,2.4207959590119885,6,58,8.16,82.47,147.28,672.89,0.1327,0,0,0,0,2.15,0
-48.60287701855802,-68.16401570615493,3.376830896064053,1,82,10.61,56.58,151.89,600.53,0.1048,1,0,0,4,2.51,0
-59.23877797670797,-66.12730368575136,2.8367071917563056,6,105,12.44,88.95,163.02,1106.31,0.0718,3,0,0,1,2.69,0
-59.86224587461573,-52.078668585980026,1.6241600459769083,1,63,7.96,125.13,175.66,996.44,0.1172,3,0,0,3,0.2,0
-48.177375384179996,-48.458133432668205,2.235995507732204,6,117,12.05,137.25,241.11,1654.14,0.0474,2,0,0,0,4.4,0
-54.70512033558492,-49.1652939138682,1.624699189837684,11,85,11.97,77.42,169.53,927.08,0.0869,3,0,0,2,2.69,0
-44.92955412194551,-49.5861076518603,2.108467566244572,6,108,13.31,150.59,188.24,2004.99,0.0788,2,0,0,1,2.15,0
-53.85752075819978,-56.206244943926826,0.2,6,14,2.15,103.65,114.74,222.52,0.4718,0,0,0,2,7.04,0
-52.506681456204184,-64.97880442192051,2.315078452513805,6,487,83.97,257.73,616.17,21641.71,0.01207,17,14,9,37,41.24,1
-69.44952248008616,-48.9829661744554,3.681509560767921,11,705,75.21,266.57,622.41,20047.65,0.01047,22,14,9,42,91.77,1
-73.51898363727997,-62.10061010558392,8.273209438903715,11,586,103.62,305.03,612.08,31608.14,0.0159,23,17,10,53,46.77,1
-55.366416663218985,-54.846947376562426,2.1661151740064466,1,97,16.43,81.09,94.05,1332.06,0.0955,4,0,0,1,4.8,0
-52.96632952697073,-46.64575975293128,1.9802280492464002,1,98,12.28,135.04,223.1,1658.57,0.0887,0,0,0,0,3.96,0
-48.069211917662486,-52.47907818463444,0.9816348524600089,11,80,9.88,117.03,189.76,1155.73,0.0844,1,0,0,1,0.2,0
-51.45802387490205,-60.09233154037498,7.355325318155798,1,829,149.0,120.0,326.36,17879.87,0.001,27,8,6,48,37.68,1
-78.55354679028424,-65.70191033755198,9.569091884142852,11,475,67.31,242.03,484.14,16289.63,0.01544,33,9,10,48,61.05,1
-64.36612668904134,-70.06666089677924,7.687743784314282,1,596,85.2,120.0,435.16,10223.94,0.01417,19,14,7,47,49.1,1
-52.31954614567523,-74.08206146023927,5.416992726980569,11,664,85.55,426.2,658.96,36462.82,0.01007,24,16,4,47,49.79,1
-52.813394990518276,-61.55785270768086,3.4729894374492076,1,103,11.06,118.74,143.23,1312.88,0.0812,1,0,0,0,3.71,0
-56.25857247132813,-44.56690069195925,2.0417223316827164,1,72,8.57,111.69,169.73,957.17,0.1433,2,0,0,4,0.2,0
-45.02898892939348,-46.030266414600014,1.767495944676051,11,47,8.87,62.99,104.88,558.54,0.0772,0,0,0,0,3.39,0
-54.438585542638506,-56.96179506128165,1.2073651980021087,11,57,8.09,115.93,131.68,938.22,0.1182,0,0,0,2,4.74,0
-61.722466418870525,-53.80040022646415,6.680804967971685,1,627,119.7,244.76,660.45,29299.14,0.00783,24,9,14,27,15.0,1
-47.55361683630212,-55.471049883044444,7.260538053858401,11,743,109.31,505.28,1095.28,55231.18,0.00788,23,17,8,36,71.57,1
-57.42340396904852,-41.87457927516148,1.3617360157247864,11,37,6.86,108.99,155.06,747.75,0.1509,1,0,0,4,2.4,0
-56.261298465517285,-54.34462565279993,2.3852542939999095,11,67,8.24,89.63,229.52,738.28,0.1499,2,0,0,1,2.95,0
-59.96315796753882,-50.09443065500994,3.163112381065731,11,107,15.37,98.01,160.47,1506.69,0.0757,1,0,0,1,2.3,0
-57.21782702474182,-49.901497560268076,8.740866448762407,1,470,68.2,612.26,879.81,41759.07,0.0163,22,7,8,38,69.37,1
-53.90138843469997,-49.86155758139135,9.927595150132474,1,252,30.22,368.91,471.79,11149.46,0.04299,16,10,12,39,89.84,1
-50.46418131172266,-54.86966282804917,3.9250793326254456,6,65,7.68,97.0,182.37,745.12,0.1058,1,0,0,3,6.05,0
-55.460379651278856,-54.67407733631926,3.2216619598094898,1,49,5.89,77.73,81.04,457.51,0.1418,2,0,0,2,3.61,0
-52.15195508770385,-73.51330014304293,3.962760327139463,11,823,103.33,323.9,596.59,33468.0,0.01063,18,12,7,38,88.41,1
-54.589176990139265,-67.2537941063039,8.09713745695484,6,1050,118.51,220.69,626.54,26154.51,0.01434,32,26,4,32,102.13,1
-66.31309784103374,-62.43289277512559,2.3348008408695633,1,77,7.85,51.96,80.0,407.93,0.1336,0,0,0,2,3.77,0
-59.351204837764975,-58.46336724684855,2.2317668004667333,11,66,6.69,57.78,159.66,386.8,0.1424,0,0,0,1,5.08,0
-48.592270169955015,-49.80197818639564,1.8641974434523692,6,81,11.39,81.22,190.64,924.81,0.0603,2,1,0,2,3.5,0
-56.92059397945304,-45.40544026339204,5.97501924591075,11,690,109.26,467.47,694.89,51076.23,0.00968,25,16,6,29,56.96,1
-58.4431902937451,-54.55780952808281,2.7096793090914897,6,84,12.21,70.0,188.4,854.75,0.07,3,0,0,0,3.72,0
-66.05177520910122,-52.14144609518622,8.33047532249172,6,660,124.8,332.93,706.97,41550.3,0.001,29,6,10,26,78.52,1
-49.738417194434696,-46.342265463342024,3.9039560535500124,11,58,7.05,54.16,157.98,381.66,0.1768,1,0,0,0,4.02,0
-51.43426220877482,-60.400771215105266,9.076519006089743,6,441,84.69,371.6,978.44,31469.0,0.0062,31,13,7,45,49.28,1
-65.2502628634903,-67.24414306280016,6.282049325919317,11,936,122.58,340.92,475.47,41788.41,0.00416,20,12,11,40,82.0,1
-54.34452426091525,-56.62697657259967,1.3587847544391773,11,74,11.44,139.9,208.1,1600.9,0.0944,3,0,0,2,2.56,0
-69.41508409897244,-55.00540057910086,7.696634697219986,6,345,59.34,298.77,595.64,17729.64,0.02139,25,13,5,44,44.96,1
-49.90430776878612,-64.2023321944845,4.65240959035388,11,769,102.21,492.11,869.4,50300.04,0.00784,27,11,9,30,81.91,1
-49.641303267578664,-50.48530411244565,3.7553824609077604,1,37,4.14,86.76,193.27,358.99,0.2244,2,0,0,4,3.08,0
-39.22584687535019,-50.209412582949604,2.134068272952853,6,53,8.03,123.76,208.58,994.3,0.1216,1,0,0,2,3.66,0
-63.88335616662686,-43.799924927690306,2.740920712456153,6,88,9.54,126.32,205.31,1205.01,0.1033,0,0,0,2,2.79,0
-49.10862986548971,-53.29336839042387,5.373642549687092,11,1102,116.68,406.85,959.31,47472.66,0.0068,31,12,9,45,71.59,1
-56.25767810536101,-51.12704171778814,4.263492310559743,6,41,7.84,102.91,178.2,806.65,0.1153,2,0,0,3,1.12,0
-59.56080953635534,-54.50491184422189,6.862402359631671,1,221,43.5,430.03,898.84,18706.19,0.02512,23,10,11,35,83.48,1
-37.84523734402567,-43.109586432747236,2.385544989681692,11,47,6.4,115.8,204.71,741.05,0.1123,1,0,0,2,2.82,0
-52.66811096882387,-59.38626909906286,6.31303724439243,1,559,80.59,412.33,1082.24,33229.37,0.01682,23,14,5,39,65.06,1
-58.256294368061305,-46.22701274112253,3.7867660039570548,11,55,8.98,92.97,168.78,834.9,0.1219,2,0,0,0,1.58,0
-46.04397367298565,-44.68022023133767,1.2575415125425908,1,48,8.56,104.12,222.16,891.67,0.094,1,0,0,0,2.79,0
-50.932671346165286,-58.113491608555606,4.805668707341113,11,611,95.48,363.06,700.53,34664.78,0.00722,30,14,6,40,77.68,1
-59.505032693231705,-53.77875014232214,6.387261422319706,1,670,96.29,271.59,564.89,26150.17,0.00909,29,12,11,35,92.55,1
-39.27257374941256,-51.602098432737115,1.5,1,592,100.55,439.27,676.97,44169.32,0.01404,29,8,5,36,44.81,1
-57.86400447456843,-69.1234213930993,7.7166334013803715,11,515,68.85,328.71,616.13,22630.63,0.01751,26,18,10,38,49.38,1
-49.1097602334432,-47.277493347410775,2.9910546048087854,11,31,4.43,157.71,221.02,699.26,0.2263,1,0,0,3,1.88,0
-57.628258173253016,-63.479337766341935,11.422031404096547,11,730,124.27,270.56,663.17,33622.77,0.01156,33,6,10,39,117.76,1
-57.682543085881164,-71.75260119494232,7.962152580639339,1,387,66.77,374.05,434.78,24974.26,0.00704,24,13,5,53,78.33,1
-49.70812233361722,-47.97631413696148,4.109631057031633,1,82,9.39,164.5,183.55,1544.63,0.1125,1,0,0,3,3.28,0
-61.96958106488702,-60.15778590808873,8.688676532664836,11,429,64.97,204.24,349.76,13269.7,0.01585,22,13,3,39,57.33,1
-61.95436236298093,-45.35704428734023,2.32839940162493,6,125,13.17,93.96,159.54,1237.49,0.0852,1,0,0,4,0.8,0
-49.86270198855916,-48.49103417764232,2.9210133024605525,11,46,8.01,92.44,122.94,740.61,0.143,3,0,0,2,1.87,0
-54.13445519657414,-53.24456942018086,2.2226467380689807,1,123,13.38,132.98,229.24,1779.67,0.0764,1,0,0,2,3.33,0
-60.58738114186146,-53.31778691150449,3.449679902816359,6,55,7.4,85.6,142.49,633.14,0.1467,0,0,0,1,1.79,0
-63.5344399877313,-46.6598370535409,2.354338926802565,1,83,10.29,152.03,212.94,1564.17,0.1037,2,0,0,1,4.47,0
-58.90938608175821,-42.31531646185307,2.5364437258263095,6,100,11.92,64.98,114.94,774.43,0.1073,0,0,0,1,4.02,0
-37.56740593087874,-48.74394192063803,1.7824995777717731,11,30,3.4,123.27,138.12,418.94,0.31,0,0,0,2,1.08,0
-63.23371152769692,-60.69792854489923,5.596349452849775,6,1041,108.69,302.87,886.07,32919.74,0.01673,24,10,8,45,79.01,1
-72.74077171432323,-70.15650753301917,5.695649568406241,1,933,98.4,124.93,661.19,12293.49,0.01148,26,15,9,38,84.39,1
-50.285425410688724,-42.25128976060123,3.5610902576025794,1,42,7.54,120.77,203.0,910.47,0.1269,2,0,0,1,2.48,0
-48.99730315843641,-62.58652213819435,6.597988457239293,6,594,98.37,260.62,595.03,25637.5,0.00725,22,8,7,45,34.4,1
-46.44803410362546,-47.723517422482644,4.206222169622919,1,967,139.4,396.57,796.22,55283.04,0.00177,28,9,4,40,94.68,1
-54.54300368704324,-58.60724259668544,9.262409872663703,1,704,95.1,310.82,561.32,29557.63,0.01128,27,6,10,50,78.04,1
-67.5069608092243,-50.824407613336184,2.9105516350582956,11,61,7.77,124.08,226.7,963.85,0.133,2,0,0,3,2.74,0
-48.53578880055231,-60.724640191761544,3.058078920863673,1,575,75.55,422.71,855.33,31937.84,0.00606,25,12,8,37,15.0,1
-65.9888131924485,-47.24840793505105,4.020875403359755,1,893,105.87,162.41,523.4,17194.11,0.0145,27,11,8,38,72.39,1
-57.26425377556605,-48.07790374713209,0.2,6,50,6.41,56.71,129.29,363.34,0.1306,2,0,0,1,2.67,0
-56.416731179924916,-47.1452950696864,3.5259321315802277,1,90,9.11,88.55,86.84,806.39,0.0841,3,0,0,1,1.67,0
-59.44634299899203,-52.779335039796,6.960053196069987,6,779,103.16,184.96,648.88,19080.73,0.00786,30,8,10,42,65.26,1
-40.76161632044225,-46.57719922359139,2.4695728350973574,11,79,8.61,129.81,264.52,1117.71,0.1198,1,0,0,1,3.41,0
-58.3485588956713,-55.74472633037764,3.571631839889072,6,93,11.64,130.32,157.63,1516.66,0.098,0,0,0,2,5.76,0
-58.262681899053284,-50.51936925566657,4.4125347748317765,11,656,107.91,373.48,700.94,40302.23,0.00222,32,11,5,44,59.74,1
-64.9464456069448,-60.158464029545286,4.296806154222868,1,790,97.91,338.53,560.88,33146.75,0.01508,15,8,6,38,79.63,1
-69.97953344017843,-72.23316079313328,6.555966602443696,1,563,97.53,391.01,659.9,38134.99,0.01486,27,12,9,40,62.81,1
-57.8021261396019,-46.60461356913334,2.30889379022009,11,72,9.22,52.5,123.3,484.28,0.096,1,0,0,4,4.24,0
-54.68316286154894,-53.12658881543692,5.3442973790513015,11,546,76.7,359.02,803.0,27537.33,0.01424,22,6,7,32,94.05,1
-59.38803646668993,-52.25251630981832,2.8844294376196586,11,62,11.18,87.5,147.77,978.05,0.0617,0,0,0,0,1.64,0
-56.14385165410986,-45.22310612231248,2.2020916857146897,1,87,8.68,112.93,205.49,980.75,0.1218,0,0,0,1,2.91,0
-54.84808512096575,-55.9428483049287,7.697729385090235,11,384,75.51,245.65,612.22,18547.8,0.02112,23,10,5,32,33.54,1
-47.74751525932499,-46.487126985569844,8.292536700359623,1,1359,141.72,381.96,507.5,54132.98,0.00722,27,7,5,40,65.66,1
-65.10518219355687,-55.486536564475735,5.193181369838214,6,456,85.79,299.39,659.78,25685.12,0.01536,26,21,5,38,46.0,1
-55.97694767933942,-49.167760044233894,6.594030123241003,6,384,75.11,322.42,813.62,24217.14,0.00725,23,16,7,48,81.93,1
-62.658252500269185,-65.2694878685863,8.6187864678507,11,998,144.4,439.15,812.16,63414.67,0.00218,28,11,6,36,25.17,1
-73.10839424825448,-57.71786347360543,6.554026782795499,6,597,83.14,237.92,528.31,19781.46,0.01968,31,7,9,42,50.53,1
-36.368202991070184,-59.2041711603983,3.655287429732344,6,1038,103.87,616.88,867.64,64073.9,0.0081,22,7,8,30,56.07,1
-53.04534665950048,-41.978317475273506,2.6410953821621392,11,54,5.42,95.39,99.9,517.22,0.1669,2,0,0,1,0.85,0
-45.44519708089747,-49.96244426046889,3.95727086327856,6,36,5.11,133.9,130.24,684.71,0.1946,2,0,0,0,3.77,0
-51.81826520596547,-56.35236554576944,2.2947678280626325,11,54,5.86,97.68,176.1,572.79,0.1446,1,0,0,0,0.2,0
-60.20132690645298,-50.126592707943786,4.287226051243448,1,759,89.29,445.15,778.96,39749.39,0.01634,24,5,6,36,69.64,1
-61.42242929491491,-49.18678238474869,3.2015654719404685,6,87,9.57,147.77,193.27,1414.71,0.0959,1,0,0,2,2.6,0
-61.29075096324347,-60.14523524732719,3.1210883159348297,1,496,57.71,474.71,428.9,27395.72,0.01298,30,14,11,46,76.29,1
-39.966236509839504,-45.78175454464612,2.4149050295750842,11,40,4.41,141.18,273.32,623.16,0.2302,1,0,0,0,3.82,0
-44.6330389104058,-51.95569015521804,2.637237128967625,6,7,1.0,104.6,246.36,104.6,1.0,2,0,0,1,2.86,0
-58.06796651946348,-50.11620908500471,1.1784287878004545,1,37,5.44,168.34,253.52,916.35,0.1681,1,0,0,2,0.73,0
-35.47380697587389,-81.00578961054956,5.012191796556145,6,498,61.21,541.99,1117.09,33177.05,0.01704,18,19,4,35,28.27,1
-70.90989752741717,-48.39495860532851,7.9465627330048365,1,557,74.7,275.26,665.46,20562.8,0.01059,30,9,4,39,37.06,1
-49.57286592258011,-49.28229276163546,9.91466740391149,1,931,142.54,377.07,819.35,53747.9,0.00169,29,20,13,36,84.43,1
-55.103589156689885,-54.82005231409209,2.6638807690760404,6,48,8.16,102.21,155.99,834.09,0.1128,0,0,0,2,2.6,0
-52.60278138532452,-63.640448556649986,9.508429271380276,1,1193,132.9,249.97,480.06,33222.51,0.01384,28,15,8,50,46.59,1
-57.095438272222125,-46.94407667611003,8.47293272599929,1,453,64.3,221.68,359.66,14254.05,0.01816,24,16,13,50,70.31,1
-52.36097487633349,-61.736603981599146,2.7865935472939265,1,42,5.1,181.61,182.41,927.05,0.173,4,0,0,0,5.38,0
-69.41483500490953,-72.51657521491055,9.530533364464448,6,1083,118.85,299.05,708.65,35543.13,0.0079,28,5,3,55,81.93,1
-57.31907547741441,-63.13612413932074,2.1621626686497377,6,40,6.55,139.88,243.34,915.91,0.141,0,0,0,2,0.2,0
-45.93567581824742,-56.78898237777349,7.969074346743078,1,431,62.48,260.43,750.27,16271.93,0.02113,14,11,6,32,45.38,1
-49.76312195293647,-53.89973683037115,2.0135776268007715,6,43,7.34,89.03,212.74,653.22,0.1112,1,0,0,2,3.25,0
-63.01244687541592,-58.51225544201134,3.678227603201579,6,617,65.65,435.84,836.85,28614.06,0.02136,18,9,4,35,69.31,1
-59.694022841224346,-68.84536772485464,3.2805314341427287,1,593,83.02,344.08,781.85,28565.51,0.01391,30,14,8,45,82.49,1
-67.92321973073571,-63.03261635425804,5.958011955033031,1,314,47.23,435.6,770.27,20573.65,0.02103,21,16,5,45,71.76,1
-37.9072748164378,-44.91683642552818,3.4984679046229994,6,57,9.2,157.33,239.52,1447.36,0.0838,2,0,0,4,2.57,0
-69.1704384175261,-56.716263198106034,4.861903717643026,6,450,62.49,120.0,250.0,7498.73,0.02159,23,10,5,41,84.1,1
-47.59758886132642,-56.276433698162904,7.329804577077557,1,571,89.36,437.29,830.46,39074.49,0.01198,16,14,5,39,88.33,1
-45.23709223297126,-60.57698943018081,1.9285504290717355,1,38,5.04,93.03,101.31,468.82,0.18,2,0,0,1,2.16,0
-44.63148907669107,-48.655620656838266,4.242313846196233,1,60,10.21,67.35,80.0,687.79,0.1169,0,0,0,4,3.73,0
-59.54415450633084,-62.939902861136744,3.5891371839133615,11,73,8.87,116.81,224.41,1036.16,0.0899,1,0,0,2,1.87,0
-59.141843044828946,-68.67201784999631,1.3863971683851226,11,76,12.32,101.2,154.97,1246.37,0.0837,2,0,0,1,4.38,0
-63.078710607145794,-54.635075724335486,9.311325009034382,1,579,87.25,336.07,250.0,29322.09,0.00422,27,13,6,43,116.29,1
-59.16553433189924,-57.85503002341005,3.3445708597164794,11,33,4.47,107.14,212.03,478.94,0.2174,1,0,0,1,3.99,0
-58.48254628245345,-43.760950492668115,2.2492810872777245,6,72,12.09,94.29,193.61,1139.73,0.0807,0,0,0,1,3.63,0
-38.996734879383126,-74.08289328001192,5.7492164693096806,6,644,116.54,305.71,690.4,35628.14,0.00132,28,9,8,35,75.93,1
-42.177690373421136,-57.346771294206306,10.135390476041799,6,694,75.61,248.55,788.6,18792.9,0.0084,33,11,10,37,53.54,1
-56.91811922049927,-65.94812007725159,8.163507619807227,1,250,45.98,264.91,466.3,12180.46,0.02482,18,9,5,41,68.95,1
-44.63701597630736,-50.902427478766256,1.1184208264709221,11,40,6.82,106.1,197.26,723.47,0.1599,2,0,0,3,2.61,0
-56.79669965025317,-55.28895474906222,4.301642604346506,11,55,10.09,109.38,186.56,1104.01,0.1028,1,0,0,0,0.2,0
-64.29341897585672,-57.4002519912359,11.780744590011091,6,523,97.24,302.94,1016.94,29456.58,0.01552,27,13,5,48,78.33,1
-50.26640993740897,-77.40301776113232,6.489059818673201,1,936,129.21,419.99,509.61,54265.8,0.01181,19,9,14,27,60.28,1
-51.07398835619565,-62.62252935239455,4.164468412693214,11,511,89.19,252.59,678.75,22527.08,0.01427,28,10,10,41,81.01,1
-72.33699209261422,-35.49558410708156,7.706940349284466,1,961,166.86,350.0,567.08,58399.89,0.00244,25,13,6,53,63.14,1
-38.413931425726915,-52.46463320579321,2.1781272898100554,6,72,13.85,56.71,122.7,785.58,0.0758,1,0,0,1,5.34,0
-58.5997764201791,-64.68529129181825,4.233488873896423,1,613,85.09,246.58,667.13,20982.18,0.01362,27,10,6,37,72.87,1
-48.69593302135348,-36.829861148746296,2.047131314620865,11,23,3.23,167.73,329.26,542.34,0.3111,2,0,0,2,3.77,0
-55.84299042249523,-47.47543138409324,4.942845163188021,1,725,101.97,380.55,739.27,38805.89,0.00265,23,16,8,42,75.81,1
-55.42077798274074,-44.649031269400865,0.793903059782241,11,58,8.68,101.79,142.29,883.19,0.1299,5,0,0,2,4.04,0
-49.3730712458613,-58.47822197464974,6.84699138679414,11,1083,116.0,297.13,626.88,34468.43,0.01057,34,10,6,42,42.66,1
-44.635475797833806,-52.49738214088932,2.892498937001614,1,57,6.14,112.03,176.1,687.98,0.1797,0,0,0,3,4.76,0
-61.42389279282092,-68.97423173875964,6.591683112997415,11,246,30.0,283.91,762.27,8517.38,0.0336,28,11,6,33,51.72,1
-58.139879588525694,-57.03963300899419,4.91553639826436,1,421,73.38,231.42,994.62,16981.92,0.01219,26,11,8,46,69.83,1
-57.03013937960265,-63.20672964757829,7.433284451366265,11,840,90.85,485.24,557.88,44086.34,0.01209,27,11,9,48,56.25,1
-49.686363299886835,-50.19325154288786,2.1779773713618655,6,48,8.7,91.1,149.2,792.23,0.093,1,0,0,2,2.6,0
-49.58233264766502,-59.58076721262485,5.778173425769252,1,956,123.21,416.27,678.46,51287.83,0.01285,29,17,7,37,58.42,1
-61.78364716661625,-50.527870308565504,1.7548025291785376,1,29,4.26,97.96,149.38,417.13,0.2221,2,0,0,2,2.06,0
-53.53993348668593,-64.61276809306389,5.03081032871265,11,486,89.72,431.87,802.19,38749.73,0.01134,23,11,9,36,81.38,1
-59.706320048743244,-57.35686898965818,1.7069904108985714,11,558,99.48,273.87,461.5,27245.41,0.02102,16,14,4,43,60.56,1
-65.42367226095143,-58.426114555904334,5.799539542957845,1,564,112.02,195.96,367.34,21950.79,0.00827,29,13,10,44,62.41,1
-51.082063400083534,-40.91067373728048,3.4333033272821143,6,819,104.8,124.73,494.06,13071.84,0.01063,20,11,7,34,77.1,1
-62.890875881654544,-53.0924735760911,3.0527285008997627,1,30,3.52,107.15,143.01,376.83,0.2622,1,0,0,5,1.98,0
-64.57818353977905,-62.67900342198247,4.494318296646739,6,468,72.57,512.18,611.13,37169.43,0.01392,19,10,10,42,95.96,1
-56.61463559748233,-50.649950440662,8.951040991889558,6,481,68.19,457.92,473.87,31224.04,0.0117,22,12,7,34,57.25,1
-32.0,-56.76118245941711,7.548718211913849,1,678,82.46,515.73,920.75,42524.8,0.00372,23,7,6,29,63.49,1
-63.926000845839944,-50.42059164156809,4.907478752196935,1,486,55.84,333.7,967.04,18633.22,0.02705,36,12,10,38,67.71,1
-51.3734370016533,-54.967461292969645,1.732044566259849,1,40,5.45,85.81,128.99,467.28,0.169,1,0,0,0,0.55,0
-58.94230439349252,-74.96631332352635,6.717970761731306,1,500,87.25,417.34,693.92,36414.13,0.0212,24,4,1,44,49.37,1
-66.58910570303674,-51.20824922655906,4.519504097801626,11,770,86.33,240.78,860.1,20785.38,0.00324,21,10,1,42,57.03,1
-46.15069550479629,-52.3526959094846,1.9854011607158513,11,31,6.16,106.42,156.68,655.97,0.1432,0,0,0,3,4.87,0
-58.554980866478694,-68.76460627823037,4.152602205263202,6,590,63.49,299.72,686.33,19029.82,0.01586,22,7,5,45,90.55,1
-56.47749167127265,-65.17783373518272,6.5083630019128,6,940,99.0,350.73,720.91,34723.23,0.01216,24,14,2,44,52.97,1
-46.84699016417262,-39.893143770364645,3.1478608174865066,6,92,10.88,127.17,89.27,1383.42,0.1001,1,1,0,3,5.39,0
-52.679414480254664,-44.59915069544012,4.870677520970251,6,506,53.0,276.33,518.8,14646.95,0.02406,25,17,8,50,94.49,1
-62.25704495420469,-48.28018919109714,3.860921997198921,6,888,98.52,280.68,782.23,27654.0,0.01128,22,7,7,45,69.98,1
-51.969846503597886,-64.70345987272316,0.6895542956416878,11,51,7.03,87.68,216.56,616.3,0.1382,2,0,0,2,1.62,0
-73.34987411540783,-50.89057485629346,9.207178267162712,11,424,84.33,275.63,577.27,23244.96,0.01634,23,13,6,45,50.35,1
-68.55563556469384,-52.41571736075604,5.231004964350117,11,806,136.28,328.59,711.4,44778.33,0.01426,18,10,3,31,65.42,1
-58.867695572277505,-59.69888681562196,2.729182834784173,1,72,8.55,93.85,141.98,802.39,0.1048,1,0,0,2,2.71,0
-38.03900053723249,-57.07580645078404,3.066401352659245,6,62,6.85,94.59,155.47,647.69,0.1522,0,0,0,2,6.08,0
-46.49438274067719,-53.56045923673,3.123642099611651,11,16,2.94,86.06,120.88,253.28,0.3436,1,0,0,1,4.24,0
-59.088495203661,-48.43381126633726,4.110541595141042,11,662,107.84,363.15,911.21,39160.79,0.01199,25,12,13,32,56.47,1
-52.06576966802544,-54.03992245985393,1.5,6,585,60.03,366.74,906.85,22014.24,0.01998,18,12,8,46,64.98,1
-53.445120308873776,-52.563350959110196,3.054161485082173,11,38,6.82,181.24,263.87,1235.35,0.1402,2,0,0,1,3.76,0
-32.0,-48.31948775371349,5.580511635835574,6,719,90.92,299.52,751.72,27232.64,0.00746,24,12,11,42,83.21,1
-48.12232545803273,-52.577280897569196,1.94079752627428,11,6,1.0,100.98,164.58,100.98,0.9996,2,0,0,2,3.82,0
-45.52710562261146,-61.04270071380692,4.372234675636453,1,56,8.25,128.25,238.66,1058.2,0.1297,0,0,0,0,1.31,0
-49.20712669508358,-64.49344746177924,3.5837307806073744,6,65,7.46,93.36,169.02,696.6,0.1239,0,0,0,4,2.38,0
-47.18643260843691,-51.59527260359283,3.444322352118264,1,81,8.66,132.86,153.03,1150.53,0.1171,1,0,1,0,4.57,0
-54.143414552800834,-62.87553019941185,2.6451667803970125,11,42,8.27,114.24,141.05,944.99,0.142,1,0,0,1,3.25,0
-50.027340159215136,-58.3609233855896,2.5143896931522325,11,51,5.32,112.54,137.2,598.37,0.1995,3,0,0,1,3.75,0
-40.79219453717161,-34.0,4.155661910070497,1,416,80.85,162.84,398.46,13165.58,0.01811,21,11,6,36,54.95,1
-58.7373082257676,-48.33363279955634,3.6735623437556026,1,104,11.36,87.48,130.96,993.97,0.0815,0,0,0,0,0.36,0
-47.18407426202314,-71.982575464475,7.674191409069506,1,769,90.07,394.32,855.58,35515.97,0.01732,15,6,6,37,69.49,1
-58.75549683857124,-52.85119821341206,8.80126918204293,11,571,71.29,354.1,649.63,25242.65,0.01375,23,16,10,37,48.56,1
-47.317466795342405,-51.62122937118609,8.41821413177875,1,666,82.83,373.3,643.63,30919.34,0.01075,27,13,7,41,82.67,1
-58.43434968750316,-52.21656857904789,9.735674407586716,6,759,81.42,370.29,665.73,30150.0,0.00987,29,17,10,42,91.39,1
-45.934306124449236,-63.90875206433807,7.60373076544022,11,950,101.36,402.5,1225.65,40798.7,0.00633,23,10,6,41,26.32,1
-57.871992766587624,-48.393376335879914,2.6347380435175536,11,54,6.32,85.2,167.5,538.06,0.1515,0,0,0,2,3.36,0
-50.175015684032466,-44.85511154493063,6.658306734044938,11,1195,136.16,332.98,589.96,45336.84,0.00777,19,11,10,44,85.46,1
-57.16083878395565,-52.7878726815647,4.9876178149543104,1,680,86.21,309.76,743.5,26705.21,0.01646,24,18,4,52,51.16,1
-64.2200758004157,-57.10736792948111,7.3733677427179,1,607,115.82,324.94,728.16,37635.01,0.00851,22,7,9,35,38.4,1
-51.35931492532797,-52.02897023365966,2.0804161573489983,11,82,8.84,74.44,124.5,657.77,0.1242,0,0,0,1,5.68,0
-56.170155514227055,-49.872059893827526,8.32712456867722,1,450,71.22,527.88,565.08,37597.33,0.01446,20,12,13,35,58.31,1
-66.6425057639363,-75.99231277923906,6.166438253561999,11,467,89.65,243.21,562.02,21802.6,0.01794,25,12,3,38,62.57,1
-40.3465675887621,-69.21772014912975,2.2593297213642787,11,52,10.1,100.03,153.0,1010.11,0.0702,1,0,0,0,2.97,0
-47.18615470417553,-45.48634358215565,2.446657037753272,11,47,4.88,91.26,154.02,445.36,0.2201,0,0,0,0,2.57,0
-47.4453259579407,-56.27527582801411,9.553243468763815,1,918,121.31,341.78,684.75,41462.18,0.001,30,9,3,51,33.42,1
-59.434323811925886,-55.600031648266715,2.174840596996246,11,45,5.25,103.55,159.31,544.08,0.1884,3,0,0,3,1.82,0
-36.06082304445441,-64.63759004773053,11.019125148510089,1,1022,132.7,245.95,721.0,32638.38,0.00971,33,14,6,38,76.55,1
-63.0170125137512,-51.83110053865478,1.6490567761884294,1,54,6.68,106.74,248.0,713.35,0.1425,0,0,0,1,1.01,0
-57.67597747650302,-40.18720347729114,10.757145355032872,1,256,43.46,338.46,480.12,14710.2,0.01901,18,7,9,47,76.66,1
-68.99774711983876,-64.28829133288656,5.322578534861543,1,513,78.88,425.17,478.22,33536.51,0.01335,25,14,5,41,76.3,1
-71.22771836052996,-55.60260520894207,7.0986498622608165,11,412,62.39,266.6,758.03,16633.41,0.0077,28,10,9,32,62.6,1
-55.84124050632106,-63.967057039743786,4.370923581982831,11,884,141.34,294.51,544.19,41627.57,0.00527,29,9,6,43,80.03,1
-42.31989432671486,-49.32317303656128,1.7292748485017913,11,70,8.19,100.12,222.13,819.52,0.1381,1,0,0,0,4.31,0
-79.0623651619109,-42.42563896864061,6.615664386032225,11,572,103.97,208.07,798.72,21632.49,0.00741,15,14,4,37,83.56,1
-66.04642714847527,-57.89458709344008,4.007467004850781,1,417,54.65,402.96,883.43,22020.78,0.01455,25,6,6,37,64.45,1
-60.4735976014681,-61.844855627201696,6.845038336773459,6,660,68.18,428.75,1089.83,29230.27,0.02079,34,12,4,51,102.45,1
-49.796775860872884,-50.93927417342108,2.4024967710832428,1,46,6.97,129.0,198.44,899.53,0.1372,2,0,0,1,1.2,0
-55.13802841550964,-36.0,2.1010352246730837,11,52,6.44,79.93,177.56,514.42,0.1975,6,0,0,3,2.14,0
-44.176980621467905,-53.1294822301214,1.7805961803130246,6,61,7.88,119.95,246.87,945.7,0.1805,0,0,0,3,2.05,0
-56.68996567814756,-52.883729881207344,1.967622150700767,1,34,5.91,137.98,188.87,815.14,0.1534,0,0,0,3,4.11,0
-42.42818930583105,-51.98710551743388,1.5345433220881357,6,46,8.49,99.07,146.89,841.41,0.104,0,0,0,0,3.56,0
-38.64436054657183,-61.505298033231114,1.519379189232578,11,79,8.71,87.34,144.47,760.84,0.1095,1,0,0,3,2.98,0
-49.27486226226913,-60.41257597625659,1.9260598363005834,11,103,13.12,178.99,245.7,2347.91,0.0445,3,0,0,4,3.86,0
-53.94777637920021,-60.0155038563486,3.9998267972288106,6,62,9.94,96.97,109.31,964.16,0.1025,4,0,0,1,1.4,0
-46.414985598045114,-59.10320717583984,3.749052167986167,6,10,1.96,125.03,204.89,244.78,0.4894,5,0,0,4,7.35,0
-32.0,-46.53337533388951,7.642220358483171,6,473,82.13,120.0,661.03,9855.74,0.01151,19,15,6,36,74.48,1
-50.35783093374594,-49.15796865509919,1.331365114010628,1,71,8.67,119.83,223.54,1038.87,0.1418,0,0,0,1,2.64,0
-62.11497968106652,-56.834028682699845,4.046525109345042,11,435,45.68,120.0,338.68,5481.07,0.02644,28,13,8,32,62.33,1
-55.00249059711151,-42.85451177531885,5.781327369375719,6,406,60.24,317.75,520.51,19140.28,0.01374,29,10,11,36,62.67,1
-50.182720564677496,-57.76939234673098,2.8239396420860183,6,41,5.01,161.78,201.77,810.66,0.1823,2,0,0,0,2.59,0
-52.33938730329459,-51.691612874097444,2.6841469729115737,1,85,11.55,93.19,184.99,1076.08,0.0921,1,0,0,0,3.7,0
-52.38833211379434,-47.70021360116107,0.2,1,62,7.97,74.03,120.18,590.26,0.1431,0,0,0,1,0.33,0
-56.29850321142305,-62.93829737065333,5.494300013720835,6,923,111.45,120.0,367.28,13373.52,0.00946,27,15,11,47,54.76,1
-55.34969946330436,-50.65664375759165,2.2294387984867234,6,54,8.97,73.7,108.34,660.96,0.1098,0,0,1,3,3.34,0
-41.07325758700508,-52.78226496545113,6.11671890282984,6,417,46.91,382.56,753.0,17945.68,0.0247,22,9,10,34,28.15,1
-59.62467316807065,-52.2750074708869,6.671054650370731,1,580,83.01,236.7,572.39,19649.36,0.00895,24,9,6,46,67.83,1
-65.77324195134241,-55.30542823487957,8.956267813421814,11,308,61.17,317.09,701.92,19397.44,0.02422,26,10,9,53,54.18,1
-59.19061417681362,-57.048760918567886,2.700706858161601,6,77,13.74,85.34,117.71,1172.52,0.0643,1,1,0,1,2.41,0
-67.22394430804282,-56.72982910648882,7.491260389080277,1,1249,126.13,249.97,561.35,31527.26,0.00234,21,12,15,53,63.87,1
-35.48067801482691,-39.70110839009922,5.776373875502781,6,218,30.0,371.43,579.32,11143.04,0.03199,17,10,6,48,73.19,1
-48.04360954993582,-44.3161670867292,8.503601771609524,1,460,70.9,319.62,590.8,22661.03,0.0139,26,11,7,41,72.61,1
-52.69448214658236,-52.948127372481046,4.2608811400323034,11,72,7.39,106.75,214.87,788.67,0.1423,3,0,0,4,3.99,0
-53.19862920864628,-43.228954843638405,4.420900822086021,1,61,7.63,137.83,198.97,1051.93,0.1322,0,0,0,3,3.5,0
-55.90972578656638,-63.94873895968515,5.795516863663911,6,750,108.31,161.38,387.96,17480.29,0.00329,31,9,6,29,71.03,1
-64.27198978525838,-68.02507827581518,6.958835890332373,6,349,65.07,265.97,524.04,17306.9,0.00812,28,9,7,37,68.91,1
-69.5140852626357,-54.50750573838819,5.248018461938922,6,385,56.13,518.93,596.74,29129.73,0.01927,26,5,6,51,65.07,1
-60.75010139084125,-51.427653582821996,5.315245192734593,1,600,106.21,376.82,893.94,40023.91,0.01776,28,13,3,39,55.39,1
-63.11567699297579,-54.63080591785566,5.71315431952419,11,915,131.04,465.72,776.91,61026.56,0.0176,22,9,8,51,59.52,1
-65.45422592573435,-48.095138440070265,4.752055171814847,11,575,102.66,415.55,808.92,42661.72,0.00315,26,13,6,42,80.9,1
-61.83565164308669,-48.71927297060752,8.73957517492261,11,546,72.61,394.29,1188.21,28628.31,0.0128,23,14,4,26,54.55,1
-35.50925172881294,-57.25065785316818,2.7522642640034327,11,58,9.9,89.3,207.92,883.91,0.0869,1,0,0,3,4.33,0
-52.699674271707174,-49.94496684705813,7.835720392146034,11,613,61.88,233.0,628.66,14417.3,0.01395,29,15,7,31,99.23,1
-52.68892186060446,-60.05970671266122,2.5267934431194385,11,50,9.33,154.7,207.69,1444.03,0.1138,1,0,0,2,2.59,0
-50.76065456743061,-51.96681316822438,0.9415827202831235,6,28,2.94,137.68,208.75,404.86,0.3092,2,0,0,0,2.16,0
-64.87703356946268,-65.22174190836792,4.804683995974675,6,788,98.05,282.35,817.45,27685.42,0.00627,18,15,7,47,65.19,1
-52.98134012882029,-54.32393891962673,6.345419844722781,11,962,109.15,144.61,405.47,15784.07,0.00895,29,16,8,44,90.49,1
-54.71925878993428,-61.4000240686748,9.086861070818887,11,651,72.44,318.41,663.06,23066.89,0.00872,30,9,5,44,66.69,1
-68.91461381339343,-52.08867698699666,7.025000803029439,6,410,51.31,264.38,621.47,13564.36,0.01824,22,14,7,44,33.03,1
-58.50963147161121,-46.8113688069453,3.893491314721878,1,1067,110.42,414.89,679.58,45811.59,0.00949,27,17,6,48,34.09,1
-53.01604370344597,-53.838052574410995,6.299160868193387,6,785,87.65,294.35,663.46,25798.59,0.00834,23,6,10,46,93.3,1
-59.9363971779381,-46.7877839486099,3.517021806418191,11,22,3.66,123.58,146.64,452.12,0.3004,1,0,0,2,2.69,0
-50.63233358842841,-47.9295827482202,2.624015318605605,11,53,9.02,103.54,180.17,933.92,0.1081,0,0,0,0,1.36,0
-53.18912138505817,-53.30940066728304,2.048998770553206,1,53,5.7,121.39,213.54,692.34,0.1735,0,0,0,1,3.96,0
-49.26975751737109,-52.161586720595196,5.925747605967383,1,680,123.25,465.92,892.26,57423.99,0.01211,24,11,4,43,87.15,1
-40.50085988643659,-53.94353484357131,2.5763068108490463,6,74,8.25,124.41,217.89,1026.62,0.1641,3,0,0,2,1.18,0
-51.58634666882488,-66.872539107405,2.107746381863848,6,79,10.33,70.36,80.0,727.01,0.0973,1,0,0,2,0.2,0
-63.74514339245859,-58.67272694848765,7.643361813816088,6,401,73.86,284.84,881.58,21038.23,0.00767,31,11,5,35,35.46,1
-56.852308622997114,-48.611546449057556,3.5981482521877473,11,103,10.42,128.43,186.64,1337.89,0.0914,0,0,0,0,4.31,0
-48.64216628581729,-49.46688003137536,3.910762854312204,6,36,5.47,96.4,175.07,527.32,0.1716,1,1,0,1,3.51,0
-57.569751891694104,-58.612822175581144,2.8853159514734914,11,64,6.58,75.89,252.48,499.73,0.1714,1,0,0,2,1.65,0
-72.3090752461942,-50.86302218941727,11.486540963611187,1,516,102.37,128.01,317.39,13103.69,0.00862,37,8,7,37,57.19,1
-51.87724168828859,-47.49879325032209,2.3955889588643267,11,85,8.84,76.98,191.64,680.24,0.1413,0,0,0,1,0.82,0
-53.821600413941844,-44.469049499771664,1.2329115968700244,6,60,8.69,123.59,133.41,1073.71,0.1017,2,0,0,2,4.83,0
-50.74015921373384,-73.27399669380304,5.8562275550740415,6,687,110.83,317.57,496.65,35196.94,0.02,18,14,7,41,58.86,1
-59.37724708986089,-53.968509969801936,4.255489800773045,6,816,96.66,129.47,592.84,12515.2,0.00667,27,12,9,48,59.9,1
-53.18250409427317,-53.36606577511497,2.2377173789839393,1,49,7.99,142.47,275.36,1137.78,0.1149,0,0,0,2,4.06,0
-57.99612327944628,-48.520568457411514,7.95582361399752,11,511,92.61,304.81,468.97,28229.77,0.00353,34,13,8,31,111.27,1
-56.48711141191294,-48.59013214620472,2.8382722238272127,6,44,5.57,96.59,145.46,538.14,0.1774,1,0,0,2,3.29,0
-61.63009586281758,-62.25512430472339,8.60715652220655,6,1131,159.51,412.42,712.45,65784.66,0.00742,21,11,10,30,22.85,1
-42.8333205443992,-48.65129792830208,0.2,6,120,12.85,72.22,114.58,928.04,0.078,0,0,0,4,3.53,0
-49.90202855902005,-58.71808749561796,6.977338569814446,6,430,78.07,419.69,721.53,32765.96,0.0159,21,13,6,43,65.62,1
-53.13248717590407,-60.38103882893011,7.606735853824175,6,692,112.89,339.99,654.63,38380.26,0.00718,19,17,6,22,98.17,1
-62.19772154552258,-61.67732712921294,6.978736481292387,1,623,93.01,344.41,560.51,32032.32,0.00922,25,14,5,53,32.98,1
-62.48240201513197,-58.822569139162034,10.279260683300937,6,733,106.0,525.92,847.84,55748.12,0.0078,22,13,9,44,52.52,1
-65.68730563580675,-49.8885917961387,7.972435484078597,1,1032,117.56,352.66,862.22,41459.33,0.01144,25,8,4,27,72.5,1
-45.119586554767665,-42.92713865126848,3.1710124272110005,1,89,11.86,121.08,171.96,1436.26,0.0849,1,0,0,1,2.77,0
-66.78952662699915,-76.17351182438381,3.028851114153723,11,479,64.94,281.85,701.99,18301.84,0.01424,29,9,7,40,120.12,1
-42.185534996716136,-37.41298147148353,6.574043622554896,6,692,118.14,218.27,491.56,25786.81,0.00335,18,12,8,42,50.29,1
-47.54909663213847,-56.17995947503268,5.300085935914327,1,56,5.84,123.02,188.06,718.63,0.1825,1,0,0,1,2.06,0
-65.2003312739979,-40.147941292926845,4.056894600097433,1,41,4.09,50.48,180.97,206.55,0.2392,0,0,0,3,1.8,0
-54.451049243261636,-64.99255189795853,7.390067306095567,1,1002,123.42,289.42,805.4,35720.5,0.00582,19,15,9,38,72.87,1
-56.01568783600893,-47.24291728889392,3.990441614100524,11,63,9.01,76.16,144.12,686.42,0.0778,2,0,0,0,1.1,0
-52.41914576080153,-54.994199487340246,10.880621887459618,6,1562,158.0,236.8,648.92,37414.21,0.00976,19,8,6,30,108.59,1
-51.759068474288014,-71.74245327623031,5.713589771901074,1,583,93.48,368.57,733.17,34452.4,0.01324,33,12,6,35,53.15,1
-58.70116128183548,-50.01109642252987,6.819269005291413,11,660,79.88,241.3,641.0,19275.16,0.01862,22,10,5,33,41.64,1
-63.365768664402765,-55.43018245906425,7.0207191964207745,6,563,59.71,205.34,267.92,12261.96,0.01612,31,12,2,45,68.16,1
-58.755089073456574,-48.86202803051603,2.823474083492338,1,84,12.81,152.76,203.0,1957.28,0.0939,3,0,0,1,3.58,0
-44.911636316326245,-65.27379079199967,4.338412038400784,1,1046,123.43,607.09,750.11,74930.5,0.00211,36,15,8,42,80.3,1
-51.0437840189111,-50.31276126446257,4.390730176101206,6,46,7.79,100.48,113.12,783.01,0.1497,2,0,0,3,2.85,0
-77.78843098616905,-52.19583092084387,5.616773412395817,11,876,88.1,218.9,557.53,19285.6,0.01114,27,9,5,46,90.06,1
-64.08624676786644,-60.8034519609206,1.100594281717579,1,48,8.16,86.5,144.0,706.14,0.097,1,0,0,0,2.96,0
-57.145099183880575,-53.8624792297408,4.501305655231791,1,462,68.33,169.5,776.04,11581.26,0.00609,19,20,3,48,65.74,1
-49.7426778500178,-53.24289230628168,8.94660898476802,1,605,100.03,458.24,742.79,45839.09,0.0027,27,18,8,43,57.39,1
-48.267235851503656,-53.586062183594024,2.0839148787334714,6,56,7.24,99.58,192.98,720.57,0.1164,1,0,0,5,1.54,0
-61.61135461698049,-60.81914509664281,4.008684907803971,11,35,4.69,87.01,141.98,407.89,0.2274,3,0,0,4,4.53,0
-55.07729877406673,-62.176941861672134,11.038354347489225,1,933,107.52,576.66,973.06,62003.98,0.01583,24,8,7,37,52.11,1
-53.78515340058161,-48.44107677631071,6.946198982301505,1,694,101.16,348.66,700.21,35269.74,0.01841,24,13,10,29,56.13,1
-49.3675128257546,-47.33722924434683,3.7092153926844604,6,50,8.82,148.6,178.73,1310.33,0.1234,0,0,0,3,1.41,0
-53.254161952493895,-44.05157820623649,2.962866822254905,6,73,11.99,155.88,279.87,1868.35,0.0594,0,0,0,1,1.16,0
-56.751190555263065,-46.64817109117802,6.788258479381048,1,655,68.05,485.13,935.94,33014.99,0.01429,30,9,3,33,66.04,1
-54.03046041756076,-48.992750037314714,4.142848168853183,6,90,10.13,81.79,191.36,828.87,0.1122,2,0,0,5,1.42,0
-66.04961919312271,-72.60363735058472,7.4674715561695635,6,311,57.88,167.8,448.68,9711.81,0.00819,16,13,12,37,39.48,1
-43.56844713875691,-55.188741413840766,2.309777081676901,11,22,4.04,146.99,198.16,593.61,0.2713,4,0,0,1,1.36,0
-53.97410137354647,-55.38324805931475,1.4053036129691285,11,48,7.14,116.95,185.04,835.17,0.1444,0,0,0,1,3.77,0
-53.94667405091536,-58.593547393543254,2.4424453375340813,6,62,6.63,61.22,80.0,405.68,0.1637,3,1,0,1,3.18,0
-44.07241551306079,-57.44480411709633,5.106854335613426,1,882,113.94,181.97,250.0,20733.22,0.00763,25,11,7,43,41.34,1
-47.867755989095265,-48.81048408554351,3.8823274458964647,1,58,9.91,104.15,165.09,1032.21,0.1041,2,0,0,1,4.96,0
-56.8950464240397,-56.922839293436816,9.812898653703833,1,530,78.68,428.97,770.83,33753.65,0.00965,29,12,11,61,70.94,1
-41.15892109075997,-57.3845243246286,2.1245998360247667,1,38,4.25,144.24,208.18,612.9,0.2521,2,0,0,0,2.33,0
-70.28537058823534,-49.56855945216141,3.089350501638341,6,108,11.96,85.53,205.61,1022.63,0.0848,1,0,0,0,4.74,0
-61.11275926554768,-53.50469520506664,2.5010471860825367,6,75,7.69,111.28,227.35,855.71,0.1207,1,0,0,0,0.2,0
-48.58406040436789,-58.10793234260609,1.1377505201325404,11,75,8.94,102.24,247.18,913.61,0.1362,2,0,0,4,3.45,0
-50.19393912380376,-72.78185983624682,3.8266634701082407,11,451,82.01,352.25,892.83,28887.23,0.00975,18,14,5,38,75.27,1
-47.10388569788839,-60.64015554569298,7.481812894842634,1,818,92.14,371.86,843.84,34261.85,0.00939,17,11,3,29,63.44,1
-41.43896263674195,-51.550112692060985,3.9778363000082733,1,68,8.16,110.33,194.89,899.9,0.1252,2,0,0,0,3.18,0
-54.70827585455877,-50.09553730720347,1.9101130593022002,11,75,8.07,189.04,254.31,1525.58,0.1023,1,0,0,1,5.44,0
-57.92271495324132,-39.60985445379487,1.835661820427004,11,74,8.48,79.26,124.14,672.21,0.1033,1,0,0,0,3.25,0
-57.12405553034,-45.56479981173883,2.544187834959586,1,76,8.93,120.99,238.22,1080.97,0.1115,0,0,0,1,5.72,0
-54.586335972488655,-66.27436139006875,2.062638367002404,11,530,69.01,277.36,714.45,19140.71,0.00668,32,13,9,45,80.79,1
-56.75151721689525,-49.88548372593976,3.5824214516169484,6,72,9.06,176.32,212.75,1597.13,0.1113,2,0,0,1,0.2,0
-78.63870484279681,-61.059820071140706,6.855864919553971,6,620,73.16,426.4,734.87,31193.64,0.00961,18,14,4,37,70.4,1
-43.85552929985468,-54.9391132515349,1.6686343012026947,11,94,12.22,95.2,208.36,1163.55,0.0606,1,0,0,3,3.76,0
-48.173330771684604,-54.15164412123178,1.863430672620165,6,42,5.82,77.0,191.69,448.45,0.1701,4,0,0,2,1.54,0
-49.44189139189747,-60.3179626011669,5.757485728869476,1,461,73.45,379.12,497.97,27848.27,0.0099,22,12,5,42,76.58,1
-59.50760500857484,-39.251842787799525,7.919042777094983,1,192,31.65,306.86,601.86,9713.27,0.04108,17,11,11,35,63.62,1
-79.23483350755977,-66.85872768421349,4.247593862292945,6,356,64.71,332.59,449.57,21522.71,0.01319,28,13,4,30,72.96,1
-57.18713005845226,-57.61439919510611,1.1749403671746463,11,28,4.91,112.72,218.75,553.2,0.199,0,1,0,1,0.71,0
-70.6152618087819,-49.56827230059562,8.321366589726795,1,900,92.14,453.77,866.96,41811.94,0.01634,21,14,12,45,59.25,1
-58.840723617923,-40.491013632227386,1.9618297834515954,1,11,1.71,108.73,170.56,185.67,0.5586,0,0,0,2,4.48,0
-49.50119672913769,-65.45866663887001,4.117826199287869,11,586,90.31,322.65,1001.81,29138.03,0.00879,22,13,6,37,28.34,1
-49.46730938776512,-48.15818579400558,3.714721474497781,1,71,8.95,163.47,229.19,1462.74,0.1037,3,0,0,0,2.24,0
-63.148213274810615,-56.966229597084535,5.576033968876915,11,1051,130.88,436.99,1143.05,57193.43,0.01067,25,9,9,41,57.86,1
-58.57266308649841,-64.8409128758398,5.659146379394386,1,815,90.02,214.83,356.93,19339.91,0.01277,27,3,11,37,78.01,1
-45.284466525462136,-51.400497991425624,7.104056940597978,11,1071,108.7,332.13,730.14,36101.81,0.01056,17,13,6,34,94.29,1
-44.3589146643577,-52.04635768663409,2.198319223869154,1,89,9.85,170.26,303.76,1676.74,0.0955,0,0,0,1,2.59,0
-58.554248925317054,-63.07527324776095,3.5823430544352473,11,49,8.61,40.0,120.63,344.34,0.1466,1,0,0,4,4.78,0
-48.827845485908256,-56.094969607869224,5.709104746941057,6,655,71.84,230.07,615.01,16528.18,0.01839,32,13,7,45,59.24,1
-46.692850479402786,-55.322590923016975,0.2,6,45,6.83,91.7,152.11,626.1,0.1724,2,0,0,1,3.29,0
-50.72327549693287,-47.027731563226155,1.2643759006713164,1,45,5.98,85.47,163.29,511.49,0.1635,1,0,0,1,5.09,0
-60.06697779632657,-58.207961146947035,7.329733646286343,1,569,61.47,342.18,741.19,21032.58,0.02115,17,7,7,43,75.53,1
-56.174601673457445,-49.104187003265345,3.7354785974641467,6,56,10.59,201.79,309.12,2136.11,0.0891,1,0,0,1,2.81,0
-51.775678583944554,-65.21744192038658,7.726492696159246,11,516,67.37,182.09,543.13,12267.68,0.01527,26,12,5,50,60.56,1
-44.14228295663012,-49.92440721201516,8.67130897385715,6,267,30.0,261.98,440.52,7859.47,0.02632,20,6,10,31,81.57,1
-36.05254984646178,-53.816292813145495,1.5143321847395281,11,890,90.46,239.51,683.06,21665.34,0.00463,24,14,5,51,87.16,1
-57.96885180244374,-52.67174100538988,2.46687394063799,6,69,7.72,154.32,210.89,1190.93,0.1151,2,0,0,2,1.69,0
-57.05611316728771,-63.958412114015985,7.424325231234205,1,579,61.39,304.14,644.56,18671.42,0.00773,28,9,4,35,61.99,1
-55.9574191381466,-64.42999662978846,5.448536009527304,1,1052,123.99,232.74,575.75,28857.47,0.00101,22,13,5,43,64.31,1
-45.22228085340094,-57.266536393171464,3.3833516377587918,6,74,9.55,117.7,169.22,1123.59,0.109,3,0,0,2,3.8,0
-60.67224848979144,-44.86466110639935,9.742842637724081,11,603,100.4,334.44,621.41,33579.1,0.01251,25,15,9,32,87.32,1
-56.616483873212886,-50.76786590649125,2.2549324284066348,11,32,6.02,102.27,195.78,615.26,0.1778,2,0,0,2,0.2,0
-49.24612046975088,-59.94423938638047,7.549377463188053,6,851,108.11,349.85,657.23,37820.99,0.00657,23,8,6,40,50.41,1
-41.51732903772867,-60.062433882682754,7.404210177579226,11,444,84.41,408.1,750.32,34447.46,0.00277,26,15,7,35,57.27,1
-62.708056054436966,-61.16651280321636,7.4712321081414625,1,982,106.81,373.37,658.44,39880.42,0.01294,19,14,7,33,48.02,1
-42.03833395341866,-42.488432714888276,1.7137138783475172,1,59,9.85,81.72,91.47,804.59,0.0836,3,0,0,3,4.05,0
-48.57530756478287,-66.4444989505538,9.77576954605093,1,349,45.87,340.77,627.02,15632.52,0.02311,29,16,7,33,24.88,1
-62.24865244589373,-49.33802927001962,5.451589020909143,6,325,49.25,209.09,530.58,10296.87,0.01407,16,13,7,38,50.34,1
-49.601469605636375,-42.088048975339966,3.1159499371480743,1,65,9.99,162.58,285.1,1623.56,0.1156,2,0,0,1,3.39,0
-65.85945387440795,-56.38389006354582,7.599251933914189,6,785,92.87,201.87,759.03,18748.73,0.01119,30,13,4,55,85.96,1
-60.792383550076266,-57.85831124659755,2.961553917961279,11,67,8.15,118.19,166.9,963.62,0.1069,2,0,0,2,3.59,0
-48.34237518411989,-76.05761325297988,5.321991424493591,1,358,66.38,354.02,701.14,23498.57,0.02143,26,13,8,36,29.0,1
-61.53435581596857,-55.5575552219224,2.2698638068883623,1,84,12.95,136.19,274.84,1764.06,0.0791,0,0,0,1,2.45,0
-63.61296307423408,-45.89913218940556,8.75083836206107,1,1274,141.64,304.34,819.84,43106.24,0.01052,28,13,7,44,36.47,1
-49.9272958726371,-58.367153136012526,0.6329398191050353,1,30,4.88,111.09,250.61,541.61,0.1756,1,0,0,2,3.58,0
-55.7340121340779,-57.33518129851997,6.979534653375131,11,838,85.87,550.84,574.32,47302.89,0.01242,26,8,6,38,60.81,1
-65.649739518651,-65.3501206589166,5.391752663688371,6,597,103.89,240.4,703.54,24975.43,0.00667,34,13,16,38,45.0,1
-64.90734647757434,-64.3451875154736,7.754411296345347,1,641,125.03,407.35,838.07,50930.41,0.00644,30,12,10,42,72.45,1
-51.45500293012887,-42.98730911203232,2.364886969093371,1,53,9.3,107.39,165.9,998.5,0.1003,1,0,0,1,2.54,0
-61.163665366715904,-54.678190930170615,0.7610127728000893,1,74,9.86,69.79,122.3,687.95,0.1056,1,0,0,0,1.15,0
-55.062801800204035,-73.70912196535404,6.7260797263886625,6,457,65.36,459.06,609.31,30005.03,0.01804,27,17,8,42,77.87,1
-45.700002348991866,-45.672797820747505,3.1606729130022506,6,84,9.55,87.66,149.5,837.07,0.1009,4,0,0,1,4.82,0
-61.20856314543702,-47.392081729269314,2.9148737123683537,6,596,102.61,209.89,716.83,21537.29,0.00862,30,12,11,41,69.33,1
-41.491348953209524,-50.0898446405516,0.791912294586675,11,49,5.96,40.0,153.07,238.29,0.1638,1,0,0,3,2.25,0
-46.59451965853246,-57.42453499689448,3.4038256886095177,11,49,7.92,92.42,128.72,732.18,0.1178,3,0,0,2,3.86,0
-52.20259212620335,-57.962109519055986,2.7042209256216356,11,69,7.97,65.43,122.09,521.38,0.0887,0,0,0,2,3.37,0
-61.64141852791414,-67.61240957125163,3.663427617854198,11,238,31.58,441.82,803.41,13953.0,0.03423,23,3,7,31,74.79,1
-66.0196961696808,-48.57979482349586,2.45866271903609,6,94,12.11,112.69,137.7,1364.83,0.0852,0,0,0,0,4.79,0
-42.341173691719284,-53.448216728208195,1.020867445858238,11,22,3.87,112.03,191.64,433.09,0.2674,2,0,1,0,3.86,0
-63.31954648526391,-54.007498325550145,4.969305158308715,11,672,90.1,390.27,759.52,35163.09,0.01527,22,10,10,40,78.8,1
-59.868472447403654,-63.712010229990995,4.666310002228672,11,1206,128.69,439.47,712.73,56556.18,0.00905,33,7,8,49,92.22,1
-67.7085992581901,-61.90974938610636,8.85935785022145,1,1211,166.07,256.56,849.78,42606.06,0.0016,32,14,3,37,66.62,1
-59.47322478200857,-52.842207073227414,6.135560857624029,1,602,66.87,288.94,755.37,19322.04,0.01495,28,13,8,37,48.2,1
-46.74703511917496,-56.51874636274575,1.101608089309998,6,106,13.05,96.34,154.9,1256.74,0.0603,2,0,0,0,5.81,0
-64.51101175020081,-48.11281829319222,8.555504905973951,1,617,73.1,325.19,449.91,23771.52,0.0136,27,10,8,44,56.37,1
-47.321076202997936,-62.55945323173867,2.3582208537996032,1,50,6.83,73.4,120.58,501.39,0.1268,6,0,0,0,2.2,0
-55.69801256334282,-49.31679665900182,3.922758919794457,1,504,71.57,193.26,746.63,13831.17,0.01606,23,10,8,37,95.79,1
-64.27211164760868,-45.32262810198449,7.655394740471859,1,328,37.65,279.35,587.89,10518.61,0.02343,25,12,2,44,80.52,1
-48.98261855180244,-53.23959556340498,2.617912669666031,6,79,8.34,104.13,147.11,868.85,0.1383,1,0,0,0,0.27,0
-51.86706169351924,-59.8939813316466,3.9393357712113763,1,124,12.53,132.42,165.65,1659.69,0.0817,0,0,0,2,4.91,0
-52.55115054567565,-62.690394994606606,4.337745630786756,6,55,9.85,183.75,204.23,1810.75,0.0749,1,0,0,0,1.48,0
-42.46279229199851,-54.45679331507421,3.1727293784977455,6,48,7.12,117.15,171.51,834.17,0.1767,1,0,0,2,4.02,0
-70.57434449357696,-55.255808743573986,5.906786036188985,11,585,67.17,287.17,544.89,19288.22,0.0153,14,6,6,50,20.27,1
-66.86836984556078,-45.160176489657744,6.198603799257764,1,391,69.95,472.13,1002.38,33024.51,0.01576,26,14,4,32,69.3,1
-64.35231236668989,-50.07824989595665,3.739706907069124,11,115,11.68,85.32,135.87,996.43,0.1295,2,0,0,4,3.49,0
-44.879758566658566,-63.97544551671876,2.5188250965810473,11,48,5.32,112.7,164.93,599.29,0.193,2,0,0,0,3.69,0
-51.47656247605142,-57.95996276034812,1.6426542474458254,1,60,8.77,143.01,215.96,1254.63,0.132,2,0,0,2,4.33,0
-60.50267829115993,-55.00977133823142,2.489136253301804,11,49,5.05,157.1,221.1,793.97,0.167,1,0,0,0,2.75,0
